date,y,hd_yt_lastday,hd_ytdays_7,hd_ytdays_3,fold,prob,call
2012-01-01,0,0,0,0,2012,0.04892636274138982,0
2012-01-02,0,0,0,0,2012,0.04891450625017165,0
2012-01-03,0,0,0,0,2012,0.048905301848926004,0
2012-01-04,0,0,0,0,2012,0.04889868512291864,0
2012-01-05,0,0,0,0,2012,0.048903947332516635,0
2012-01-06,0,0,0,0,2012,0.04891217714708266,0
2012-01-07,0,0,0,0,2012,0.04892334280072072,0
2012-01-08,0,0,0,0,2012,0.049106286334121514,0
2012-01-09,0,0,0,0,2012,0.04911832118727533,0
2012-01-10,0,0,0,0,2012,0.04914312555863048,0
2012-01-11,0,0,0,0,2012,0.04916081770794342,0
2012-01-12,0,0,0,0,2012,0.04937036895301147,0
2012-01-13,0,0,0,0,2012,0.049398649130497393,0
2012-01-14,0,0,0,0,2012,0.04942964944251031,0
2012-01-15,0,0,0,0,2012,0.0494633344688146,0
2012-01-16,0,0,0,0,2012,0.049499668313800635,0
2012-01-17,0,0,0,0,2012,0.04953861459629741,0
2012-01-18,0,0,0,0,2012,0.04958013643941759,0
2012-01-19,0,0,0,0,2012,0.04962419646045694,0
2012-01-20,0,0,0,0,2012,0.04967075676086978,0
2012-01-21,0,0,0,0,2012,0.04971977891634259,0
2012-01-22,0,0,0,0,2012,0.049771223966988264,0
2012-01-24,0,0,0,0,2012,0.04809971940121506,0
2012-01-25,0,0,0,0,2012,0.04815621131608364,0
2012-01-26,0,0,0,0,2012,0.04821488832726211,0
2012-01-27,0,0,0,0,2012,0.04827571010170255,0
2012-01-28,0,0,0,0,2012,0.048338635736103835,0
2012-01-29,0,0,0,0,2012,0.0484036237487976,0
2012-01-30,0,0,0,0,2012,0.04847063207193047,0
2012-01-31,0,0,0,0,2012,0.04853961804396699,0
2012-02-01,0,0,0,0,2012,0.04861053840253609,0
2012-02-02,0,0,0,0,2012,0.04868334927764463,0
2012-02-03,0,0,0,0,2012,0.048758006185281616,0
2012-02-04,1,0,0,0,2012,0.04883446402143677,0
2012-02-05,1,1,1,1,2012,0.164546508063826,0
2012-02-06,0,1,2,2,2012,0.2444144706382717,0
2012-02-07,0,0,2,2,2012,0.08601539456613938,0
2012-02-08,0,0,2,1,2012,0.0763123264112852,0
2012-02-09,0,0,2,0,2012,0.07209544596349637,0
2012-02-10,0,0,2,0,2012,0.07221872818646903,0
2012-02-11,0,0,2,0,2012,0.07234409650188754,0
2012-02-12,0,0,1,0,2012,0.06508624461199515,0
2012-02-13,0,0,0,0,2012,0.058512022136385934,0
2012-02-14,0,0,0,0,2012,0.05861936221886693,0
2012-02-16,0,0,0,0,2012,0.058838395965115524,0
2012-02-17,0,0,0,0,2012,0.05894996509758881,0
2012-02-18,0,0,0,0,2012,0.05906281813156673,0
2012-02-19,0,0,0,0,2012,0.05917689093099934,0
2012-02-20,0,0,0,0,2012,0.05929211861938379,0
2012-02-21,0,0,0,0,2012,0.059408435585445826,0
2012-02-22,0,0,0,0,2012,0.05952577548975055,0
2012-02-23,0,0,0,0,2012,0.05964407127226117,0
2012-02-24,0,0,0,0,2012,0.0597632551608652,0
2012-02-25,0,0,0,0,2012,0.05988325868088466,0
2012-02-26,0,0,0,0,2012,0.06000401266558795,0
2012-02-27,0,0,0,0,2012,0.060125447267718186,0
2012-02-28,0,0,0,0,2012,0.060247491972053216,0
2012-02-29,0,0,0,0,2012,0.06037007560901015,0
2012-03-01,0,0,0,0,2012,0.06049312636930691,0
2012-03-02,0,0,0,0,2012,0.060616571819691864,0
2012-03-03,0,0,0,0,2012,0.06074033891975097,0
2012-03-04,0,0,0,0,2012,0.06086435403980108,0
2012-03-05,0,0,0,0,2012,0.060988542979876124,0
2012-03-06,0,0,0,0,2012,0.05895508066890611,0
2012-03-07,0,0,0,0,2012,0.056985103892627925,0
2012-03-08,0,0,0,0,2012,0.057101260452389425,0
2012-03-09,0,0,0,0,2012,0.05721729924402673,0
2012-03-10,0,0,0,0,2012,0.0570788038909743,0
2012-03-11,0,0,0,0,2012,0.05719390986814959,0
2012-03-12,0,0,0,0,2012,0.05730868318591942,0
2012-03-13,0,0,0,0,2012,0.05742305125770458,0
2012-03-14,0,0,0,0,2012,0.05753694116574273,0
2012-03-15,0,0,0,0,2012,0.05765027968901259,0
2012-03-16,0,0,0,0,2012,0.05777127356250249,0
2012-03-17,0,0,0,0,2012,0.057891081514778654,0
2012-03-20,0,0,0,0,2012,0.058243063331526485,0
2012-03-21,0,0,0,0,2012,0.05835777718597875,0
2012-03-22,0,0,0,0,2012,0.05847110831430531,0
2012-03-23,0,0,0,0,2012,0.05858300642544849,0
2012-03-24,0,0,0,0,2012,0.05869341870711786,0
2012-03-25,0,0,0,0,2012,0.0588022901767279,0
2012-03-26,0,0,0,0,2012,0.058909563987338695,0
2012-03-27,0,0,0,0,2012,0.05901518169619422,0
2012-03-28,0,0,0,0,2012,0.059119083502035395,0
2012-03-29,0,0,0,0,2012,0.059221208456235894,0
2012-03-30,0,0,0,0,2012,0.059321494651905476,0
2012-03-31,0,0,0,0,2012,0.05941987939437782,0
2012-04-01,0,0,0,0,2012,0.05951629935591114,0
2012-04-02,0,0,0,0,2012,0.05944567959049856,0
2012-04-03,0,0,0,0,2012,0.0595411070209113,0
2012-04-04,0,0,0,0,2012,0.05963425766550181,0
2012-04-05,0,0,0,0,2012,0.05956947855468094,0
2012-04-06,0,0,0,0,2012,0.059651702032370704,0
2012-04-07,0,0,0,0,2012,0.05974068081532904,0
2012-04-08,0,0,0,0,2012,0.05967706922294138,0
2012-04-09,0,0,0,0,2012,0.05961628730030483,0
2012-04-10,0,0,0,0,2012,0.05970222390716452,0
2012-04-11,0,0,0,0,2012,0.05950182790502772,0
2012-04-12,0,0,0,0,2012,0.059447512755735774,0
2012-04-13,1,0,0,0,2012,0.059512004503395645,0
2012-04-14,0,1,1,1,2012,0.23774253735571832,0
2012-04-15,1,0,1,1,2012,0.08929815438822307,0
2012-04-16,1,1,2,2,2012,0.3458605155523503,0
2012-04-17,0,1,3,2,2012,0.34775002733212274,0
2012-04-18,0,0,3,2,2012,0.14544247947204186,0
2012-04-19,1,0,3,1,2012,0.12961241580023095,0
2012-04-20,1,1,4,1,2012,0.39067916897516036,1
2012-04-21,0,1,4,2,2012,0.3701481011995697,1
2012-04-22,0,0,4,2,2012,0.17128873798694164,0
2012-04-23,0,0,3,1,2012,0.1387462330043324,0
2012-04-24,0,0,2,0,2012,0.11880439140002583,0
2012-04-25,0,0,2,0,2012,0.11885710587840903,0
2012-04-26,0,0,2,0,2012,0.11890357739625437,0
2012-04-27,0,0,1,0,2012,0.09121926597303494,0
2012-04-28,0,0,0,0,2012,0.09640994699351847,0
2012-04-29,0,0,0,0,2012,0.0962238302074394,0
2012-04-30,0,0,0,0,2012,0.09624094482769657,0
2012-05-01,0,0,0,0,2012,0.09604414480871994,0
2012-05-02,1,0,0,0,2012,0.0957633459329439,0
2012-05-03,0,1,1,1,2012,0.2632025244016074,0
2012-05-04,0,0,1,1,2012,0.12617369668280612,0
2012-05-05,0,0,1,1,2012,0.11876548348958785,0
2012-05-06,0,0,1,0,2012,0.11262246401375155,0
2012-05-07,0,0,1,0,2012,0.11259626509168841,0
2012-05-08,1,0,1,0,2012,0.11256327292076197,0
2012-05-09,1,1,2,1,2012,0.29290728205652206,0
2012-05-10,0,1,2,2,2012,0.33994101839680096,0
2012-05-11,0,0,2,2,2012,0.15929873111489826,0
2012-05-12,0,0,2,1,2012,0.14261986299442173,0
2012-05-13,0,0,2,0,2012,0.13526471593659606,0
2012-05-14,0,0,2,0,2012,0.13085937195149216,0
2012-05-15,0,0,2,0,2012,0.13076599498304606,0
2012-05-16,0,0,1,0,2012,0.11417891240302988,0
2012-05-17,0,0,0,0,2012,0.09944861166570607,0
2012-05-18,0,0,0,0,2012,0.09935565488864502,0
2012-05-19,0,0,0,0,2012,0.09946724955259446,0
2012-05-20,1,0,0,0,2012,0.09599102254182253,0
2012-05-21,1,1,1,1,2012,0.24595408371734478,0
2012-05-22,0,1,2,2,2012,0.3157847799184334,0
2012-05-23,0,0,2,2,2012,0.14735782498552474,0
2012-05-24,0,0,2,1,2012,0.13135953169496997,0
2012-05-25,0,0,2,0,2012,0.12414415776120646,0
2012-05-26,0,0,2,0,2012,0.10561787810731522,0
2012-05-27,1,0,2,0,2012,0.10523455530520025,0
2012-05-28,0,1,2,1,2012,0.3307591743390258,0
2012-05-29,0,0,1,1,2012,0.13042726740595822,0
2012-05-30,0,0,1,1,2012,0.12261010293817635,0
2012-05-31,0,0,1,0,2012,0.11576496255756773,0
2012-06-01,0,0,1,0,2012,0.115551793540828,0
2012-06-02,0,0,1,0,2012,0.11156691032020415,0
2012-06-03,0,0,1,0,2012,0.11134550374038622,0
2012-06-04,0,0,0,0,2012,0.10021909613845997,0
2012-06-05,0,0,0,0,2012,0.09979548492376195,0
2012-06-06,0,0,0,0,2012,0.09957444488736444,0
2012-06-07,1,0,0,0,2012,0.09921660911692955,0
2012-06-08,0,1,1,1,2012,0.25623872642777756,0
2012-06-09,0,0,1,1,2012,0.12183018638882867,0
2012-06-10,1,0,1,1,2012,0.11437615751665771,0
2012-06-11,1,1,2,1,2012,0.2725164611733804,0
2012-06-12,0,1,3,2,2012,0.349002713087,0
2012-06-13,0,0,3,2,2012,0.16696756837392152,0
2012-06-14,1,0,3,1,2012,0.1277580275719995,0
2012-06-15,1,1,3,1,2012,0.35722855572234313,1
2012-06-16,1,1,4,2,2012,0.44563883529961845,1
2012-06-17,0,1,5,3,2012,0.44604614957893135,1
2012-06-18,0,0,4,2,2012,0.1738895213286459,0
2012-06-19,0,0,3,1,2012,0.14073662722319522,0
2012-06-20,0,0,3,0,2012,0.15016559999764667,0
2012-06-21,0,0,3,0,2012,0.14518945173153172,0
2012-06-22,0,0,2,0,2012,0.11222853486497394,0
2012-06-23,0,0,1,0,2012,0.1008959440516315,0
2012-06-24,1,0,0,0,2012,0.10662655258696595,0
2012-06-25,0,1,1,1,2012,0.28441808394276347,0
2012-06-26,1,0,1,1,2012,0.13852035012730937,0
2012-06-27,1,1,2,2,2012,0.40523379612937077,1
2012-06-28,1,1,3,2,2012,0.4249557919303299,1
2012-06-29,0,1,4,3,2012,0.42495647138084536,1
2012-06-30,1,0,4,2,2012,0.20674872352857973,0
2012-07-01,1,1,5,2,2012,0.44282005161956584,1
2012-07-02,1,1,5,2,2012,0.46789731143405355,1
2012-07-03,1,1,6,3,2012,0.6076446140608378,1
2012-07-04,0,1,6,3,2012,0.5229058735901466,1
2012-07-05,1,0,5,2,2012,0.2538833340891859,0
2012-07-06,1,1,5,2,2012,0.4768387178993717,1
2012-07-07,0,1,6,2,2012,0.5659728012967221,1
2012-07-08,1,0,5,2,2012,0.26022779296898585,0
2012-07-09,1,1,5,2,2012,0.5646361396636794,1
2012-07-10,1,1,5,2,2012,0.502402506131296,1
2012-07-11,1,1,5,3,2012,0.5675632967973904,1
2012-07-12,1,1,6,3,2012,0.6165119220680567,1
2012-07-13,0,1,6,3,2012,0.5854292602471934,1
2012-07-14,0,0,5,2,2012,0.2796260968605042,0
2012-07-15,1,0,5,1,2012,0.2456886446124937,0
2012-07-16,1,1,5,1,2012,0.5472473811202598,1
2012-07-17,1,1,5,2,2012,0.5711079681281267,1
2012-07-18,1,1,5,3,2012,0.6167809922615879,1
2012-07-19,1,1,5,3,2012,0.5828299859445224,1
2012-07-20,1,1,5,3,2012,0.6203434198319816,1
2012-07-21,0,1,6,3,2012,0.6712451778885101,1
2012-07-22,1,0,6,2,2012,0.3237779097512623,0
2012-07-23,0,1,6,2,2012,0.5890982118923508,1
2012-07-24,1,0,5,1,2012,0.29291038140899217,0
2012-07-25,0,1,5,2,2012,0.5129141426690291,1
2012-07-26,1,0,4,1,2012,0.26822982803435624,0
2012-07-27,1,1,4,2,2012,0.4742387669228092,1
2012-07-28,1,1,4,2,2012,0.5687918060333323,1
2012-07-29,1,1,5,3,2012,0.5530773217191922,1
2012-07-30,1,1,5,3,2012,0.5885877224940979,1
2012-07-31,1,1,6,3,2012,0.6604521867514455,1
2012-08-01,1,1,6,3,2012,0.6859962024774096,1
2012-08-02,1,1,7,3,2012,0.6870925526494951,1
2012-08-03,1,1,7,3,2012,0.6400962570664209,1
2012-08-04,1,1,7,3,2012,0.6624685046991486,1
2012-08-05,0,1,7,3,2012,0.6090172563565781,1
2012-08-06,0,0,6,2,2012,0.3300632493569308,0
2012-08-07,0,0,5,1,2012,0.2765701772066356,0
2012-08-08,0,0,4,0,2012,0.23422073202866867,0
2012-08-09,0,0,3,0,2012,0.20639012833787485,0
2012-08-10,1,0,2,0,2012,0.181418590419319,0
2012-08-11,0,1,2,1,2012,0.3783167146879302,1
2012-08-12,0,0,1,1,2012,0.17833780811573618,0
2012-08-13,1,0,1,1,2012,0.16790280632789248,0
2012-08-14,1,1,2,1,2012,0.37394102043028143,1
2012-08-15,1,1,3,2,2012,0.44974209166923335,1
2012-08-16,1,1,4,3,2012,0.5190260396621456,1
2012-08-17,1,1,5,3,2012,0.554621225998693,1
2012-08-18,1,1,5,3,2012,0.5184561724959625,1
2012-08-19,1,1,6,3,2012,0.5930596516917738,1
2012-08-20,1,1,7,3,2012,0.6062916833082942,1
2012-08-21,0,1,7,3,2012,0.6886543537451454,1
2012-08-22,1,0,6,2,2012,0.29032368484391746,0
2012-08-23,0,1,6,2,2012,0.5625252821265602,1
2012-08-24,1,0,5,1,2012,0.2532943053666047,0
2012-08-25,1,1,5,2,2012,0.5395638779210078,1
2012-08-26,1,1,5,2,2012,0.5384725058068529,1
2012-08-27,1,1,5,3,2012,0.5985789978415044,1
2012-08-28,1,1,5,3,2012,0.5289595831824028,1
2012-08-29,1,1,6,3,2012,0.6461845966252484,1
2012-08-30,0,1,6,3,2012,0.6095529481379988,1
2012-08-31,1,0,6,2,2012,0.2818162349355449,0
2012-09-01,1,1,6,2,2012,0.5110512271506149,1
2012-09-02,1,1,6,2,2012,0.5659522982295869,1
2012-09-03,1,1,6,3,2012,0.5282766221248424,1
2012-09-04,1,1,6,3,2012,0.6040044937596134,1
2012-09-05,0,0,5,2,2012,0.25528589405166235,0
2012-09-06,0,0,5,2,2012,0.26177354515912254,0
2012-09-07,0,0,5,1,2012,0.2358752005922199,0
2012-09-08,1,0,4,0,2012,0.20413199933074572,0
2012-09-09,0,1,4,1,2012,0.5172675674862736,1
2012-09-10,1,0,3,1,2012,0.20577215378751923,0
2012-09-11,0,1,3,2,2012,0.42967453919423226,1
2012-09-12,1,0,2,1,2012,0.19244708647497455,0
2012-09-13,1,1,3,2,2012,0.4309215636760565,1
2012-09-14,1,1,4,2,2012,0.5604466849443822,1
2012-09-15,0,1,5,3,2012,0.556710685634141,1
2012-09-16,1,0,4,2,2012,0.2318474672895282,0
2012-09-17,0,1,5,2,2012,0.45024020590198416,1
2012-09-18,0,0,4,1,2012,0.2132259760133518,0
2012-09-19,0,0,4,1,2012,0.1951592085600849,0
2012-09-20,0,0,3,0,2012,0.16244779751335373,0
2012-09-21,0,0,2,0,2012,0.14654634193828403,0
2012-09-22,1,0,1,0,2012,0.12789420989895722,0
2012-09-23,1,1,2,1,2012,0.43247981831693955,1
2012-09-24,1,1,2,2,2012,0.36758073659767815,1
2012-09-25,1,1,3,3,2012,0.5207687289542051,1
2012-09-26,1,1,4,3,2012,0.5006947805940808,1
2012-09-27,1,1,5,3,2012,0.6016121585844084,1
2012-09-28,1,1,6,3,2012,0.5619847059549975,1
2012-09-29,0,1,7,3,2012,0.5219351318874952,1
2012-09-30,0,0,6,2,2012,0.24287146275792448,0
2012-10-01,0,0,5,1,2012,0.1936420754970337,0
2012-10-02,0,0,4,0,2012,0.16118273653660017,0
2012-10-03,1,0,3,0,2012,0.14074161953400835,0
2012-10-04,1,1,3,1,2012,0.41906345773076265,1
2012-10-05,1,1,3,2,2012,0.44083523418855997,1
2012-10-06,1,1,3,3,2012,0.5117315250884132,1
2012-10-07,1,1,4,3,2012,0.4593305305602156,1
2012-10-08,1,1,5,3,2012,0.5183523257883921,1
2012-10-09,0,1,6,3,2012,0.6031083637052325,1
2012-10-10,0,0,6,2,2012,0.23654311666921043,0
2012-10-11,0,0,5,1,2012,0.18834088631010687,0
2012-10-12,0,0,4,0,2012,0.16177262581627627,0
2012-10-13,0,0,3,0,2012,0.14132223826191087,0
2012-10-14,1,0,2,0,2012,0.1230828092232643,0
2012-10-15,1,1,2,1,2012,0.29680582738208816,0
2012-10-16,1,1,2,2,2012,0.39995502096356894,1
2012-10-17,0,1,3,3,2012,0.4283443645734988,1
2012-10-18,1,0,3,2,2012,0.16572886837970457,0
2012-10-19,1,1,4,2,2012,0.43467450868807095,1
2012-10-20,1,1,5,2,2012,0.5017520220864508,1
2012-10-21,1,1,6,3,2012,0.568399560242756,1
2012-10-22,1,1,6,3,2012,0.5104898145468273,1
2012-10-23,0,1,6,3,2012,0.5277008160514964,1
2012-10-24,1,0,5,2,2012,0.2161451347593632,0
2012-10-25,0,1,6,2,2012,0.4533583226530161,1
2012-10-26,1,0,5,1,2012,0.17169628050937827,0
2012-10-27,1,1,5,2,2012,0.39438607842271667,1
2012-10-28,0,1,5,2,2012,0.4718872075963917,1
2012-10-29,0,0,4,2,2012,0.18345220630239817,0
2012-10-30,0,0,3,1,2012,0.1489356907212747,0
2012-10-31,0,0,3,0,2012,0.14083142901203305,0
2012-11-01,1,0,2,0,2012,0.1269362616913191,0
2012-11-02,0,1,3,1,2012,0.3389839669459175,0
2012-11-03,0,0,2,1,2012,0.1425891507421658,0
2012-11-04,0,0,1,1,2012,0.11704261441549689,0
2012-11-05,0,0,1,0,2012,0.10632938134219827,0
2012-11-06,0,0,1,0,2012,0.10236521947133329,0
2012-11-07,0,0,1,0,2012,0.09874827077555798,0
2012-11-08,0,0,1,0,2012,0.09504504427279879,0
2012-11-09,0,0,0,0,2012,0.07232741915250418,0
2012-11-10,0,0,0,0,2012,0.07206599790880738,0
2012-11-11,0,0,0,0,2012,0.07181013866472162,0
2012-11-12,1,0,0,0,2012,0.07155982436073482,0
2012-11-13,0,1,1,1,2012,0.209627220451171,0
2012-11-14,0,0,1,1,2012,0.09126634257883198,0
2012-11-15,0,0,1,1,2012,0.08249798265372014,0
2012-11-16,0,0,1,0,2012,0.07489591940658367,0
2012-11-17,0,0,1,0,2012,0.07466062064972945,0
2012-11-18,0,0,1,0,2012,0.0718390417646036,0
2012-11-19,0,0,1,0,2012,0.08153175885612834,0
2012-11-20,0,0,0,0,2012,0.059686622400290455,0
2012-11-21,1,0,0,0,2012,0.05740782929149993,0
2012-11-23,1,1,1,1,2012,0.09226769551283566,0
2012-11-24,0,1,2,2,2012,0.18294909189778383,0
2012-11-25,0,0,2,1,2012,0.08146026299394081,0
2012-11-26,0,0,2,1,2012,0.07361327300165121,0
2012-11-27,0,0,2,0,2012,0.06682128118662341,0
2012-11-28,0,0,2,0,2012,0.06666051132626619,0
2012-11-29,0,0,1,0,2012,0.059688468144603754,0
2012-11-30,0,0,1,0,2012,0.0595544003918032,0
2012-12-01,0,0,0,0,2012,0.05329079513441003,0
2012-12-02,0,0,0,0,2012,0.051283140811177026,0
2012-12-03,0,0,0,0,2012,0.05117608298403653,0
2012-12-04,0,0,0,0,2012,0.051071035210829174,0
2012-12-05,0,0,0,0,2012,0.05096979151640858,0
2012-12-06,1,0,0,0,2012,0.05099023262153827,0
2012-12-07,0,1,1,1,2012,0.16174342775375233,0
2012-12-08,0,0,1,1,2012,0.06816470313738536,0
2012-12-09,0,0,1,1,2012,0.06381385980209915,0
2012-12-10,0,0,1,0,2012,0.06004554489970962,0
2012-12-11,0,0,1,0,2012,0.05981564588533131,0
2012-12-12,0,0,1,0,2012,0.05973001377068315,0
2012-12-13,0,0,1,0,2012,0.0575394622690825,0
2012-12-14,0,0,0,0,2012,0.05152402745063236,0
2012-12-15,0,0,0,0,2012,0.051460515823793185,0
2012-12-16,0,0,0,0,2012,0.051396360226319944,0
2012-12-17,0,0,0,0,2012,0.05133570850541847,0
2012-12-19,0,0,0,0,2012,0.05122477244168902,0
2012-12-20,1,0,0,0,2012,0.051174413544917544,0
2012-12-21,1,1,1,1,2012,0.17205260580392376,0
2012-12-22,0,1,2,2,2012,0.19800923094136705,0
2012-12-23,0,0,2,2,2012,0.08129490073406649,0
2012-12-24,0,0,2,1,2012,0.06940114520960011,0
2012-12-26,0,0,2,0,2012,0.06534624601641115,0
2012-12-27,0,0,2,0,2012,0.06531116868656292,0
2012-12-28,0,0,1,0,2012,0.058581272393437064,0
2012-12-29,0,0,0,0,2012,0.05250896412919992,0
2012-12-30,0,0,0,0,2012,0.052489597321138094,0
2012-12-31,0,0,0,0,2012,0.052473198994184775,0
2013-01-01,0,0,0,0,2013,0.05800729076633662,0
2013-01-02,0,0,0,0,2013,0.0577688308337778,0
2013-01-03,0,0,0,0,2013,0.057535453102862844,0
2013-01-04,0,0,0,0,2013,0.05730738465695769,0
2013-01-05,0,0,0,0,2013,0.05708430813419737,0
2013-01-06,0,0,0,0,2013,0.054490390046719725,0
2013-01-07,0,0,0,0,2013,0.05428999597068561,0
2013-01-08,0,0,0,0,2013,0.054094099422910775,0
2013-01-09,0,0,0,0,2013,0.05389843394497318,0
2013-01-10,0,0,0,0,2013,0.053707474066201306,0
2013-01-11,0,0,0,0,2013,0.053520966287294684,0
2013-01-12,0,0,0,0,2013,0.05334343701709891,0
2013-01-13,0,0,0,0,2013,0.05316581672281597,0
2013-01-14,0,0,0,0,2013,0.05299257731679502,0
2013-01-15,0,0,0,0,2013,0.05282367189803043,0
2013-01-16,0,0,0,0,2013,0.05265905353231366,0
2013-01-17,0,0,0,0,2013,0.05249867525329584,0
2013-01-18,0,0,0,0,2013,0.052342490062980605,0
2013-01-19,0,0,0,0,2013,0.052190450931665196,0
2013-01-20,0,0,0,0,2013,0.049848853960007926,0
2013-01-21,0,0,0,0,2013,0.04761040766185817,0
2013-01-23,0,0,0,0,2013,0.04735624928420886,0
2013-01-24,0,0,0,0,2013,0.047234601317252836,0
2013-01-25,0,0,0,0,2013,0.047116515792260005,0
2013-01-26,0,0,0,0,2013,0.04700194889161837,0
2013-01-27,0,0,0,0,2013,0.04689085676273651,0
2013-01-28,0,0,0,0,2013,0.04678319551392229,0
2013-01-29,0,0,0,0,2013,0.046678921209934575,0
2013-01-31,0,0,0,0,2013,0.04648021270809431,0
2013-02-01,0,0,0,0,2013,0.04638568604042837,0
2013-02-02,0,0,0,0,2013,0.046294519669356486,0
2013-02-03,1,0,0,0,2013,0.04620651971845614,0
2013-02-04,0,1,1,1,2013,0.16674396942793662,0
2013-02-05,0,0,1,1,2013,0.08327381619500898,0
2013-02-06,0,0,1,1,2013,0.06707547166988553,0
2013-02-07,0,0,1,0,2013,0.06187347567649497,0
2013-02-08,0,0,1,0,2013,0.06177710894540567,0
2013-02-09,0,0,1,0,2013,0.06168437865396055,0
2013-02-10,0,0,1,0,2013,0.061595428603409,0
2013-02-11,0,0,0,0,2013,0.0565703535500385,0
2013-02-13,0,0,0,0,2013,0.056422862965548506,0
2013-02-14,0,0,0,0,2013,0.0563540591900077,0
2013-02-15,0,0,0,0,2013,0.05628847567501256,0
2013-02-16,0,0,0,0,2013,0.05622605659345863,0
2013-02-17,0,0,0,0,2013,0.0561667458973266,0
2013-02-18,0,0,0,0,2013,0.056110487309754965,0
2013-02-19,0,0,0,0,2013,0.056057224317193004,0
2013-02-21,0,0,0,0,2013,0.0559701613084648,0
2013-02-22,0,0,0,0,2013,0.05592553550881853,0
2013-02-23,0,0,0,0,2013,0.055883677227456595,0
2013-02-24,0,0,0,0,2013,0.05584452864389484,0
2013-02-25,0,0,0,0,2013,0.05580803165684209,0
2013-02-26,0,0,0,0,2013,0.05577412787758668,0
2013-02-27,0,0,0,0,2013,0.05574275862365551,0
2013-02-28,0,0,0,0,2013,0.0720140095261173,0
2013-03-01,0,0,0,0,2013,0.055687387457119666,0
2013-03-02,0,0,0,0,2013,0.05566326665798469,0
2013-03-03,0,0,0,0,2013,0.0719220125309992,0
2013-03-04,0,0,0,0,2013,0.05562185505012678,0
2013-03-05,0,0,0,0,2013,0.055604443446255265,0
2013-03-06,0,0,0,0,2013,0.06889375112770504,0
2013-03-07,0,0,0,0,2013,0.06887757009086633,0
2013-03-09,0,0,0,0,2013,0.053226857320464525,0
2013-03-10,0,0,0,0,2013,0.05321970017515998,0
2013-03-11,0,0,0,0,2013,0.053209173900888904,0
2013-03-12,0,0,0,0,2013,0.06882516848568429,0
2013-03-13,0,0,0,0,2013,0.06882245097008258,0
2013-03-14,0,0,0,0,2013,0.06882170768401646,0
2013-03-15,0,0,0,0,2013,0.06882286051668417,0
2013-03-16,0,0,0,0,2013,0.06882583094052466,0
2013-03-17,0,0,0,0,2013,0.0688306482206163,0
2013-03-18,0,0,0,0,2013,0.06883712127231535,0
2013-03-19,0,0,0,0,2013,0.06884517052004688,0
2013-03-20,0,0,0,0,2013,0.06885471597909368,0
2013-03-21,1,0,0,0,2013,0.06886567726347514,0
2013-03-22,0,1,1,1,2013,0.3481741443271135,0
2013-03-23,0,0,1,1,2013,0.12312715738600412,0
2013-03-24,0,0,1,1,2013,0.10020478820971299,0
2013-03-25,0,0,1,0,2013,0.0722046426665719,0
2013-03-26,0,0,1,0,2013,0.09287712682831367,0
2013-03-27,0,0,1,0,2013,0.09290042120839843,0
2013-03-28,1,0,1,0,2013,0.09292482141238469,0
2013-03-29,0,1,1,1,2013,0.30886134205241866,0
2013-03-30,0,0,1,1,2013,0.10329080096103575,0
2013-03-31,0,0,1,1,2013,0.10727782400461938,0
2013-04-01,0,0,1,0,2013,0.09946696705064716,0
2013-04-02,0,0,1,0,2013,0.07749017555424063,0
2013-04-03,0,0,1,0,2013,0.09951394913148197,0
2013-04-04,0,0,1,0,2013,0.09954558857987549,0
2013-04-05,0,0,0,0,2013,0.09187356644683889,0
2013-04-06,0,0,0,0,2013,0.09189080801319609,0
2013-04-07,0,0,0,0,2013,0.09191976135849565,0
2013-04-09,0,0,0,0,2013,0.0715028555874867,0
2013-04-10,0,0,0,0,2013,0.07152117772037202,0
2013-04-11,0,0,0,0,2013,0.09202402617021005,0
2013-04-12,0,0,0,0,2013,0.09204050852029654,0
2013-04-13,0,0,0,0,2013,0.09206224601782953,0
2013-04-14,0,0,0,0,2013,0.07159480079262413,0
2013-04-15,0,0,0,0,2013,0.09211390586639889,0
2013-04-16,0,0,0,0,2013,0.09213314242708033,0
2013-04-17,0,0,0,0,2013,0.07164437745247329,0
2013-04-18,0,0,0,0,2013,0.07165276339614217,0
2013-04-19,0,0,0,0,2013,0.09217578828596296,0
2013-04-20,0,0,0,0,2013,0.09218913341160953,0
2013-04-21,0,0,0,0,2013,0.08848043528996909,0
2013-04-22,0,0,0,0,2013,0.06873697262108024,0
2013-04-23,0,0,0,0,2013,0.08849830999056725,0
2013-04-24,0,0,0,0,2013,0.08849924795684345,0
2013-04-25,0,0,0,0,2013,0.08850364420998716,0
2013-04-26,1,0,0,0,2013,0.08851139779425311,0
2013-04-27,0,1,1,1,2013,0.34409261650343703,0
2013-04-28,0,0,1,1,2013,0.1410439026242668,0
2013-04-29,0,0,1,1,2013,0.11519559592564932,0
2013-04-30,0,0,1,0,2013,0.10685192378571791,0
2013-05-01,0,0,1,0,2013,0.08337124543258115,0
2013-05-02,0,0,1,0,2013,0.10683999066507929,0
2013-05-03,0,0,1,0,2013,0.1068273838684265,0
2013-05-04,0,0,0,0,2013,0.09861759916561774,0
2013-05-05,0,0,0,0,2013,0.09859543066259314,0
2013-05-06,0,0,0,0,2013,0.07676091400338829,0
2013-05-07,0,0,0,0,2013,0.07674887286680569,0
2013-05-08,0,0,0,0,2013,0.07672787176615631,0
2013-05-09,1,0,0,0,2013,0.09850461597826361,0
2013-05-10,0,1,1,1,2013,0.2783252168454581,0
2013-05-11,0,0,1,1,2013,0.1531307283010054,0
2013-05-12,0,0,1,1,2013,0.12534548789546962,0
2013-05-13,0,0,1,0,2013,0.11631258263362274,0
2013-05-14,0,0,1,0,2013,0.11626237184911269,0
2013-05-15,0,0,1,0,2013,0.11620249425495915,0
2013-05-16,0,0,1,0,2013,0.11613577702754392,0
2013-05-17,0,0,0,0,2013,0.10724368732918314,0
2013-05-18,0,0,0,0,2013,0.10717202539180333,0
2013-05-19,1,0,0,0,2013,0.10710181268205166,0
2013-05-20,1,1,1,1,2013,0.2834893704360262,0
2013-05-21,0,1,2,2,2013,0.3834014824231059,1
2013-05-22,0,0,2,2,2013,0.19650301931404793,0
2013-05-23,0,0,2,1,2013,0.15111237953921963,0
2013-05-24,0,0,2,0,2013,0.1404454109607402,0
2013-05-25,0,0,2,0,2013,0.1403175089223314,0
2013-05-26,0,0,2,0,2013,0.14018277102655904,0
2013-05-27,1,0,1,0,2013,0.12461964901041492,0
2013-05-28,0,1,1,1,2013,0.3251037185730954,0
2013-05-29,0,0,1,1,2013,0.1734334635206088,0
2013-05-30,1,0,1,1,2013,0.14247561234590028,0
2013-05-31,1,1,2,1,2013,0.487821186666511,1
2013-06-01,1,1,3,2,2013,0.6503088976307905,1
2013-06-02,1,1,4,3,2013,0.5491123856034258,1
2013-06-03,1,1,5,3,2013,0.7053315966735544,1
2013-06-04,1,1,5,3,2013,0.7021839531070053,1
2013-06-05,0,1,6,3,2013,0.7044413721294196,1
2013-06-06,0,0,6,2,2013,0.3228616033758562,0
2013-06-07,0,0,5,1,2013,0.24083902346036942,0
2013-06-08,1,0,4,0,2013,0.21021029036820418,0
2013-06-09,0,1,4,1,2013,0.4262070475388457,1
2013-06-10,1,0,3,1,2013,0.2527999331533338,0
2013-06-11,0,1,3,2,2013,0.43888047145800374,1
2013-06-12,0,0,2,1,2013,0.24532151820194092,0
2013-06-13,0,0,2,1,2013,0.2045479267192811,0
2013-06-14,0,0,2,0,2013,0.19074894045940907,0
2013-06-15,0,0,2,0,2013,0.190364546260227,0
2013-06-16,0,0,1,0,2013,0.1766458997471555,0
2013-06-17,0,0,1,0,2013,0.1762534614779155,0
2013-06-18,0,0,0,0,2013,0.16332673161764388,0
2013-06-19,0,0,0,0,2013,0.15686492106549282,0
2013-06-20,0,0,0,0,2013,0.15060332634956855,0
2013-06-21,1,0,0,0,2013,0.15022890776747083,0
2013-06-22,0,1,1,1,2013,0.36878711917678914,1
2013-06-23,1,0,1,1,2013,0.22398647287513787,0
2013-06-24,0,1,2,2,2013,0.5729419422035761,1
2013-06-25,1,0,2,1,2013,0.24853029849264477,0
2013-06-26,0,1,3,2,2013,0.38824999999485404,1
2013-06-27,0,0,3,1,2013,0.2158573564016366,0
2013-06-28,0,0,3,1,2013,0.17866746484774634,0
2013-06-29,0,0,2,0,2013,0.19336569136270218,0
2013-06-30,0,0,2,0,2013,0.18584475251342988,0
2013-07-01,1,0,1,0,2013,0.16587184368104133,0
2013-07-02,1,1,2,1,2013,0.46968890693114995,1
2013-07-03,0,1,2,2,2013,0.5765532050422181,1
2013-07-04,0,0,2,2,2013,0.23996121386102884,0
2013-07-05,0,0,2,1,2013,0.17964448968919428,0
2013-07-06,1,0,2,0,2013,0.13222473582057312,0
2013-07-07,0,1,3,1,2013,0.3933010241757182,1
2013-07-08,0,0,3,1,2013,0.24076864928419098,0
2013-07-09,1,0,2,1,2013,0.14270120528050143,0
2013-07-10,0,0,1,0,2013,0.15486316307575415,0
2013-07-11,0,0,2,1,2013,0.17401329651119218,0
2013-07-12,0,0,2,1,2013,0.14258126094604046,0
2013-07-13,0,0,2,0,2013,0.16670866950159635,0
2013-07-14,0,0,1,0,2013,0.12165699990444934,0
2013-07-15,1,0,1,0,2013,0.1534737143394409,0
2013-07-16,1,1,2,1,2013,0.30668378548216996,0
2013-07-17,0,0,1,1,2013,0.20902905880176406,0
2013-07-18,1,0,2,2,2013,0.19991524660384002,0
2013-07-19,0,1,3,2,2013,0.5491173758865724,1
2013-07-20,1,0,3,1,2013,0.2563600378350081,0
2013-07-21,0,1,4,2,2013,0.5213602894518755,1
2013-07-22,0,0,4,1,2013,0.2732385813235629,0
2013-07-23,1,0,3,1,2013,0.21339945431752333,0
2013-07-24,1,1,3,1,2013,0.4101304282042878,1
2013-07-25,1,1,4,2,2013,0.5182795949496625,1
2013-07-26,0,1,4,3,2013,0.5934935280602082,1
2013-07-27,0,0,4,2,2013,0.2983711069642726,0
2013-07-28,1,0,3,1,2013,0.2198928036253687,0
2013-07-29,1,1,4,1,2013,0.5088304154253444,1
2013-07-30,1,1,5,2,2013,0.630168202374262,1
2013-07-31,1,1,5,3,2013,0.7339338318440566,1
2013-08-01,1,1,5,3,2013,0.7744457578728311,1
2013-08-02,0,1,5,3,2013,0.6534524270974865,1
2013-08-03,0,0,5,2,2013,0.3445954416463588,0
2013-08-04,0,0,5,1,2013,0.2757397937586727,0
2013-08-05,1,0,4,0,2013,0.24131130328506648,0
2013-08-06,1,1,4,1,2013,0.5617979814216018,1
2013-08-07,1,1,4,2,2013,0.5551375525441975,1
2013-08-08,1,1,4,3,2013,0.6138250252765867,1
2013-08-09,0,1,4,3,2013,0.5735787927852829,1
2013-08-10,0,0,4,2,2013,0.34134163703524945,0
2013-08-11,1,0,4,1,2013,0.2727614360605634,0
2013-08-12,0,1,5,1,2013,0.5571223669898561,1
2013-08-13,0,0,4,1,2013,0.33081471492984255,0
2013-08-14,0,0,3,1,2013,0.2626372669163527,0
2013-08-15,0,0,2,0,2013,0.22132346871627837,0
2013-08-16,0,0,1,0,2013,0.19795315245793707,0
2013-08-17,0,0,1,0,2013,0.19683738054229438,0
2013-08-18,0,0,1,0,2013,0.18868785664200877,0
2013-08-19,0,0,0,0,2013,0.17440149459503493,0
2013-08-20,1,0,0,0,2013,0.1669630466209458,0
2013-08-21,1,1,1,1,2013,0.3975070693253476,1
2013-08-22,1,1,2,2,2013,0.5631336474042183,1
2013-08-23,0,1,3,3,2013,0.5460073401435835,1
2013-08-24,1,0,3,2,2013,0.2935853894258024,0
2013-08-25,0,1,4,2,2013,0.5784226370857872,1
2013-08-26,0,0,4,1,2013,0.2930854758822072,0
2013-08-27,1,0,4,1,2013,0.24599969093371898,0
2013-08-28,1,1,4,1,2013,0.5717781593293242,1
2013-08-29,0,1,4,2,2013,0.6166452985466824,1
2013-08-30,0,0,3,2,2013,0.2282282640013582,0
2013-08-31,0,0,3,1,2013,0.2118283771328622,0
2013-09-01,0,0,2,0,2013,0.1764544315820117,0
2013-09-02,0,0,2,0,2013,0.1753250819940001,0
2013-09-03,1,0,2,0,2013,0.13821149050201417,0
2013-09-04,0,1,2,1,2013,0.3619493198247649,1
2013-09-05,0,0,1,1,2013,0.16887486775033955,0
2013-09-06,0,0,1,1,2013,0.1673054387988799,0
2013-09-07,0,0,1,0,2013,0.14896565950593876,0
2013-09-08,0,0,1,0,2013,0.14232573460536757,0
2013-09-09,0,0,1,0,2013,0.14132892102073055,0
2013-09-10,1,0,1,0,2013,0.1403416026638279,0
2013-09-11,1,1,1,1,2013,0.3970286042394296,1
2013-09-12,1,1,2,2,2013,0.5830027947439921,1
2013-09-13,1,1,3,3,2013,0.644384005140677,1
2013-09-14,1,1,4,3,2013,0.7232633989743921,1
2013-09-15,1,1,5,3,2013,0.678154820870234,1
2013-09-16,1,1,6,3,2013,0.7060972780708049,1
2013-09-17,1,1,7,3,2013,0.7707348450137864,1
2013-09-18,1,1,7,3,2013,0.806717752691255,1
2013-09-19,1,1,7,3,2013,0.8114900139287888,1
2013-09-20,1,1,7,3,2013,0.8123940517961364,1
2013-09-21,1,1,7,3,2013,0.7447127578611028,1
2013-09-22,1,1,7,3,2013,0.7647122363767368,1
2013-09-23,1,1,7,3,2013,0.6015808914942261,1
2013-09-24,1,1,7,3,2013,0.7202431514397879,1
2013-09-25,1,1,7,3,2013,0.7459775881698194,1
2013-09-26,0,1,7,3,2013,0.7973944267935106,1
2013-09-27,1,0,6,2,2013,0.3623132900040049,1
2013-09-28,0,1,6,2,2013,0.5790577039584909,1
2013-09-29,0,0,5,1,2013,0.3213287340880093,0
2013-09-30,1,0,4,1,2013,0.25401388714296824,0
2013-10-01,1,1,4,1,2013,0.5425551175239433,1
2013-10-02,1,1,4,2,2013,0.684145302037206,1
2013-10-03,0,1,4,3,2013,0.5876160953030103,1
2013-10-04,0,0,4,2,2013,0.33537712789088414,0
2013-10-05,0,0,3,1,2013,0.2500789300077541,0
2013-10-06,0,0,3,0,2013,0.2330059119269537,0
2013-10-07,0,0,3,0,2013,0.2314608520073471,0
2013-10-08,0,0,2,0,2013,0.21453949214475102,0
2013-10-09,0,0,1,0,2013,0.1985668209862618,0
2013-10-10,0,0,0,0,2013,0.14593082920294853,0
2013-10-11,0,0,0,0,2013,0.1393600439004285,0
2013-10-12,0,0,0,0,2013,0.16793071517813468,0
2013-10-13,0,0,0,0,2013,0.16054036008465183,0
2013-10-14,0,0,0,0,2013,0.1534248982344286,0
2013-10-15,0,0,0,0,2013,0.1465711365225477,0
2013-10-16,0,0,0,0,2013,0.13996668434947637,0
2013-10-17,0,0,0,0,2013,0.13361482676854639,0
2013-10-18,0,0,0,0,2013,0.12751016168837445,0
2013-10-19,0,0,0,0,2013,0.09526587647893614,0
2013-10-20,0,0,0,0,2013,0.11602597885979052,0
2013-10-21,0,0,0,0,2013,0.11063384353843005,0
2013-10-22,0,0,0,0,2013,0.082263980029485,0
2013-10-23,0,0,0,0,2013,0.07830490719443955,0
2013-10-24,0,0,0,0,2013,0.07452246752320353,0
2013-10-25,0,0,0,0,2013,0.07090956997586972,0
2013-10-26,0,0,0,0,2013,0.06745726642565204,0
2013-10-27,0,0,0,0,2013,0.06693609556127085,0
2013-10-28,0,0,0,0,2013,0.0636672230364084,0
2013-10-29,0,0,0,0,2013,0.06317286284730861,0
2013-10-30,0,0,0,0,2013,0.0626876755966771,0
2013-10-31,0,0,0,0,2013,0.059624825154791644,0
2013-11-01,0,0,0,0,2013,0.056704924944593706,0
2013-11-02,0,0,0,0,2013,0.053918191536721775,0
2013-11-03,0,0,0,0,2013,0.0692084899292588,0
2013-11-04,0,0,0,0,2013,0.05310339525862573,0
2013-11-05,0,0,0,0,2013,0.052704774654022624,0
2013-11-06,0,0,0,0,2013,0.05230763321994073,0
2013-11-07,0,0,0,0,2013,0.051915270795494045,0
2013-11-08,0,0,0,0,2013,0.0515338535124343,0
2013-11-09,0,0,0,0,2013,0.05114747981677761,0
2013-11-10,0,0,0,0,2013,0.05077264294064705,0
2013-11-11,0,0,0,0,2013,0.05039930255977067,0
2013-11-12,0,0,0,0,2013,0.050033900201135025,0
2013-11-13,0,0,0,0,2013,0.04967319009561818,0
2013-11-14,0,0,0,0,2013,0.04931401327893711,0
2013-11-15,0,0,0,0,2013,0.048959548987494154,0
2013-11-16,0,0,0,0,2013,0.0486097835588495,0
2013-11-17,0,0,0,0,2013,0.048264702294539504,0
2013-11-18,0,0,0,0,2013,0.04792735353322905,0
2013-11-19,0,0,0,0,2013,0.04759157214612578,0
2013-11-20,0,0,0,0,2013,0.04726042524067923,0
2013-11-22,0,0,0,0,2013,0.04660897602356373,0
2013-11-23,0,0,0,0,2013,0.04629163759287391,0
2013-11-24,0,0,0,0,2013,0.04597885442910884,0
2013-11-25,1,0,0,0,2013,0.04567076741448042,0
2013-11-26,0,1,1,1,2013,0.16578835337325176,0
2013-11-27,0,0,1,1,2013,0.08472949331715571,0
2013-11-28,0,0,1,1,2013,0.06794689355236407,0
2013-11-29,0,0,1,0,2013,0.06238791567690226,0
2013-11-30,0,0,1,0,2013,0.061994355627272214,0
2013-12-01,0,0,1,0,2013,0.061606912828683046,0
2013-12-02,0,0,1,0,2013,0.06122521704424239,0
2013-12-03,0,0,0,0,2013,0.05595946301592062,0
2013-12-04,0,0,0,0,2013,0.055617318786947575,0
2013-12-05,0,0,0,0,2013,0.05528057097808813,0
2013-12-06,0,0,0,0,2013,0.05494565965059102,0
2013-12-07,0,0,0,0,2013,0.05461958366975436,0
2013-12-09,0,0,0,0,2013,0.0539838908704112,0
2013-12-10,0,0,0,0,2013,0.05367709177786062,0
2013-12-11,0,0,0,0,2013,0.05337201292556153,0
2013-12-12,0,0,0,0,2013,0.05306875837052808,0
2013-12-13,0,0,0,0,2013,0.052774132064541554,0
2013-12-14,0,0,0,0,2013,0.05248458593076371,0
2013-12-15,0,0,0,0,2013,0.05220008246812997,0
2013-12-16,0,0,0,0,2013,0.051920583825404605,0
2013-12-17,0,0,0,0,2013,0.051646051824061935,0
2013-12-18,0,0,0,0,2013,0.05137624875089221,0
2013-12-19,0,0,0,0,2013,0.051111332290074564,0
2013-12-20,0,0,0,0,2013,0.050851263256438385,0
2013-12-21,0,0,0,0,2013,0.05059600221333117,0
2013-12-22,0,0,0,0,2013,0.05034550949075291,0
2013-12-23,0,0,0,0,2013,0.0501033005475947,0
2013-12-24,0,0,0,0,2013,0.0498622531988082,0
2013-12-26,0,0,0,0,2013,0.047310888686395026,0
2013-12-27,0,0,0,0,2013,0.04709277559083012,0
2013-12-28,0,0,0,0,2013,0.04687901274945593,0
2013-12-29,0,0,0,0,2013,0.046669560719171374,0
2013-12-30,0,0,0,0,2013,0.060231021415490325,0
2013-12-31,0,0,0,0,2013,0.04626343080977514,0
2014-01-01,0,0,0,0,2014,0.03930040640736274,0
2014-01-02,0,0,0,0,2014,0.039130004384910065,0
2014-01-03,0,0,0,0,2014,0.03896424448669014,0
2014-01-04,0,0,0,0,2014,0.05179320305426221,0
2014-01-05,0,0,0,0,2014,0.05158257474152429,0
2014-01-06,0,0,0,0,2014,0.051272018066577794,0
2014-01-07,0,0,0,0,2014,0.05097041732911797,0
2014-01-08,0,0,0,0,2014,0.05067451716523315,0
2014-01-09,0,0,0,0,2014,0.0504893215928232,0
2014-01-10,0,0,0,0,2014,0.05030640598131764,0
2014-01-11,0,0,0,0,2014,0.05013132407577979,0
2014-01-12,0,0,0,0,2014,0.04985661855905371,0
2014-01-14,0,0,0,0,2014,0.049534627219531634,0
2014-01-15,0,0,0,0,2014,0.049381735766560575,0
2014-01-16,0,0,0,0,2014,0.049234181810102015,0
2014-01-18,0,0,0,0,2014,0.03664600026987747,0
2014-01-19,0,0,0,0,2014,0.048934187493742086,0
2014-01-20,0,0,0,0,2014,0.03661826938508342,0
2014-01-21,0,0,0,0,2014,0.03660989227102272,0
2014-01-22,0,0,0,0,2014,0.036520952717835266,0
2014-01-23,0,0,0,0,2014,0.0364358344620312,0
2014-01-24,0,0,0,0,2014,0.03635450072777323,0
2014-01-25,0,0,0,0,2014,0.036276914907949286,0
2014-01-26,0,0,0,0,2014,0.0362030405561471,0
2014-01-27,0,0,0,0,2014,0.03613284137800948,0
2014-01-28,0,0,0,0,2014,0.03606908257328181,0
2014-01-29,0,0,0,0,2014,0.03600612071344371,0
2014-01-30,0,0,0,0,2014,0.035946726227311,0
2014-01-31,0,0,0,0,2014,0.035893714932886296,0
2014-02-01,0,0,0,0,2014,0.035844257214031915,0
2014-02-02,0,0,0,0,2014,0.035795342946719426,0
2014-02-03,0,0,0,0,2014,0.03574985398761205,0
2014-02-04,0,0,0,0,2014,0.03571072521186035,0
2014-02-05,0,0,0,0,2014,0.035675014719183405,0
2014-02-06,0,0,0,0,2014,0.0356395833336674,0
2014-02-07,0,0,0,0,2014,0.03560440440884055,0
2014-02-08,0,0,0,0,2014,0.035572548966509944,0
2014-02-09,0,0,0,0,2014,0.04750478147315667,0
2014-02-10,0,0,0,0,2014,0.04747508105864195,0
2014-02-11,0,0,0,0,2014,0.04744952742667401,0
2014-02-12,0,0,0,0,2014,0.03548875018524688,0
2014-02-13,0,0,0,0,2014,0.047410673745649834,0
2014-02-14,0,0,0,0,2014,0.04739727998396695,0
2014-02-15,0,0,0,0,2014,0.047384040140957887,0
2014-02-16,1,0,0,0,2014,0.047378518148742936,0
2014-02-17,0,1,1,1,2014,0.23965434569480007,0
2014-02-18,0,0,1,1,2014,0.09462758555609692,0
2014-02-19,1,0,1,1,2014,0.07597946508304636,0
2014-02-20,0,1,2,1,2014,0.16184785596059126,0
2014-02-21,0,0,2,1,2014,0.08241594364377133,0
2014-02-22,0,0,2,1,2014,0.06616484619523073,0
2014-02-23,0,0,2,0,2014,0.06251853305940255,0
2014-02-24,0,0,1,0,2014,0.05682369982569687,0
2014-02-25,1,0,1,0,2014,0.05685631223302904,0
2014-02-26,0,1,2,1,2014,0.18007740849631454,0
2014-02-27,0,0,1,1,2014,0.07999412581180455,0
2014-03-02,0,0,1,0,2014,0.060749670965249386,0
2014-03-03,0,0,1,0,2014,0.06080908326718789,0
2014-03-04,0,0,1,0,2014,0.06087240318639414,0
2014-03-05,0,0,0,0,2014,0.05535224844471906,0
2014-03-06,0,0,0,0,2014,0.07371820390068962,0
2014-03-07,1,0,0,0,2014,0.05561351175118776,0
2014-03-08,0,1,1,1,2014,0.20655897414966196,0
2014-03-09,0,0,1,1,2014,0.1144925944963001,0
2014-03-10,0,0,1,1,2014,0.09264756130152495,0
2014-03-11,0,0,1,0,2014,0.08795946758956258,0
2014-03-12,0,0,1,0,2014,0.08808757737414408,0
2014-03-13,0,0,1,0,2014,0.08841485145918564,0
2014-03-14,0,0,1,0,2014,0.08855219198612234,0
2014-03-15,0,0,0,0,2014,0.08078076092054559,0
2014-03-16,0,0,0,0,2014,0.08091478388536756,0
2014-03-17,0,0,0,0,2014,0.08104658096691057,0
2014-03-18,0,0,0,0,2014,0.08118216382750071,0
2014-03-19,0,0,0,0,2014,0.07804091417460547,0
2014-03-20,0,0,0,0,2014,0.07817846977492716,0
2014-03-21,0,0,0,0,2014,0.07831935561211005,0
2014-03-22,0,0,0,0,2014,0.07528879597778285,0
2014-03-23,0,0,0,0,2014,0.07543054805433017,0
2014-03-24,0,0,0,0,2014,0.07557519318117063,0
2014-03-25,0,0,0,0,2014,0.05708742544914134,0
2014-03-26,0,0,0,0,2014,0.0758727321419788,0
2014-03-27,0,0,0,0,2014,0.057320315782048006,0
2014-03-28,0,0,0,0,2014,0.055064789730217674,0
2014-03-29,0,0,0,0,2014,0.07324251075433762,0
2014-03-30,0,0,0,0,2014,0.07353843490742448,0
2014-03-31,0,0,0,0,2014,0.07369312779679056,0
2014-04-01,0,0,0,0,2014,0.07399003334992747,0
2014-04-03,0,0,0,0,2014,0.05621176091897085,0
2014-04-04,0,0,0,0,2014,0.07473366500115947,0
2014-04-05,0,0,0,0,2014,0.07501998779176217,0
2014-04-06,0,0,0,0,2014,0.07531476742217462,0
2014-04-07,0,0,0,0,2014,0.07242325986577984,0
2014-04-08,0,0,0,0,2014,0.07257974982471822,0
2014-04-09,0,0,0,0,2014,0.07286468452298915,0
2014-04-10,0,0,0,0,2014,0.07314904961345739,0
2014-04-11,0,0,0,0,2014,0.07343276170406962,0
2014-04-12,0,0,0,0,2014,0.07384138757295537,0
2014-04-13,0,0,0,0,2014,0.07399787889346192,0
2014-04-14,0,0,0,0,2014,0.07416961403283787,0
2014-04-15,0,0,0,0,2014,0.07432679221170052,0
2014-04-16,0,0,0,0,2014,0.07460791785333928,0
2014-04-17,0,0,0,0,2014,0.0749042197584476,0
2014-04-18,0,0,0,0,2014,0.07532583836509409,0
2014-04-19,0,0,0,0,2014,0.07562354439324483,0
2014-04-20,0,0,0,0,2014,0.07592153255401313,0
2014-04-21,0,0,0,0,2014,0.07621967143944632,0
2014-04-22,1,0,0,0,2014,0.0765178280847802,0
2014-04-23,0,1,1,1,2014,0.2327770862021783,0
2014-04-24,0,0,1,1,2014,0.1336721074885675,0
2014-04-25,0,0,1,1,2014,0.10887566769929463,0
2014-04-26,0,0,1,0,2014,0.1033116610241868,0
2014-04-27,0,0,1,0,2014,0.07863207874335014,0
2014-04-28,0,0,1,0,2014,0.0789285657424477,0
2014-04-29,0,0,1,0,2014,0.10428620050485066,0
2014-04-30,0,0,0,0,2014,0.09532113703883283,0
2014-05-01,0,0,0,0,2014,0.09551277528587064,0
2014-05-02,0,0,0,0,2014,0.0957019489245697,0
2014-05-03,1,0,0,0,2014,0.09592575263009977,0
2014-05-04,1,1,1,1,2014,0.25269014316134886,0
2014-05-05,0,1,2,2,2014,0.37328356698910575,1
2014-05-06,0,0,2,2,2014,0.17719938697727614,0
2014-05-07,0,0,2,1,2014,0.10557659426859996,0
2014-05-08,0,0,2,0,2014,0.10012627259757784,0
2014-05-09,0,0,2,0,2014,0.1310787218041565,0
2014-05-10,0,0,2,0,2014,0.13129158401682686,0
2014-05-11,0,0,1,0,2014,0.12027122652901903,0
2014-05-12,0,0,0,0,2014,0.11005390165384547,0
2014-05-13,0,0,0,0,2014,0.11022253217568093,0
2014-05-14,0,0,0,0,2014,0.11021178658399497,0
2014-05-15,0,0,0,0,2014,0.11050051709946593,0
2014-05-16,1,0,0,0,2014,0.11082754365403635,0
2014-05-17,1,1,1,1,2014,0.2848848502127322,0
2014-05-18,0,1,2,2,2014,0.41427397048058634,1
2014-05-19,0,0,2,2,2014,0.20187840082817712,0
2014-05-20,0,0,2,1,2014,0.15817503683177628,0
2014-05-21,0,0,2,0,2014,0.11566877053985743,0
2014-05-22,1,0,2,0,2014,0.15053002951334163,0
2014-05-23,0,1,3,1,2014,0.34281699366389123,0
2014-05-24,0,0,2,1,2014,0.1965139496746799,0
2014-05-25,0,0,1,1,2014,0.1479948014949129,0
2014-05-26,0,0,1,0,2014,0.14057447860116232,0
2014-05-27,0,0,1,0,2014,0.1411047108732439,0
2014-05-28,0,0,1,0,2014,0.14162782304615862,0
2014-05-29,0,0,1,0,2014,0.1089203485599705,0
2014-05-30,0,0,0,0,2014,0.12981571578794293,0
2014-05-31,0,0,0,0,2014,0.13007820342922882,0
2014-06-01,0,0,0,0,2014,0.13033237598485037,0
2014-06-02,0,0,0,0,2014,0.13057805380013476,0
2014-06-03,0,0,0,0,2014,0.12555303670730045,0
2014-06-04,0,0,0,0,2014,0.1205627879856409,0
2014-06-05,0,0,0,0,2014,0.12039437808762037,0
2014-06-06,0,0,0,0,2014,0.12058785519512857,0
2014-06-07,0,0,0,0,2014,0.12040169514857271,0
2014-06-08,0,0,0,0,2014,0.12070141316430053,0
2014-06-09,0,0,0,0,2014,0.12068240729736139,0
2014-06-10,0,0,0,0,2014,0.1208383383569148,0
2014-06-11,0,0,0,0,2014,0.12080066641619878,0
2014-06-12,0,0,0,0,2014,0.12075353088286674,0
2014-06-13,0,0,0,0,2014,0.12069684280771809,0
2014-06-14,0,0,0,0,2014,0.12081468304875738,0
2014-06-15,0,0,0,0,2014,0.12055447799514865,0
2014-06-16,1,0,0,0,2014,0.11598578472506758,0
2014-06-17,0,1,1,1,2014,0.2980942159469632,0
2014-06-18,0,0,1,1,2014,0.17639619344517732,0
2014-06-19,0,0,1,1,2014,0.14413708473976838,0
2014-06-20,0,0,1,0,2014,0.1364249026386802,0
2014-06-21,0,0,1,0,2014,0.13647787237938508,0
2014-06-22,0,0,1,0,2014,0.13113270822157422,0
2014-06-23,0,0,1,0,2014,0.13076676517856195,0
2014-06-24,0,0,0,0,2014,0.1194264301849528,0
2014-06-25,0,0,0,0,2014,0.11925004257207686,0
2014-06-26,0,0,0,0,2014,0.11906342198340027,0
2014-06-27,0,0,0,0,2014,0.11868495873319253,0
2014-06-28,0,0,0,0,2014,0.11829702874786414,0
2014-06-29,0,0,0,0,2014,0.11771935387473671,0
2014-06-30,0,0,0,0,2014,0.11785319748539431,0
2014-07-01,0,0,0,0,2014,0.11779613258692541,0
2014-07-02,0,0,0,0,2014,0.11754835964089898,0
2014-07-03,0,0,0,0,2014,0.11729039366373437,0
2014-07-04,0,0,0,0,2014,0.1170222615553134,0
2014-07-05,0,0,0,0,2014,0.11692301630046865,0
2014-07-06,0,0,0,0,2014,0.1166342719326371,0
2014-07-07,0,0,0,0,2014,0.11615722401545417,0
2014-07-08,0,0,0,0,2014,0.11620470459633751,0
2014-07-09,0,0,0,0,2014,0.11570785716876474,0
2014-07-10,1,0,0,0,2014,0.11573381608794993,0
2014-07-11,1,1,1,1,2014,0.3266823664408172,0
2014-07-12,1,1,2,2,2014,0.4000735275401722,1
2014-07-13,1,1,3,3,2014,0.5986296827585832,1
2014-07-14,1,1,4,3,2014,0.5908181488969625,1
2014-07-15,1,1,5,3,2014,0.6449825009743585,1
2014-07-16,1,1,6,3,2014,0.8103805470513364,1
2014-07-17,1,1,7,3,2014,0.8061222037566059,1
2014-07-18,1,1,7,3,2014,0.7672191127995006,1
2014-07-19,0,1,7,3,2014,0.7238277253401749,1
2014-07-20,1,0,6,2,2014,0.348664860510541,0
2014-07-21,1,1,6,2,2014,0.6160994175973453,1
2014-07-22,1,1,6,2,2014,0.8002750043525225,1
2014-07-23,1,1,6,3,2014,0.8202202535315266,1
2014-07-24,1,1,6,3,2014,0.8360406284463134,1
2014-07-25,1,1,6,3,2014,0.8324196861677294,1
2014-07-26,1,1,6,3,2014,0.8043030985735379,1
2014-07-27,1,1,7,3,2014,0.8746739695846341,1
2014-07-28,1,1,7,3,2014,0.8791531156486942,1
2014-07-29,1,1,7,3,2014,0.8657450579545691,1
2014-07-30,1,1,7,3,2014,0.6923299998242415,1
2014-07-31,1,1,7,3,2014,0.8712006561120748,1
2014-08-01,1,1,7,3,2014,0.8444418020380486,1
2014-08-02,1,1,7,3,2014,0.8669493333403273,1
2014-08-03,1,1,7,3,2014,0.8842422701745556,1
2014-08-04,1,1,7,3,2014,0.8928963072304457,1
2014-08-05,1,1,7,3,2014,0.9106442675386985,1
2014-08-06,1,1,7,3,2014,0.9141668464856723,1
2014-08-07,1,1,7,3,2014,0.9174245369087007,1
2014-08-08,1,1,7,3,2014,0.9118729985058774,1
2014-08-09,1,1,7,3,2014,0.9192706075946662,1
2014-08-10,1,1,7,3,2014,0.8972240574949528,1
2014-08-11,1,1,7,3,2014,0.8922124550838106,1
2014-08-12,1,1,7,3,2014,0.9076287627026723,1
2014-08-13,1,1,7,3,2014,0.9228816247918138,1
2014-08-14,1,1,7,3,2014,0.9224098918440716,1
2014-08-15,1,1,7,3,2014,0.9200098355994907,1
2014-08-16,1,1,7,3,2014,0.90963238289487,1
2014-08-17,1,1,7,3,2014,0.8334499661646273,1
2014-08-18,1,1,7,3,2014,0.8143712915077613,1
2014-08-19,1,1,7,3,2014,0.9240063144210405,1
2014-08-20,1,1,7,3,2014,0.9238710284482408,1
2014-08-21,1,1,7,3,2014,0.9234848403406088,1
2014-08-22,1,1,7,3,2014,0.9230910369994865,1
2014-08-23,1,1,7,3,2014,0.7882844593272604,1
2014-08-24,1,1,7,3,2014,0.8791155171045879,1
2014-08-25,1,1,7,3,2014,0.8973096042728675,1
2014-08-26,0,1,7,3,2014,0.8973654785759407,1
2014-08-27,1,0,6,2,2014,0.5393512536249906,1
2014-08-28,1,1,6,2,2014,0.8536291286743598,1
2014-08-29,1,1,6,2,2014,0.7982753352338681,1
2014-08-30,1,1,6,3,2014,0.8703043561183862,1
2014-08-31,1,1,6,3,2014,0.8258497616966219,1
2014-09-01,1,1,6,3,2014,0.8948602483513785,1
2014-09-02,1,1,6,3,2014,0.8886691691548619,1
2014-09-03,1,1,7,3,2014,0.9162100566626449,1
2014-09-04,1,1,7,3,2014,0.9165118686021754,1
2014-09-05,1,1,7,3,2014,0.9153339984983061,1
2014-09-06,1,1,7,3,2014,0.9148179108186854,1
2014-09-07,1,1,7,3,2014,0.9105055591811181,1
2014-09-08,1,1,7,3,2014,0.8862209485686932,1
2014-09-09,1,1,7,3,2014,0.9145922515801411,1
2014-09-10,1,1,7,3,2014,0.9143257439540821,1
2014-09-11,1,1,7,3,2014,0.9140541457182365,1
2014-09-12,1,1,7,3,2014,0.9129504603307409,1
2014-09-13,1,1,7,3,2014,0.9129460349389451,1
2014-09-14,1,1,7,3,2014,0.9118212378197992,1
2014-09-15,1,1,7,3,2014,0.9120873906682396,1
2014-09-16,1,1,7,3,2014,0.9117890609557259,1
2014-09-17,1,1,7,3,2014,0.9114861258408283,1
2014-09-18,1,1,7,3,2014,0.9108974497536834,1
2014-09-19,1,1,7,3,2014,0.9101600091004732,1
2014-09-20,1,1,7,3,2014,0.9095565342635972,1
2014-09-21,1,1,7,3,2014,0.9090896590049135,1
2014-09-22,1,1,7,3,2014,0.9080360974181216,1
2014-09-23,1,1,7,3,2014,0.9082847859497238,1
2014-09-24,1,1,7,3,2014,0.9079481297106486,1
2014-09-25,1,1,7,3,2014,0.9073162586570355,1
2014-09-26,1,1,7,3,2014,0.9103952985662822,1
2014-09-27,1,1,7,3,2014,0.8365592402134319,1
2014-09-28,1,1,7,3,2014,0.8901827516934369,1
2014-09-29,1,1,7,3,2014,0.9002010302541876,1
2014-09-30,1,1,7,3,2014,0.9077270822343387,1
2014-10-01,1,1,7,3,2014,0.8660874141437944,1
2014-10-02,1,1,7,3,2014,0.9000437026779801,1
2014-10-03,1,1,7,3,2014,0.8888084635320697,1
2014-10-04,1,1,7,3,2014,0.9042486745595653,1
2014-10-05,1,1,7,3,2014,0.8489513316693102,1
2014-10-06,1,1,7,3,2014,0.9042148815581698,1
2014-10-07,1,1,7,3,2014,0.8872746985308521,1
2014-10-08,1,1,7,3,2014,0.9025476902676944,1
2014-10-09,1,1,7,3,2014,0.8637032280167892,1
2014-10-10,1,1,7,3,2014,0.8270783402977834,1
2014-10-11,1,1,7,3,2014,0.9007811001237697,1
2014-10-12,1,1,7,3,2014,0.8997581405260967,1
2014-10-13,1,1,7,3,2014,0.8932967941327765,1
2014-10-14,1,1,7,3,2014,0.8986647559727666,1
2014-10-15,1,1,7,3,2014,0.8979507972928975,1
2014-10-16,1,1,7,3,2014,0.8961505275838275,1
2014-10-17,1,1,7,3,2014,0.8956994408714923,1
2014-10-18,1,1,7,3,2014,0.8957855093982768,1
2014-10-19,1,1,7,3,2014,0.895219329504342,1
2014-10-20,1,1,7,3,2014,0.8944879371886193,1
2014-10-21,1,1,7,3,2014,0.8937533588153344,1
2014-10-22,1,1,7,3,2014,0.8205413511375146,1
2014-10-23,1,1,7,3,2014,0.8487604385299989,1
2014-10-24,1,1,7,3,2014,0.8573158772222708,1
2014-10-25,1,1,7,3,2014,0.8882157504366203,1
2014-10-26,1,1,7,3,2014,0.8902293089746238,1
2014-10-27,1,1,7,3,2014,0.753348650351259,1
2014-10-28,1,1,7,3,2014,0.8531619719408958,1
2014-10-29,1,1,7,3,2014,0.8144023025852154,1
2014-10-30,0,1,7,3,2014,0.8291511671593731,1
2014-10-31,1,0,6,2,2014,0.4386852787724903,1
2014-11-01,1,1,6,2,2014,0.6104204467747494,1
2014-11-02,1,1,6,2,2014,0.648513427748341,1
2014-11-03,1,1,6,3,2014,0.7469508827394532,1
2014-11-04,1,1,6,3,2014,0.6952114803510928,1
2014-11-05,1,1,6,3,2014,0.6672793490527471,1
2014-11-06,1,1,6,3,2014,0.6247657316176074,1
2014-11-07,1,1,7,3,2014,0.7372637681868631,1
2014-11-08,0,1,7,3,2014,0.7102653502719315,1
2014-11-09,1,0,6,2,2014,0.4129277448540108,1
2014-11-10,1,1,6,2,2014,0.7611275006816826,1
2014-11-11,1,1,6,2,2014,0.7501288482491771,1
2014-11-12,1,1,6,3,2014,0.6534560717207695,1
2014-11-13,1,1,6,3,2014,0.6870217969467994,1
2014-11-14,1,1,6,3,2014,0.7517830814394734,1
2014-11-15,1,1,6,3,2014,0.671380179960382,1
2014-11-16,1,1,7,3,2014,0.6611002383439049,1
2014-11-17,0,1,7,3,2014,0.7513205668050377,1
2014-11-18,0,0,6,2,2014,0.3897012682086456,1
2014-11-19,0,0,5,1,2014,0.28854402660476725,0
2014-11-20,1,0,4,0,2014,0.2462450852254053,0
2014-11-21,0,1,4,1,2014,0.42767501456074547,1
2014-11-22,1,0,3,1,2014,0.21927345657972352,0
2014-11-23,1,1,3,2,2014,0.5649281211369129,1
2014-11-24,1,1,3,2,2014,0.6436384825009109,1
2014-11-25,1,1,4,3,2014,0.637324909157094,1
2014-11-26,1,1,5,3,2014,0.7278803883985153,1
2014-11-27,0,1,6,3,2014,0.7670241503580479,1
2014-11-28,0,0,5,2,2014,0.2542502313460761,0
2014-11-29,0,0,5,1,2014,0.24480191852252692,0
2014-11-30,0,0,4,0,2014,0.21461024092923306,0
2014-12-01,0,0,3,0,2014,0.14750090216275508,0
2014-12-03,0,0,1,0,2014,0.1127451026812643,0
2014-12-04,0,0,0,0,2014,0.09822196731030326,0
2014-12-05,0,0,0,0,2014,0.09371521953339707,0
2014-12-06,0,0,0,0,2014,0.08955146887622452,0
2014-12-07,1,0,0,0,2014,0.11219314382542042,0
2014-12-08,1,1,1,1,2014,0.3757838644137188,1
2014-12-09,0,1,2,2,2014,0.35185756260087203,1
2014-12-10,0,0,2,2,2014,0.1434660877356866,0
2014-12-11,0,0,2,1,2014,0.10539213278001822,0
2014-12-13,0,0,2,0,2014,0.09107136556837593,0
2014-12-14,0,0,2,0,2014,0.08691756463140185,0
2014-12-15,0,0,1,0,2014,0.0755004290728765,0
2014-12-20,0,1,1,1,2014,0.20065375976513053,0
2014-12-21,1,0,1,1,2014,0.12022568190788821,0
2014-12-22,1,1,2,2,2014,0.2924168162267528,0
2014-12-23,1,1,3,2,2014,0.3549585054945194,1
2014-12-24,1,1,4,3,2014,0.562718059389411,1
2014-12-26,1,1,5,2,2014,0.17053584004239736,0
2014-12-27,1,1,5,2,2014,0.42771708308110534,1
2014-12-28,1,1,6,2,2014,0.3873882208373096,1
2014-12-29,1,1,6,3,2014,0.409492340145241,1
2014-12-30,1,1,6,3,2014,0.41708319801976185,1
2015-01-01,0,1,5,2,2015,0.24377313592628122,0
2015-01-02,1,0,5,1,2015,0.1333677167316605,0
2015-01-03,0,1,5,1,2015,0.40743813180926786,1
2015-01-04,0,0,4,1,2015,0.2231182758750256,0
2015-01-05,0,0,3,1,2015,0.15996133400894783,0
2015-01-06,1,0,2,0,2015,0.09205841763345173,0
2015-01-07,0,1,2,1,2015,0.32587267449018914,0
2015-01-08,0,0,2,1,2015,0.12578747835405232,0
2015-01-09,0,0,2,1,2015,0.0961275905267853,0
2015-01-10,0,0,1,0,2015,0.11332866175362781,0
2015-01-11,0,0,1,0,2015,0.11248176226127006,0
2015-01-12,1,0,1,0,2015,0.0771954847675427,0
2015-01-13,1,1,2,1,2015,0.2938844263038345,0
2015-01-14,1,1,2,2,2015,0.5881638306537121,1
2015-01-15,1,1,3,3,2015,0.613082254218281,1
2015-01-16,1,1,4,3,2015,0.6621576632402942,1
2015-01-17,1,1,5,3,2015,0.5905432408286516,1
2015-01-18,1,1,6,3,2015,0.6924602436326837,1
2015-01-19,0,1,7,3,2015,0.7290536396317001,1
2015-01-20,1,0,6,2,2015,0.31515775559288917,0
2015-01-21,1,1,6,2,2015,0.5645668730003426,1
2015-01-22,1,1,6,2,2015,0.7744901715767616,1
2015-01-23,1,1,6,3,2015,0.841352180892242,1
2015-01-24,1,1,6,3,2015,0.7350709437277112,1
2015-01-25,1,1,6,3,2015,0.7443328717087218,1
2015-01-26,1,1,6,3,2015,0.8203549394352311,1
2015-01-27,1,1,7,3,2015,0.7989045414618107,1
2015-01-28,1,1,7,3,2015,0.8107788199550564,1
2015-01-29,1,1,7,3,2015,0.6422927595672163,1
2015-01-30,1,1,7,3,2015,0.6438250735387353,1
2015-01-31,1,1,7,3,2015,0.8559552053158961,1
2015-02-01,1,1,7,3,2015,0.8305243601445794,1
2015-02-02,1,1,7,3,2015,0.7564997368582981,1
2015-02-03,1,1,7,3,2015,0.7858407613311205,1
2015-02-04,1,1,7,3,2015,0.8336714143103394,1
2015-02-05,1,1,7,3,2015,0.8977795135644783,1
2015-02-06,1,1,7,3,2015,0.808767259701765,1
2015-02-07,1,1,7,3,2015,0.8162164180559691,1
2015-02-08,1,1,7,3,2015,0.8643093602579015,1
2015-02-09,1,1,7,3,2015,0.8804654714363888,1
2015-02-10,1,1,7,3,2015,0.8037003871739271,1
2015-02-11,1,1,7,3,2015,0.878445114981096,1
2015-02-12,1,1,7,3,2015,0.9299310606909512,1
2015-02-13,1,1,7,3,2015,0.8807504592795166,1
2015-02-14,1,1,7,3,2015,0.9082700770391593,1
2015-02-15,0,1,7,3,2015,0.8701094978301648,1
2015-02-16,1,0,6,2,2015,0.41237108190978167,1
2015-02-17,1,1,6,2,2015,0.6664151807892038,1
2015-02-18,0,1,6,2,2015,0.6823456037723017,1
2015-02-19,0,0,5,2,2015,0.3860228841197448,1
2015-02-20,0,0,4,1,2015,0.26611188414348064,0
2015-02-21,0,0,3,0,2015,0.21856226191695236,0
2015-02-22,0,0,2,0,2015,0.19349731493939706,0
2015-02-23,0,0,2,0,2015,0.18701915108523767,0
2015-02-24,0,0,1,0,2015,0.11641165419973841,0
2015-02-25,1,0,0,0,2015,0.14481132689569426,0
2015-02-26,1,1,1,1,2015,0.40906748868240755,1
2015-02-27,0,1,2,2,2015,0.5372081014252882,1
2015-02-28,0,0,2,2,2015,0.2567323091465002,0
2015-03-01,0,0,2,1,2015,0.1294727482293524,0
2015-03-02,1,0,2,0,2015,0.16163252222830543,0
2015-03-03,0,1,3,1,2015,0.32817148475697283,0
2015-03-04,0,0,3,1,2015,0.17187039448141764,0
2015-03-05,0,0,2,1,2015,0.16595062924325577,0
2015-03-06,0,0,1,0,2015,0.13390083810954448,0
2015-03-07,0,0,1,0,2015,0.12881899648066636,0
2015-03-08,0,0,1,0,2015,0.12426122217231089,0
2015-03-09,0,0,1,0,2015,0.11985783036659399,0
2015-03-10,0,0,0,0,2015,0.10469973645311405,0
2015-03-11,0,0,0,0,2015,0.101209920222609,0
2015-03-12,0,0,0,0,2015,0.09754874218640588,0
2015-03-13,0,0,0,0,2015,0.09401126734208103,0
2015-03-14,0,0,0,0,2015,0.09059406980776219,0
2015-03-15,0,0,0,0,2015,0.08729375367108151,0
2015-03-16,0,0,0,0,2015,0.08409872362807917,0
2015-03-17,0,0,0,0,2015,0.08100688124756118,0
2015-03-18,0,0,0,0,2015,0.08096167769161244,0
2015-03-19,0,0,0,0,2015,0.07799090993579677,0
2015-03-20,0,0,0,0,2015,0.0751240570362682,0
2015-03-21,0,0,0,0,2015,0.07508613272285262,0
2015-03-22,1,0,0,0,2015,0.07505188965220251,0
2015-03-23,0,1,1,1,2015,0.32336711513369054,0
2015-03-24,0,0,1,1,2015,0.13153704938039315,0
2015-03-25,0,0,1,1,2015,0.10142126691146595,0
2015-03-26,0,0,1,0,2015,0.09238322601039689,0
2015-03-27,0,0,1,0,2015,0.09236447031865537,0
2015-03-28,0,0,1,0,2015,0.08905448245410805,0
2015-03-29,1,0,1,0,2015,0.08585538093521673,0
2015-03-30,1,1,1,1,2015,0.2641088387338186,0
2015-03-31,0,1,2,2,2015,0.47058278577423235,1
2015-04-01,1,0,2,2,2015,0.16289010808071025,0
2015-04-02,1,1,3,2,2015,0.33686481655022416,0
2015-04-03,1,1,4,2,2015,0.42465201347792025,1
2015-04-04,0,1,5,3,2015,0.5364963906914473,1
2015-04-05,0,0,5,2,2015,0.2316085171978142,0
2015-04-06,0,0,4,1,2015,0.153862073194471,0
2015-04-07,0,0,3,0,2015,0.12830363947569404,0
2015-04-08,0,0,3,0,2015,0.12831654417423857,0
2015-04-09,1,0,2,0,2015,0.11666224725840152,0
2015-04-10,0,1,2,1,2015,0.3937532874854223,1
2015-04-11,1,0,1,1,2015,0.15850136567005632,0
2015-04-12,0,1,2,2,2015,0.33013155772285446,0
2015-04-13,0,0,2,1,2015,0.18171711333926285,0
2015-04-14,0,0,2,1,2015,0.14208585664402723,0
2015-04-15,1,0,2,0,2015,0.13000447472210752,0
2015-04-16,0,1,3,1,2015,0.35862919732050447,1
2015-04-17,0,0,2,1,2015,0.19117995510375912,0
2015-04-18,0,0,2,1,2015,0.15078965280568837,0
2015-04-19,0,0,1,0,2015,0.12595374157997538,0
2015-04-20,0,0,1,0,2015,0.12629102076458879,0
2015-04-21,0,0,1,0,2015,0.1266306453168119,0
2015-04-22,0,0,1,0,2015,0.1226089367902652,0
2015-04-23,0,0,0,0,2015,0.11144088406930899,0
2015-04-24,0,0,0,0,2015,0.11219624078628149,0
2015-04-25,0,0,0,0,2015,0.11250553285011729,0
2015-04-26,0,0,0,0,2015,0.11256941523730317,0
2015-04-27,1,0,0,0,2015,0.07811462068561408,0
2015-04-28,0,1,1,1,2015,0.3343018968135175,0
2015-04-29,0,0,1,1,2015,0.1821484541950418,0
2015-04-30,0,0,1,1,2015,0.13765128937255033,0
2015-05-01,0,0,1,0,2015,0.12621079373543237,0
2015-05-02,0,0,1,0,2015,0.12220453612303431,0
2015-05-03,0,0,1,0,2015,0.11810858020268723,0
2015-05-04,0,0,1,0,2015,0.11432692746847364,0
2015-05-05,0,0,0,0,2015,0.10405838739321524,0
2015-05-06,0,0,0,0,2015,0.10411790178947997,0
2015-05-07,0,0,0,0,2015,0.10412027874423863,0
2015-05-09,1,0,0,0,2015,0.10400497775833259,0
2015-05-10,0,1,1,1,2015,0.3139767950365383,0
2015-05-11,0,0,1,1,2015,0.16849975516419655,0
2015-05-12,0,0,1,1,2015,0.12681051335038843,0
2015-05-13,1,0,1,0,2015,0.11588613659927816,0
2015-05-14,0,1,2,1,2015,0.35434990779064557,1
2015-05-16,1,0,2,1,2015,0.09953706039864038,0
2015-05-17,1,1,2,1,2015,0.3260589234884522,0
2015-05-18,1,1,3,2,2015,0.4546193818300584,1
2015-05-19,1,1,4,3,2015,0.5570543410409838,1
2015-05-20,0,1,5,3,2015,0.737415759677893,1
2015-05-21,1,0,4,2,2015,0.27032827153184796,0
2015-05-22,1,1,5,2,2015,0.6276628356657513,1
2015-05-23,0,1,6,2,2015,0.5887069178270984,1
2015-05-24,0,0,5,2,2015,0.31347169114898826,0
2015-05-25,1,0,4,1,2015,0.21472319249065064,0
2015-05-26,0,1,4,1,2015,0.443442148390238,1
2015-05-27,0,0,3,1,2015,0.2579025702485871,0
2015-05-28,1,0,3,1,2015,0.20011661382215595,0
2015-05-29,1,1,3,1,2015,0.6445832298963851,1
2015-05-30,1,1,3,2,2015,0.7862143356839477,1
2015-05-31,1,1,4,3,2015,0.8093045414468129,1
2015-06-01,1,1,5,3,2015,0.640055667900397,1
2015-06-02,0,1,5,3,2015,0.559407990818667,1
2015-06-03,0,0,5,2,2015,0.28125609690503617,0
2015-06-04,0,0,5,1,2015,0.28221108898618574,0
2015-06-05,1,0,4,0,2015,0.24040673170643964,0
2015-06-06,1,1,4,1,2015,0.5289456055408707,1
2015-06-07,1,1,4,2,2015,0.6502135812053129,1
2015-06-08,1,1,4,3,2015,0.6989681929482852,1
2015-06-09,0,1,4,3,2015,0.6503757051646799,1
2015-06-10,0,0,4,2,2015,0.3775281876048676,1
2015-06-11,0,0,4,1,2015,0.2895926978677354,0
2015-06-12,1,0,4,0,2015,0.2687549419559018,0
2015-06-13,0,1,4,1,2015,0.5977726357434562,1
2015-06-14,0,0,3,1,2015,0.3322242741394558,0
2015-06-15,0,0,2,1,2015,0.24856741989308315,0
2015-06-16,1,0,1,0,2015,0.20442553649757986,0
2015-06-17,1,1,2,1,2015,0.4757527848784242,1
2015-06-18,1,1,3,2,2015,0.7647006919592952,1
2015-06-19,1,1,4,3,2015,0.765047631221085,1
2015-06-20,1,1,4,3,2015,0.6591608649668044,1
2015-06-21,1,1,5,3,2015,0.6862915498022287,1
2015-06-22,1,1,6,3,2015,0.8321885243010821,1
2015-06-23,0,1,7,3,2015,0.7487610537437153,1
2015-06-24,0,0,6,2,2015,0.4518377979801018,1
2015-06-25,1,0,5,1,2015,0.32296745723858367,0
2015-06-26,1,1,5,1,2015,0.5889032774824295,1
2015-06-27,1,1,5,2,2015,0.7210579864812489,1
2015-06-28,1,1,5,3,2015,0.7939225563235246,1
2015-06-29,1,1,5,3,2015,0.83647016504091,1
2015-06-30,1,1,5,3,2015,0.7798064081596141,1
2015-07-01,1,1,6,3,2015,0.8794593420578762,1
2015-07-02,1,1,7,3,2015,0.8970767685862461,1
2015-07-03,1,1,7,3,2015,0.8504194274193442,1
2015-07-04,1,1,7,3,2015,0.8849586011626956,1
2015-07-05,1,1,7,3,2015,0.8085600320162791,1
2015-07-06,1,1,7,3,2015,0.7893347286113803,1
2015-07-07,1,1,7,3,2015,0.8855046900872012,1
2015-07-08,1,1,7,3,2015,0.8629758269527771,1
2015-07-09,1,1,7,3,2015,0.8801386270945177,1
2015-07-10,1,1,7,3,2015,0.8904727358689657,1
2015-07-11,1,1,7,3,2015,0.9168944997007139,1
2015-07-12,1,1,7,3,2015,0.9283323296347193,1
2015-07-13,1,1,7,3,2015,0.931254240248799,1
2015-07-14,1,1,7,3,2015,0.9254578546851572,1
2015-07-15,1,1,7,3,2015,0.9175874632096648,1
2015-07-16,1,1,7,3,2015,0.9253369985522895,1
2015-07-17,1,1,7,3,2015,0.9177154376002047,1
2015-07-18,1,1,7,3,2015,0.9430128322442345,1
2015-07-19,1,1,7,3,2015,0.9041250635153327,1
2015-07-20,1,1,7,3,2015,0.9722592634325736,1
2015-07-21,1,1,7,3,2015,0.9721972760451342,1
2015-07-22,1,1,7,3,2015,0.9713054210554579,1
2015-07-23,1,1,7,3,2015,0.9723778841348673,1
2015-07-24,1,1,7,3,2015,0.9727620856657073,1
2015-07-25,1,1,7,3,2015,0.9657237788186712,1
2015-07-26,1,1,7,3,2015,0.9748753301096658,1
2015-07-27,1,1,7,3,2015,0.9772042928779409,1
2015-07-28,1,1,7,3,2015,0.9750394321596563,1
2015-07-29,1,1,7,3,2015,0.9717820313709573,1
2015-07-30,1,1,7,3,2015,0.9774231905711185,1
2015-07-31,1,1,7,3,2015,0.9773700642888498,1
2015-08-01,1,1,7,3,2015,0.9768098557880521,1
2015-08-02,1,1,7,3,2015,0.9639055847245811,1
2015-08-03,1,1,7,3,2015,0.9689870131035982,1
2015-08-04,1,1,7,3,2015,0.9724119719401161,1
2015-08-05,1,1,7,3,2015,0.9756119280394132,1
2015-08-06,1,1,7,3,2015,0.97733513389776,1
2015-08-07,1,1,7,3,2015,0.9733505251746041,1
2015-08-08,1,1,7,3,2015,0.9772555968445709,1
2015-08-09,1,1,7,3,2015,0.9630130026534898,1
2015-08-10,1,1,7,3,2015,0.9757539714641639,1
2015-08-11,1,1,7,3,2015,0.9757354473895098,1
2015-08-12,1,1,7,3,2015,0.9662827535812515,1
2015-08-13,1,1,7,3,2015,0.9719359447122118,1
2015-08-14,1,1,7,3,2015,0.9707636494117088,1
2015-08-15,1,1,7,3,2015,0.9642479559975892,1
2015-08-16,1,1,7,3,2015,0.9341826420603665,1
2015-08-17,1,1,7,3,2015,0.9526025665735179,1
2015-08-18,1,1,7,3,2015,0.9448622458529662,1
2015-08-19,1,1,7,3,2015,0.9157488016477445,1
2015-08-20,1,1,7,3,2015,0.9318788432741153,1
2015-08-21,1,1,7,3,2015,0.9370355514635023,1
2015-08-22,1,1,7,3,2015,0.9670047194364517,1
2015-08-23,1,1,7,3,2015,0.9205444241212898,1
2015-08-24,1,1,7,3,2015,0.9570354721872485,1
2015-08-25,1,1,7,3,2015,0.9491021076754037,1
2015-08-26,1,1,7,3,2015,0.965409196768574,1
2015-08-27,1,1,7,3,2015,0.9532872770999181,1
2015-08-28,1,1,7,3,2015,0.9567124099290858,1
2015-08-29,1,1,7,3,2015,0.9624231428456664,1
2015-08-30,1,1,7,3,2015,0.9685788848423186,1
2015-08-31,1,1,7,3,2015,0.9737512419305867,1
2015-09-01,1,1,7,3,2015,0.9714558363875306,1
2015-09-02,1,1,7,3,2015,0.9591677187991942,1
2015-09-03,1,1,7,3,2015,0.9578045254586268,1
2015-09-04,1,1,7,3,2015,0.9595458936160557,1
2015-09-05,1,1,7,3,2015,0.9730987916486392,1
2015-09-06,1,1,7,3,2015,0.9269693413985092,1
2015-09-07,1,1,7,3,2015,0.9209304758082938,1
2015-09-08,1,1,7,3,2015,0.9327098445190313,1
2015-09-09,1,1,7,3,2015,0.9442508966469746,1
2015-09-10,1,1,7,3,2015,0.957208294286406,1
2015-09-11,1,1,7,3,2015,0.8860495464564946,1
2015-09-12,1,1,7,3,2015,0.9220607971564775,1
2015-09-13,1,1,7,3,2015,0.9406519523737605,1
2015-09-14,1,1,7,3,2015,0.9527401498950822,1
2015-09-15,1,1,7,3,2015,0.9499640780501362,1
2015-09-16,1,1,7,3,2015,0.9302913211665169,1
2015-09-17,1,1,7,3,2015,0.964878729089019,1
2015-09-18,1,1,7,3,2015,0.9732305778984556,1
2015-09-19,1,1,7,3,2015,0.9696276499853544,1
2015-09-20,1,1,7,3,2015,0.9620428433279402,1
2015-09-21,1,1,7,3,2015,0.9689584484358095,1
2015-09-22,1,1,7,3,2015,0.9679192527413618,1
2015-09-23,1,1,7,3,2015,0.9430122058255198,1
2015-09-24,1,1,7,3,2015,0.9576661979837282,1
2015-09-25,1,1,7,3,2015,0.9568576423370811,1
2015-09-26,1,1,7,3,2015,0.94299241552493,1
2015-09-27,1,1,7,3,2015,0.9639905699980846,1
2015-09-28,1,1,7,3,2015,0.967684326405426,1
2015-09-29,1,1,7,3,2015,0.9633446009663946,1
2015-09-30,1,1,7,3,2015,0.9633178274883307,1
2015-10-01,1,1,7,3,2015,0.9238860080328727,1
2015-10-02,1,1,7,3,2015,0.9469368587200048,1
2015-10-03,1,1,7,3,2015,0.9189343545685997,1
2015-10-04,1,1,7,3,2015,0.9559795902038615,1
2015-10-05,1,1,7,3,2015,0.9252026529741976,1
2015-10-06,1,1,7,3,2015,0.892064292531196,1
2015-10-07,1,1,7,3,2015,0.9111632306722136,1
2015-10-08,1,1,7,3,2015,0.944827910446464,1
2015-10-09,1,1,7,3,2015,0.9288081045027772,1
2015-10-10,1,1,7,3,2015,0.9098467897104158,1
2015-10-11,1,1,7,3,2015,0.908807298552752,1
2015-10-12,1,1,7,3,2015,0.9452593638599269,1
2015-10-13,1,1,7,3,2015,0.9392395046416402,1
2015-10-14,1,1,7,3,2015,0.9495383920871747,1
2015-10-15,1,1,7,3,2015,0.9420252751720147,1
2015-10-16,1,1,7,3,2015,0.9300551637297574,1
2015-10-17,1,1,7,3,2015,0.8939783906248345,1
2015-10-18,1,1,7,3,2015,0.8953800482495714,1
2015-10-19,1,1,7,3,2015,0.936875723460249,1
2015-10-20,1,1,7,3,2015,0.885265911928327,1
2015-10-21,1,1,7,3,2015,0.8306529517962066,1
2015-10-22,1,1,7,3,2015,0.8962217590819174,1
2015-10-23,1,1,7,3,2015,0.9513714748139936,1
2015-10-24,1,1,7,3,2015,0.941841632539349,1
2015-10-25,1,1,7,3,2015,0.9431474685444984,1
2015-10-26,1,1,7,3,2015,0.9584093123696081,1
2015-10-27,1,1,7,3,2015,0.9335417880364864,1
2015-10-28,1,1,7,3,2015,0.8481284839213613,1
2015-10-29,1,1,7,3,2015,0.823362867641572,1
2015-10-30,1,1,7,3,2015,0.9153774451336336,1
2015-10-31,1,1,7,3,2015,0.9045730611735145,1
2015-11-01,1,1,7,3,2015,0.9178462572825402,1
2015-11-02,0,1,7,3,2015,0.9164464209368716,1
2015-11-03,0,0,6,2,2015,0.40002305437417185,1
2015-11-04,0,0,5,1,2015,0.2754863159414613,0
2015-11-05,1,0,4,0,2015,0.2257756698592376,0
2015-11-06,1,1,4,1,2015,0.6054999013847153,1
2015-11-07,1,1,4,2,2015,0.7518030844911139,1
2015-11-08,1,1,4,3,2015,0.7662582486748158,1
2015-11-09,1,1,4,3,2015,0.6883838800277582,1
2015-11-11,1,1,5,2,2015,0.4140641239572028,1
2015-11-12,0,1,6,2,2015,0.6340022901394362,1
2015-11-13,1,0,5,1,2015,0.3912830441054539,1
2015-11-14,1,1,5,2,2015,0.6474606441453753,1
2015-11-15,0,1,5,2,2015,0.7537600066226133,1
2015-11-17,0,0,3,1,2015,0.1867601889436668,0
2015-11-18,1,0,3,0,2015,0.16414879114852066,0
2015-11-19,1,1,3,1,2015,0.4119640439394945,1
2015-11-20,0,1,4,2,2015,0.8005827762837321,1
2015-11-21,1,0,3,2,2015,0.3151313450588474,0
2015-11-22,1,1,3,2,2015,0.6446035885825201,1
2015-11-23,0,1,4,2,2015,0.6251531466572913,1
2015-11-24,1,0,4,2,2015,0.3285236825588455,0
2015-11-27,1,1,3,1,2015,0.19870923081849864,0
2015-11-28,1,1,4,1,2015,0.5389402707105531,1
2015-11-29,1,1,4,2,2015,0.6763092931496728,1
2015-11-30,1,1,4,3,2015,0.6368616682960584,1
2015-12-01,1,1,5,3,2015,0.6624063975619328,1
2015-12-02,1,1,5,3,2015,0.8045237184061403,1
2015-12-03,0,1,6,3,2015,0.7482011959296244,1
2015-12-04,0,0,6,2,2015,0.26960255674773786,0
2015-12-05,1,0,5,1,2015,0.18059850788439613,0
2015-12-06,1,1,5,1,2015,0.480962430498615,1
2015-12-07,0,1,5,2,2015,0.6002323434003117,1
2015-12-08,0,0,4,2,2015,0.21954093742901795,0
2015-12-09,0,0,3,1,2015,0.13891856890830678,0
2015-12-10,0,0,2,0,2015,0.11001824636060958,0
2015-12-12,0,0,2,0,2015,0.10477973125887692,0
2015-12-13,1,0,1,0,2015,0.09438768558565196,0
2015-12-15,0,1,1,1,2015,0.17524334863085703,0
2015-12-16,1,0,1,1,2015,0.10098247298849684,0
2015-12-17,0,1,2,1,2015,0.345862690053137,0
2015-12-18,1,0,2,1,2015,0.14884569259332028,0
2015-12-19,0,1,3,2,2015,0.4338709492648949,1
2015-12-20,0,0,3,1,2015,0.21863064530042112,0
2015-12-21,0,0,2,1,2015,0.1563961879866108,0
2015-12-23,0,0,2,0,2015,0.0918746375287654,0
2015-12-24,1,0,1,0,2015,0.08228221525956131,0
2015-12-26,0,1,1,1,2015,0.15884049162583877,0
2015-12-27,1,0,1,1,2015,0.09082007403740863,0
2015-12-28,0,1,2,1,2015,0.437217657598483,1
2015-12-29,0,0,2,1,2015,0.17729776597593375,0
2015-12-30,0,0,2,1,2015,0.13301874363048363,0
2015-12-31,0,0,2,0,2015,0.11675604826311715,0
2016-01-01,1,0,1,0,2016,0.11921267502740804,0
2016-01-02,1,1,2,1,2016,0.29516069909666753,0
2016-01-03,1,1,3,2,2016,0.43873225565451845,1
2016-01-14,0,1,3,2,2016,0.4329215106706841,1
2016-01-15,0,0,3,2,2016,0.1792065586094417,0
2016-01-16,0,0,3,1,2016,0.1653833081627027,0
2016-01-17,1,0,2,0,2016,0.13486610480478983,0
2016-01-18,1,1,3,1,2016,0.3817502751149925,1
2016-01-19,0,1,4,2,2016,0.5101989369212986,1
2016-01-20,0,0,3,2,2016,0.18189514289838057,0
2016-01-21,0,0,2,1,2016,0.15817924811768344,0
2016-01-22,0,0,2,0,2016,0.1420925617300497,0
2016-01-23,0,0,2,0,2016,0.1416610028205476,0
2016-01-24,0,0,2,0,2016,0.1361863712539265,0
2016-01-26,0,0,0,0,2016,0.11014268492645961,0
2016-01-27,0,0,0,0,2016,0.0805531468340254,0
2016-01-28,0,0,0,0,2016,0.105179329152181,0
2016-01-29,0,0,0,0,2016,0.079541525038125,0
2016-01-30,0,0,0,0,2016,0.10382944355083722,0
2016-02-02,0,0,0,0,2016,0.07181876624911615,0
2016-02-03,0,0,0,0,2016,0.06839657243604955,0
2016-02-04,0,0,0,0,2016,0.06827250061443298,0
2016-02-05,0,0,0,0,2016,0.06768285637435774,0
2016-02-06,0,0,0,0,2016,0.06704964489627328,0
2016-02-07,0,0,0,0,2016,0.08756730239352516,0
2016-02-08,0,0,0,0,2016,0.06572169379217743,0
2016-02-09,1,0,0,0,2016,0.08267926768536843,0
2016-02-10,0,1,1,1,2016,0.45569794774541933,1
2016-02-11,0,0,1,1,2016,0.1470473492978853,0
2016-02-12,0,0,1,1,2016,0.11489742803064566,0
2016-02-13,0,0,1,0,2016,0.09869758192288033,0
2016-02-14,0,0,1,0,2016,0.09790850173351781,0
2016-02-15,0,0,1,0,2016,0.09734117112382883,0
2016-02-16,0,0,1,0,2016,0.09651504678529689,0
2016-02-17,0,0,0,0,2016,0.08273057363945321,0
2016-02-18,0,0,0,0,2016,0.07889782778870524,0
2016-02-19,0,0,0,0,2016,0.07796014217862174,0
2016-02-20,0,0,0,0,2016,0.05843789026315673,0
2016-02-21,0,0,0,0,2016,0.07642166988930911,0
2016-02-22,0,0,0,0,2016,0.05726573638499354,0
2016-02-23,0,0,0,0,2016,0.07515016133417807,0
2016-02-24,1,0,0,0,2016,0.07452772353906896,0
2016-02-25,0,1,1,1,2016,0.25204475119891884,0
2016-02-26,0,0,1,1,2016,0.09739161713694175,0
2016-02-27,0,0,1,1,2016,0.07819433438501029,0
2016-02-28,0,0,1,0,2016,0.069455432531256,0
2016-02-29,0,0,1,0,2016,0.06889641392508987,0
2016-03-01,0,0,1,0,2016,0.06834507512685767,0
2016-03-02,0,0,1,0,2016,0.08968500095299997,0
2016-03-03,0,0,0,0,2016,0.06024251178268791,0
2016-03-04,0,0,0,0,2016,0.07903387234010169,0
2016-03-05,0,0,0,0,2016,0.07897543255980823,0
2016-03-06,0,0,0,0,2016,0.059459643403115645,0
2016-03-08,0,0,0,0,2016,0.0589413199339873,0
2016-03-09,0,0,0,0,2016,0.05869277850560971,0
2016-03-10,0,0,0,0,2016,0.05865140416023713,0
2016-03-11,0,0,0,0,2016,0.056126703205178805,0
2016-03-12,0,0,0,0,2016,0.055702676234320604,0
2016-03-13,0,0,0,0,2016,0.0554772410203509,0
2016-03-14,0,0,0,0,2016,0.07342187545503703,0
2016-03-15,0,0,0,0,2016,0.055218262764177406,0
2016-03-16,0,0,0,0,2016,0.07306078839993815,0
2016-03-17,0,0,0,0,2016,0.07278296949809625,0
2016-03-18,0,0,0,0,2016,0.07273683502575415,0
2016-03-19,0,0,0,0,2016,0.07245036758112722,0
2016-03-20,0,0,0,0,2016,0.07216800400020029,0
2016-03-21,1,0,0,0,2016,0.07188965143798975,0
2016-03-23,1,1,1,1,2016,0.13341755587443554,0
2016-03-24,1,1,2,2,2016,0.3176432974287897,0
2016-03-25,0,1,3,2,2016,0.3916135986019885,1
2016-03-26,0,0,3,2,2016,0.18620455141560247,0
2016-03-27,0,0,3,1,2016,0.13830090071181725,0
2016-03-28,0,0,3,0,2016,0.12430531002389646,0
2016-03-29,0,0,2,0,2016,0.08546145887896978,0
2016-03-30,0,0,2,0,2016,0.08542175276782353,0
2016-03-31,0,0,1,0,2016,0.07663572940600032,0
2016-04-01,0,0,0,0,2016,0.09053861896093347,0
2016-04-02,0,0,0,0,2016,0.09049577876241753,0
2016-04-03,0,0,0,0,2016,0.09016010275305934,0
2016-04-04,0,0,0,0,2016,0.09009088923060611,0
2016-04-05,0,0,0,0,2016,0.09004612866488204,0
2016-04-06,0,0,0,0,2016,0.08976932467982247,0
2016-04-07,0,0,0,0,2016,0.06785430567495013,0
2016-04-08,0,0,0,0,2016,0.0894268958988215,0
2016-04-09,0,0,0,0,2016,0.08938454509890593,0
2016-04-10,1,0,0,0,2016,0.06775563553930197,0
2016-04-11,0,1,1,1,2016,0.2247028517869767,0
2016-04-12,0,0,1,1,2016,0.11962284953562695,0
2016-04-13,0,0,1,1,2016,0.09673290855428184,0
2016-04-14,1,0,1,0,2016,0.11308305895953372,0
2016-04-16,0,1,2,1,2016,0.18077714906321796,0
2016-04-17,0,0,2,1,2016,0.14736968817756968,0
2016-04-18,0,0,1,0,2016,0.1200474811947888,0
2016-04-19,0,0,1,0,2016,0.1200378413654713,0
2016-04-20,0,0,1,0,2016,0.12002963737259342,0
2016-04-21,0,0,1,0,2016,0.11562772262433167,0
2016-04-22,0,0,0,0,2016,0.07931957693506972,0
2016-04-23,0,0,0,0,2016,0.07688839104956272,0
2016-04-24,0,0,0,0,2016,0.09702276449353069,0
2016-04-25,0,0,0,0,2016,0.09675613901609001,0
2016-04-26,0,0,0,0,2016,0.07311155790319558,0
2016-04-27,0,0,0,0,2016,0.09648973368008364,0
2016-04-28,0,0,0,0,2016,0.07331526465645204,0
2016-04-29,0,0,0,0,2016,0.07315077168797271,0
2016-04-30,0,0,0,0,2016,0.09627946496033023,0
2016-05-01,1,0,0,0,2016,0.0965457445732665,0
2016-05-02,0,1,1,1,2016,0.41353511775104657,1
2016-05-03,0,0,1,1,2016,0.16676441672852454,0
2016-05-04,0,0,1,1,2016,0.1373573432587728,0
2016-05-05,1,0,1,0,2016,0.12386917092870314,0
2016-05-06,0,1,2,1,2016,0.45398239502069204,1
2016-05-07,0,0,2,1,2016,0.19373275792681696,0
2016-05-08,0,0,2,1,2016,0.15966237439992675,0
2016-05-09,0,0,1,0,2016,0.1304210867542028,0
2016-05-10,0,0,1,0,2016,0.13007540837175555,0
2016-05-11,0,0,1,0,2016,0.1250295303760953,0
2016-05-12,0,0,1,0,2016,0.12469404073856073,0
2016-05-13,0,0,0,0,2016,0.11210895051210988,0
2016-05-14,1,0,0,0,2016,0.11232631303649873,0
2016-05-15,1,1,1,1,2016,0.31749470546092706,0
2016-05-16,0,1,2,2,2016,0.43075416174424513,1
2016-05-17,0,0,2,2,2016,0.2230715543429239,0
2016-05-18,0,0,2,1,2016,0.16732494595741995,0
2016-05-19,0,0,2,0,2016,0.15061273915447942,0
2016-05-20,0,0,2,0,2016,0.15059149248942683,0
2016-05-21,0,0,2,0,2016,0.15056777502972002,0
2016-05-22,0,0,1,0,2016,0.13611414288873314,0
2016-05-23,0,0,0,0,2016,0.12339582011692762,0
2016-05-24,0,0,0,0,2016,0.12207298909459426,0
2016-05-25,0,0,0,0,2016,0.12172036138264182,0
2016-05-26,0,0,0,0,2016,0.12200835341917278,0
2016-05-27,0,0,0,0,2016,0.12261712610986378,0
2016-05-28,0,0,0,0,2016,0.12225498075655093,0
2016-05-29,0,0,0,0,2016,0.12156956368852542,0
2016-05-30,0,0,0,0,2016,0.12142177178453292,0
2016-05-31,0,0,0,0,2016,0.1213719958797076,0
2016-06-01,0,0,0,0,2016,0.11657468296561095,0
2016-06-02,0,0,0,0,2016,0.11611349314937541,0
2016-06-03,0,0,0,0,2016,0.11544588971220193,0
2016-06-04,1,0,0,0,2016,0.11508064125459809,0
2016-06-05,0,1,1,1,2016,0.40515350507939113,1
2016-06-06,0,0,1,1,2016,0.14820855643055794,0
2016-06-07,0,0,1,1,2016,0.121405110151136,0
2016-06-08,0,0,1,0,2016,0.10892002972144872,0
2016-06-09,0,0,1,0,2016,0.10884207784299381,0
2016-06-10,0,0,1,0,2016,0.10876046537091774,0
2016-06-11,0,0,1,0,2016,0.14132121068217682,0
2016-06-12,0,0,0,0,2016,0.12721363259714769,0
2016-06-13,1,0,0,0,2016,0.12710691339168687,0
2016-06-14,0,1,1,1,2016,0.33976757923210277,0
2016-06-15,0,0,1,1,2016,0.1481909574827597,0
2016-06-16,0,0,1,1,2016,0.12113569459993198,0
2016-06-17,1,0,1,0,2016,0.14163550978959533,0
2016-06-18,0,1,2,1,2016,0.3068615494849271,0
2016-06-19,0,0,2,1,2016,0.21875890518141827,0
2016-06-20,0,0,2,1,2016,0.1815394386024958,0
2016-06-21,0,0,1,0,2016,0.14846168785186276,0
2016-06-22,1,0,1,0,2016,0.14754414824681916,0
2016-06-23,1,1,2,1,2016,0.4083020733276533,1
2016-06-24,1,1,3,2,2016,0.6005470878890194,1
2016-06-25,0,1,3,3,2016,0.5790416133136336,1
2016-06-26,1,0,3,2,2016,0.2934316492027518,0
2016-06-27,0,1,4,2,2016,0.5033259610862311,1
2016-06-28,0,0,4,1,2016,0.30286643427551607,0
2016-06-29,1,0,4,1,2016,0.25763436567394166,0
2016-06-30,0,1,4,1,2016,0.4952698095550968,1
2016-07-01,0,0,3,1,2016,0.29266082711717006,0
2016-07-02,1,0,2,1,2016,0.22552979385609628,0
2016-07-03,0,1,3,1,2016,0.5952495340780131,1
2016-07-04,1,0,2,1,2016,0.28017024139220903,0
2016-07-05,0,1,3,2,2016,0.6186884806033758,1
2016-07-06,1,0,3,1,2016,0.30580348311674327,0
2016-07-07,1,1,3,2,2016,0.5280558584521167,1
2016-07-08,1,1,4,2,2016,0.6442998979905635,1
2016-07-09,1,1,5,3,2016,0.8489448111036022,1
2016-07-10,1,1,5,3,2016,0.6959931912032493,1
2016-07-11,1,1,6,3,2016,0.7307208417449096,1
2016-07-12,1,1,6,3,2016,0.896241515798819,1
2016-07-13,1,1,7,3,2016,0.9456442537229747,1
2016-07-14,1,1,7,3,2016,0.9582611306487839,1
2016-07-15,1,1,7,3,2016,0.9460575125679792,1
2016-07-16,0,1,7,3,2016,0.795817942442318,1
2016-07-17,1,0,6,2,2016,0.5248497187940931,1
2016-07-18,1,1,6,2,2016,0.9297146747143119,1
2016-07-19,1,1,6,2,2016,0.9468732077437496,1
2016-07-20,1,1,6,3,2016,0.8416996617665743,1
2016-07-21,1,1,6,3,2016,0.8864333249325039,1
2016-07-22,1,1,6,3,2016,0.9289128800749819,1
2016-07-23,1,1,6,3,2016,0.9421198040876032,1
2016-07-24,1,1,7,3,2016,0.9651943073126102,1
2016-07-25,1,1,7,3,2016,0.891893787573346,1
2016-07-26,1,1,7,3,2016,0.845120232669298,1
2016-07-27,1,1,7,3,2016,0.9108164720021237,1
2016-07-28,1,1,7,3,2016,0.8901061435203678,1
2016-07-29,1,1,7,3,2016,0.932606072437702,1
2016-07-30,1,1,7,3,2016,0.8921346217701339,1
2016-07-31,0,1,7,3,2016,0.9139230225080694,1
2016-08-01,0,0,6,2,2016,0.6108133229705164,1
2016-08-02,0,0,5,1,2016,0.4826423206669986,1
2016-08-03,0,0,4,0,2016,0.4231778357728557,1
2016-08-04,0,0,3,0,2016,0.3830968218220185,1
2016-08-05,1,0,2,0,2016,0.3548184678445945,1
2016-08-06,1,1,2,1,2016,0.7195322354954439,1
2016-08-07,1,1,2,2,2016,0.7094803377472055,1
2016-08-08,1,1,3,3,2016,0.812249684623373,1
2016-08-09,1,0,3,2,2016,0.4922838350229841,1
2016-08-10,1,1,5,3,2016,0.8469097461805198,1
2016-08-11,1,1,6,3,2016,0.8792146269014219,1
2016-08-12,1,1,7,3,2016,0.907363057420235,1
2016-08-13,1,1,7,3,2016,0.8308399513976059,1
2016-08-14,1,1,7,3,2016,0.89626004589546,1
2016-08-15,1,1,7,3,2016,0.8916893265315391,1
2016-08-16,1,1,7,3,2016,0.8751597218723806,1
2016-08-17,0,1,7,3,2016,0.8406702766317915,1
2016-08-18,0,0,6,2,2016,0.5855016373739613,1
2016-08-19,1,0,5,1,2016,0.45762069027006325,1
2016-08-20,0,1,5,1,2016,0.6952863632954568,1
2016-08-21,0,0,4,1,2016,0.47511641044033165,1
2016-08-22,1,0,3,1,2016,0.3777359674941085,1
2016-08-23,1,1,3,1,2016,0.7548171917244737,1
2016-08-24,1,1,3,2,2016,0.698667867224057,1
2016-08-25,1,1,4,3,2016,0.7474069077730108,1
2016-08-26,0,1,5,3,2016,0.8276511774984215,1
2016-08-27,0,0,4,2,2016,0.4830657765237868,1
2016-08-28,1,0,4,1,2016,0.38625832469663424,1
2016-08-29,1,1,5,1,2016,0.881025056597305,1
2016-08-30,0,1,5,2,2016,0.7530403180041558,1
2016-08-31,1,0,4,2,2016,0.4745232289678507,1
2016-09-01,1,1,4,2,2016,0.7029287083160318,1
2016-09-02,1,1,4,2,2016,0.7913237836121988,1
2016-09-03,1,1,5,3,2016,0.7767921447833012,1
2016-09-04,1,1,6,3,2016,0.857914818753731,1
2016-09-05,1,1,6,3,2016,0.8467058412221795,1
2016-09-06,1,1,6,3,2016,0.852989154086261,1
2016-09-07,1,1,7,3,2016,0.8745338198866709,1
2016-09-08,1,1,7,3,2016,0.8257820940673541,1
2016-09-09,1,1,7,3,2016,0.8467559236367698,1
2016-09-10,1,1,7,3,2016,0.8908258406037015,1
2016-09-11,0,1,7,3,2016,0.9355480489725251,1
2016-09-12,0,0,6,2,2016,0.5591563336370761,1
2016-09-13,1,0,5,1,2016,0.35850024765240185,1
2016-09-14,1,1,5,1,2016,0.6525183430308094,1
2016-09-15,0,1,5,2,2016,0.8202937710210143,1
2016-09-16,0,0,4,2,2016,0.47849474790730645,1
2016-09-17,1,0,3,1,2016,0.295974417109009,0
2016-09-18,1,1,3,1,2016,0.5382934575680463,1
2016-09-19,0,1,4,2,2016,0.6484138787049186,1
2016-09-20,0,0,4,2,2016,0.4094399675682997,1
2016-09-21,1,0,3,1,2016,0.3013206182121732,0
2016-09-22,0,1,3,1,2016,0.6142713597226238,1
2016-09-23,1,0,3,1,2016,0.3435324755767955,0
2016-09-24,0,1,4,2,2016,0.585063723618435,1
2016-09-25,0,0,3,1,2016,0.40092139574914737,1
2016-09-26,0,0,2,1,2016,0.317232826056761,0
2016-09-27,0,0,2,0,2016,0.2894537711085117,0
2016-09-28,0,0,2,0,2016,0.27769358195057214,0
2016-09-29,0,0,1,0,2016,0.1937980489008377,0
2016-09-30,1,0,1,0,2016,0.24318616009528027,0
2016-10-01,1,1,1,1,2016,0.7558277256365057,1
2016-10-02,0,1,2,2,2016,0.6149438296191113,1
2016-10-03,1,0,2,2,2016,0.3599682088793733,1
2016-10-04,0,1,3,2,2016,0.68037706234615,1
2016-10-05,0,0,3,1,2016,0.3485106713772299,0
2016-10-06,1,0,3,1,2016,0.28708428193113167,0
2016-10-07,1,1,4,1,2016,0.5556478399523351,1
2016-10-08,1,1,4,2,2016,0.6745493390827906,1
2016-10-09,1,1,4,3,2016,0.7899424744276861,1
2016-10-10,1,1,5,3,2016,0.683700449405685,1
2016-10-11,1,1,5,3,2016,0.6835889858927411,1
2016-10-12,0,1,6,3,2016,0.846933343217365,1
2016-10-13,0,0,6,2,2016,0.4490466807459725,1
2016-10-14,1,0,5,1,2016,0.3249516234601067,0
2016-10-15,0,1,5,1,2016,0.5691347536022031,1
2016-10-16,0,0,4,1,2016,0.34906117121631647,0
2016-10-17,0,0,3,1,2016,0.2711865332355452,0
2016-10-18,0,0,2,0,2016,0.17072137525468242,0
2016-10-19,0,0,1,0,2016,0.14722757837935535,0
2016-10-20,0,0,1,0,2016,0.18698834215232313,0
2016-10-21,0,0,1,0,2016,0.18499221556477113,0
2016-10-22,0,0,0,0,2016,0.16030592157991924,0
2016-10-23,0,0,0,0,2016,0.1581422647303601,0
2016-10-24,0,0,0,0,2016,0.1164532345841445,0
2016-10-25,0,0,0,0,2016,0.11521485707227888,0
2016-10-26,0,0,0,0,2016,0.11417175567723953,0
2016-10-27,0,0,0,0,2016,0.11283678844848447,0
2016-10-28,0,0,0,0,2016,0.11210860695893626,0
2016-10-29,0,0,0,0,2016,0.11108871059392943,0
2016-10-30,1,0,0,0,2016,0.10930953148932983,0
2016-10-31,0,1,1,1,2016,0.31272461452020084,0
2016-11-01,0,0,1,1,2016,0.16757061865929662,0
2016-11-02,0,0,1,1,2016,0.1361048835526097,0
2016-11-03,0,0,1,0,2016,0.11654612332800178,0
2016-11-04,0,0,1,0,2016,0.11487532691087436,0
2016-11-05,0,0,1,0,2016,0.14751027347774623,0
2016-11-06,0,0,1,0,2016,0.10843622013948434,0
2016-11-07,0,0,0,0,2016,0.12076632552728916,0
2016-11-08,0,0,0,0,2016,0.08836572065791418,0
2016-11-09,0,0,0,0,2016,0.08405725737752989,0
2016-11-10,0,0,0,0,2016,0.07993933065418603,0
2016-11-11,0,0,0,0,2016,0.07572444584158562,0
2016-11-12,0,0,0,0,2016,0.09811373059650923,0
2016-11-13,1,0,0,0,2016,0.07366781502850452,0
2016-11-14,1,1,1,1,2016,0.41438795104750636,1
2016-11-15,1,1,2,2,2016,0.48309615258418825,1
2016-11-16,0,1,3,3,2016,0.5855166828638801,1
2016-11-17,0,0,3,2,2016,0.17212540495538556,0
2016-11-18,0,0,3,1,2016,0.12624518321607228,0
2016-11-19,0,0,3,0,2016,0.1463388180063398,0
2016-11-20,0,0,3,0,2016,0.1113706038887989,0
2016-11-21,0,0,2,0,2016,0.09934905608633433,0
2016-11-22,0,0,1,0,2016,0.0883034253125226,0
2016-11-23,0,0,0,0,2016,0.10291003150438663,0
2016-11-24,0,0,0,0,2016,0.07711264292204335,0
2016-11-25,1,0,0,0,2016,0.07618503978265699,0
2016-11-26,0,1,1,1,2016,0.3477460681677251,0
2016-11-28,0,0,1,1,2016,0.10026248468456063,0
2016-11-30,0,0,1,0,2016,0.08459091869711499,0
2016-12-01,0,0,1,0,2016,0.0835916904522284,0
2016-12-02,0,0,1,0,2016,0.08308585578271473,0
2016-12-03,0,0,0,0,2016,0.07392218578064387,0
2016-12-04,0,0,0,0,2016,0.07307931325901523,0
2016-12-05,0,0,0,0,2016,0.07267779017543191,0
2016-12-06,0,0,0,0,2016,0.07206698534643226,0
2016-12-07,0,0,0,0,2016,0.07121266313117222,0
2016-12-08,0,0,0,0,2016,0.07075843846426062,0
2016-12-09,0,0,0,0,2016,0.06963704711837385,0
2016-12-10,0,0,0,0,2016,0.06881292431525683,0
2016-12-11,0,0,0,0,2016,0.06859527323064474,0
2016-12-12,0,0,0,0,2016,0.08965116677289814,0
2016-12-13,0,0,0,0,2016,0.0674041630786719,0
2016-12-14,0,0,0,0,2016,0.06423069075529568,0
2016-12-15,0,0,0,0,2016,0.06104068527118392,0
2016-12-17,0,0,0,0,2016,0.05747211361186212,0
2016-12-18,0,0,0,0,2016,0.05700460080276653,0
2016-12-19,0,0,0,0,2016,0.05654342236407782,0
2016-12-20,0,0,0,0,2016,0.055911276698833966,0
2016-12-21,0,0,0,0,2016,0.05546289630004604,0
2016-12-23,0,0,0,0,2016,0.054035646829674294,0
2016-12-30,1,1,2,2,2016,0.275169723780446,0
2016-12-31,0,1,3,3,2016,0.4264250338541121,1
2017-01-01,0,0,3,2,2017,0.13510863175659318,0
2017-01-02,0,0,3,1,2017,0.10200797033905343,0
2017-01-03,0,0,3,0,2017,0.09080929341066364,0
2017-01-04,0,0,3,0,2017,0.08992876455680533,0
2017-01-05,1,0,2,0,2017,0.08080917769581282,0
2017-01-06,1,1,2,1,2017,0.30447385440808983,0
2017-01-07,1,1,2,2,2017,0.2984804398984465,0
2017-01-08,1,1,3,3,2017,0.3895746765491099,1
2017-01-09,0,1,4,3,2017,0.45117452786871726,1
2017-01-10,0,0,4,2,2017,0.17025740283829163,0
2017-01-11,0,0,4,1,2017,0.12930648659762492,0
2017-01-12,1,0,4,0,2017,0.11481155125608183,0
2017-01-13,1,1,4,1,2017,0.33464668674874665,0
2017-01-14,1,1,4,2,2017,0.4411505092476474,1
2017-01-15,0,1,4,3,2017,0.40908507025071134,1
2017-01-16,1,0,3,2,2017,0.22388821365017597,0
2017-01-17,0,1,4,2,2017,0.4039737121592924,1
2017-01-18,0,0,4,1,2017,0.1753737867837115,0
2017-01-30,0,0,1,0,2017,0.09246866023892834,0
2017-01-31,0,0,1,0,2017,0.09176206366827495,0
2017-02-01,0,0,1,0,2017,0.09147520648863894,0
2017-02-02,0,0,1,0,2017,0.0907040037594432,0
2017-02-03,1,0,0,0,2017,0.08110717790620091,0
2017-02-04,0,1,1,1,2017,0.26297403329322494,0
2017-02-05,0,0,1,1,2017,0.1234839704954124,0
2017-02-06,0,0,1,1,2017,0.09937611959030164,0
2017-02-07,0,0,1,0,2017,0.08468273575468052,0
2017-02-08,0,0,1,0,2017,0.08067693003300941,0
2017-02-09,0,0,1,0,2017,0.08024246686458514,0
2017-02-10,0,0,1,0,2017,0.07996465610755446,0
2017-02-11,0,0,0,0,2017,0.07177835313966162,0
2017-02-12,0,0,0,0,2017,0.06838297787989943,0
2017-02-13,0,0,0,0,2017,0.08870128706652215,0
2017-02-14,0,0,0,0,2017,0.062091684351582056,0
2017-02-15,0,0,0,0,2017,0.061750961714180354,0
2017-02-16,0,0,0,0,2017,0.05879299651318545,0
2017-02-19,0,0,0,0,2017,0.05737320956330687,0
2017-02-20,0,0,0,0,2017,0.056964255666972385,0
2017-02-21,0,0,0,0,2017,0.05646086896885382,0
2017-02-22,0,0,0,0,2017,0.05606326180352396,0
2017-02-23,0,0,0,0,2017,0.05567157483928681,0
2017-02-24,0,0,0,0,2017,0.0552857027170821,0
2017-02-25,0,0,0,0,2017,0.05477781286048749,0
2017-02-26,0,0,0,0,2017,0.07139070843976734,0
2017-03-01,0,0,0,0,2017,0.05113096625496493,0
2017-03-02,0,0,0,0,2017,0.050792935400425746,0
2017-03-03,1,0,0,0,2017,0.0505707651423378,0
2017-03-04,0,1,1,1,2017,0.23302074734296718,0
2017-03-05,0,0,1,1,2017,0.09166534999040916,0
2017-03-06,0,0,1,1,2017,0.07371450996693328,0
2017-03-07,0,0,1,0,2017,0.06561068645195361,0
2017-03-08,0,0,1,0,2017,0.0653536703285869,0
2017-03-09,0,0,1,0,2017,0.06525017563829343,0
2017-03-10,0,0,1,0,2017,0.06515008316639112,0
2017-03-11,0,0,0,0,2017,0.05861266015539641,0
2017-03-12,0,0,0,0,2017,0.07951182811963516,0
2017-03-13,0,0,0,0,2017,0.07904559429742959,0
2017-03-14,0,0,0,0,2017,0.07876311419430271,0
2017-03-15,0,0,0,0,2017,0.07866254094207306,0
2017-03-16,0,0,0,0,2017,0.07837752691022365,0
2017-03-17,1,0,0,0,2017,0.07826007059944635,0
2017-03-18,0,1,1,1,2017,0.24150103001119957,0
2017-03-19,0,0,1,1,2017,0.12912179034461285,0
2017-03-20,0,0,1,1,2017,0.10868000841387819,0
2017-03-21,0,0,1,0,2017,0.09697662012925537,0
2017-03-22,0,0,1,0,2017,0.09665473947392131,0
2017-03-23,0,0,1,0,2017,0.07077893279925505,0
2017-03-24,0,0,1,0,2017,0.07053402790076754,0
2017-03-25,0,0,0,0,2017,0.08650923961279396,0
2017-03-26,0,0,0,0,2017,0.0862324378720312,0
2017-03-27,0,0,0,0,2017,0.08631913482209008,0
2017-03-28,0,0,0,0,2017,0.06316683660972866,0
2017-03-29,0,0,0,0,2017,0.08577926021751382,0
2017-03-30,0,0,0,0,2017,0.08569090852259167,0
2017-03-31,0,0,0,0,2017,0.08577894244946589,0
2017-04-01,0,0,0,0,2017,0.06291212078259668,0
2017-04-02,0,0,0,0,2017,0.08562331477594019,0
2017-04-03,0,0,0,0,2017,0.08216013978209626,0
2017-04-04,0,0,0,0,2017,0.0818962792978791,0
2017-04-05,0,0,0,0,2017,0.08179894174077627,0
2017-04-06,0,0,0,0,2017,0.0817196782043516,0
2017-04-07,0,0,0,0,2017,0.08133700617737293,0
2017-04-08,0,0,0,0,2017,0.08108402515873477,0
2017-04-09,0,0,0,0,2017,0.08085119941415053,0
2017-04-10,0,0,0,0,2017,0.0806209446095709,0
2017-04-11,0,0,0,0,2017,0.08054907244945139,0
2017-04-12,0,0,0,0,2017,0.08078844338079463,0
2017-04-13,0,0,0,0,2017,0.08056075178536386,0
2017-04-14,0,0,0,0,2017,0.08020030107891032,0
2017-04-15,0,0,0,0,2017,0.07982517279188238,0
2017-04-16,0,0,0,0,2017,0.0797574495048706,0
2017-04-17,0,0,0,0,2017,0.07654063222788376,0
2017-04-18,0,0,0,0,2017,0.07662121983386896,0
2017-04-19,0,0,0,0,2017,0.07657523285350523,0
2017-04-20,0,0,0,0,2017,0.056025251656772385,0
2017-04-21,0,0,0,0,2017,0.05610102753515531,0
2017-04-22,0,0,0,0,2017,0.07658794842183174,0
2017-04-23,0,0,0,0,2017,0.05605398477646894,0
2017-04-24,0,0,0,0,2017,0.0563320719753954,0
2017-04-26,0,0,0,0,2017,0.05605158737975273,0
2017-04-27,0,0,0,0,2017,0.07608939963938419,0
2017-04-28,0,0,0,0,2017,0.055773422491225626,0
2017-04-29,0,0,0,0,2017,0.05574324155793947,0
2017-04-30,0,0,0,0,2017,0.07614048584971116,0
2017-05-01,0,0,0,0,2017,0.07610095060979011,0
2017-05-02,1,0,0,0,2017,0.07617724101452582,0
2017-05-03,0,1,1,1,2017,0.3133507101353507,0
2017-05-04,0,0,1,1,2017,0.15184128638922736,0
2017-05-05,1,0,1,1,2017,0.12892295072419896,0
2017-05-06,1,1,2,1,2017,0.3448962822068509,0
2017-05-08,0,1,3,2,2017,0.2173421670487685,0
2017-05-09,0,0,3,1,2017,0.12822205080445526,0
2017-05-10,1,0,2,0,2017,0.1396824790356812,0
2017-05-11,0,1,3,1,2017,0.3712356223311245,1
2017-05-12,0,0,3,1,2017,0.20969355615246138,0
2017-05-13,0,0,2,1,2017,0.16350291157476024,0
2017-05-14,0,0,1,0,2017,0.1335989459677205,0
2017-05-15,0,0,1,0,2017,0.13369868226090512,0
2017-05-16,0,0,1,0,2017,0.13385244937070503,0
2017-05-17,0,0,1,0,2017,0.13400421845471297,0
2017-05-18,1,0,0,0,2017,0.1213255258855996,0
2017-05-19,1,1,1,1,2017,0.3352143641754676,0
2017-05-20,0,1,2,2,2017,0.4450812181705241,1
2017-05-21,1,0,2,2,2017,0.23495327500506424,0
2017-05-22,0,1,3,2,2017,0.44078441800737794,1
2017-05-23,0,0,3,1,2017,0.18647111346847825,0
2017-05-24,1,0,3,1,2017,0.20942135815163593,0
2017-05-25,0,1,4,1,2017,0.4455530585887403,1
2017-05-26,0,0,3,1,2017,0.19485287661762515,0
2017-05-27,0,0,2,1,2017,0.19992040497373514,0
2017-05-28,1,0,2,0,2017,0.1813841684964042,0
2017-05-29,1,1,2,1,2017,0.44092184527036127,1
2017-05-30,1,1,3,2,2017,0.5295630589218373,1
2017-05-31,0,1,4,3,2017,0.6035925747041428,1
2017-06-01,1,0,3,2,2017,0.31020255394351287,0
2017-06-02,0,1,4,2,2017,0.5294903728041273,1
2017-06-03,1,0,4,1,2017,0.30934891556484817,0
2017-06-04,1,1,5,2,2017,0.4732909297894797,1
2017-06-05,0,1,5,2,2017,0.7453576823576704,1
2017-06-06,0,0,4,2,2017,0.2681597079019944,0
2017-06-07,1,0,3,1,2017,0.19191748992552485,0
2017-06-08,1,1,4,1,2017,0.4240818662241631,1
2017-06-09,0,1,4,2,2017,0.6247849620044512,1
2017-06-10,1,0,4,2,2017,0.352918401874127,1
2017-06-11,0,1,4,2,2017,0.5772792074688948,1
2017-06-12,1,0,3,1,2017,0.3133231554147206,0
2017-06-13,0,1,4,2,2017,0.48307651057666123,1
2017-06-14,1,0,4,1,2017,0.34938912996837523,0
2017-06-15,1,1,4,2,2017,0.5822688273361922,1
2017-06-16,1,1,4,2,2017,0.8585724801511461,1
2017-06-17,1,1,5,3,2017,0.768579805258463,1
2017-06-18,1,0,4,2,2017,0.40336451108540855,1
2017-06-19,0,0,5,2,2017,0.4310122247305236,1
2017-06-20,1,0,5,2,2017,0.36285386736370645,1
2017-06-21,0,1,6,2,2017,0.6611086273437948,1
2017-06-22,0,0,5,1,2017,0.4144933373890329,1
2017-06-23,1,0,4,1,2017,0.34242353671037795,0
2017-06-24,0,1,4,1,2017,0.5705254459691709,1
2017-06-25,1,0,3,1,2017,0.3652706057241015,1
2017-06-26,0,1,3,2,2017,0.592276597414205,1
2017-06-27,0,0,3,1,2017,0.3789300752733397,1
2017-06-28,0,0,2,1,2017,0.30081023305903876,0
2017-06-29,0,0,2,0,2017,0.2663523525543838,0
2017-06-30,1,0,2,0,2017,0.25850616981797786,0
2017-07-01,0,1,2,1,2017,0.5487421353151034,1
2017-07-02,0,0,2,1,2017,0.3302580317971021,0
2017-07-03,1,0,1,1,2017,0.26684938147663345,0
2017-07-04,0,1,2,1,2017,0.6705970609869553,1
2017-07-05,1,0,2,1,2017,0.3239582937136299,0
2017-07-06,1,1,3,2,2017,0.6166998610455706,1
2017-07-07,1,1,4,2,2017,0.7383613218446462,1
2017-07-08,1,1,4,3,2017,0.7439812974205091,1
2017-07-09,1,1,5,3,2017,0.7378504635461357,1
2017-07-10,1,0,5,2,2017,0.46025759786626447,1
2017-07-11,1,1,6,3,2017,0.8730007672748938,1
2017-07-12,0,1,7,3,2017,0.7790886862283208,1
2017-07-13,0,0,6,2,2017,0.5014092986242857,1
2017-07-14,1,0,5,1,2017,0.39652781416373684,1
2017-07-15,0,1,5,1,2017,0.6565711516531203,1
2017-07-16,1,0,4,1,2017,0.41082963212513146,1
2017-07-17,1,1,4,2,2017,0.7195661334608345,1
2017-07-18,1,1,4,2,2017,0.7366702927171411,1
2017-07-19,1,1,4,3,2017,0.7592419018201378,1
2017-07-20,1,1,5,3,2017,0.8050139787707871,1
2017-07-21,1,1,6,3,2017,0.8271841429699947,1
2017-07-22,1,1,6,3,2017,0.7667789201813188,1
2017-07-23,0,1,7,3,2017,0.7923968782128711,1
2017-07-24,0,0,6,2,2017,0.5226443723282728,1
2017-07-25,1,0,5,1,2017,0.41441639666805047,1
2017-07-26,1,1,5,1,2017,0.752054362215489,1
2017-07-27,1,1,5,2,2017,0.726628448848407,1
2017-07-28,1,1,5,3,2017,0.8197577609998313,1
2017-07-29,1,1,5,3,2017,0.891156092445884,1
2017-07-30,1,1,5,3,2017,0.8390131764457827,1
2017-07-31,1,1,6,3,2017,0.8828671250038491,1
2017-08-01,1,1,7,3,2017,0.918118700161792,1
2017-08-02,1,1,7,3,2017,0.8987267275943134,1
2017-08-03,1,1,7,3,2017,0.9070886810174345,1
2017-08-04,1,1,7,3,2017,0.9589806939263159,1
2017-08-05,1,1,7,3,2017,0.9542633028135404,1
2017-08-06,1,1,7,3,2017,0.9754140515801396,1
2017-08-07,1,1,7,3,2017,0.9757508818622554,1
2017-08-08,1,1,7,3,2017,0.9569774098753295,1
2017-08-09,1,1,7,3,2017,0.9388253151857503,1
2017-08-10,1,1,7,3,2017,0.9190395360147717,1
2017-08-11,1,1,7,3,2017,0.9180127347596435,1
2017-08-12,1,1,7,3,2017,0.9545413813030106,1
2017-08-13,1,1,7,3,2017,0.9437330478838376,1
2017-08-14,1,1,7,3,2017,0.9297588371524235,1
2017-08-15,1,1,7,3,2017,0.9679951980442673,1
2017-08-16,1,1,7,3,2017,0.968170901498419,1
2017-08-17,1,1,7,3,2017,0.9335899481300777,1
2017-08-18,1,1,7,3,2017,0.9437310465414545,1
2017-08-19,1,1,7,3,2017,0.9844285649503364,1
2017-08-20,1,1,7,3,2017,0.9845694918428042,1
2017-08-21,1,1,7,3,2017,0.9785065321446726,1
2017-08-22,1,1,7,3,2017,0.980017977973038,1
2017-08-23,1,1,7,3,2017,0.9830954550566314,1
2017-08-24,1,1,7,3,2017,0.9860748655609006,1
2017-08-25,1,1,7,3,2017,0.9851084603618966,1
2017-08-26,1,1,7,3,2017,0.980975753853536,1
2017-08-27,1,1,7,3,2017,0.9612088087650995,1
2017-08-28,1,1,7,3,2017,0.9286142576255957,1
2017-08-29,1,1,7,3,2017,0.9550858211648932,1
2017-08-30,1,1,7,3,2017,0.9626769806223692,1
2017-08-31,1,1,7,3,2017,0.926320312813378,1
2017-09-01,1,1,7,3,2017,0.9321490534656276,1
2017-09-02,1,1,7,3,2017,0.9387972035345525,1
2017-09-03,1,1,7,3,2017,0.9630205757847743,1
2017-09-04,1,1,7,3,2017,0.9702089146539198,1
2017-09-05,1,1,7,3,2017,0.9428866942079478,1
2017-09-06,1,1,7,3,2017,0.8849983663964847,1
2017-09-07,1,1,7,3,2017,0.8981533328684812,1
2017-09-08,1,1,7,3,2017,0.9493295352435099,1
2017-09-09,1,1,7,3,2017,0.9304663013995984,1
2017-09-10,1,1,7,3,2017,0.9332209526684682,1
2017-09-11,1,1,7,3,2017,0.9406646901408804,1
2017-09-12,1,1,7,3,2017,0.9671168700887462,1
2017-09-13,1,1,7,3,2017,0.9845115437906085,1
2017-09-14,1,1,7,3,2017,0.9805829133813121,1
2017-09-15,1,1,7,3,2017,0.9798044943947594,1
2017-09-16,1,1,7,3,2017,0.9785486857256335,1
2017-09-17,1,1,7,3,2017,0.9000203754879131,1
2017-09-18,1,1,7,3,2017,0.9656960610444372,1
2017-09-19,1,1,7,3,2017,0.9660795499498754,1
2017-09-20,1,1,7,3,2017,0.9437545840770591,1
2017-09-21,1,1,7,3,2017,0.9359249837904455,1
2017-09-22,1,1,7,3,2017,0.9364262164662623,1
2017-09-23,1,1,7,3,2017,0.9502139763531254,1
2017-09-24,0,1,7,3,2017,0.9648467087206605,1
2017-09-25,0,0,6,2,2017,0.6103010479199792,1
2017-09-26,1,0,5,1,2017,0.4916296281524105,1
2017-09-27,1,1,5,1,2017,0.8096013118840493,1
2017-09-28,1,1,5,2,2017,0.8663395718771593,1
2017-09-29,1,1,5,3,2017,0.7849606612677569,1
2017-09-30,1,1,5,3,2017,0.7538477618611795,1
2017-10-01,1,1,5,3,2017,0.7973442003626877,1
2017-10-02,1,1,6,3,2017,0.9271103448899742,1
2017-10-03,1,1,7,3,2017,0.8991105847769931,1
2017-10-04,0,1,7,3,2017,0.846114484951949,1
2017-10-05,1,0,6,2,2017,0.5748967343211152,1
2017-10-06,0,1,6,2,2017,0.7696777893389739,1
2017-10-07,1,0,5,1,2017,0.504048755155808,1
2017-10-08,1,1,5,2,2017,0.8731678690892757,1
2017-10-09,1,1,5,2,2017,0.8637714403030577,1
2017-10-10,1,1,5,3,2017,0.8987354394566734,1
2017-10-11,1,1,5,3,2017,0.9705354836402793,1
2017-10-12,1,1,6,3,2017,0.9575599440705045,1
2017-10-13,1,1,6,3,2017,0.96487377005134,1
2017-10-14,1,1,7,3,2017,0.9467221805908925,1
2017-10-15,1,1,7,3,2017,0.9718475584510242,1
2017-10-16,1,1,7,3,2017,0.9599534575227994,1
2017-10-17,1,1,7,3,2017,0.9378338102700796,1
2017-10-18,1,1,7,3,2017,0.9466208312129573,1
2017-10-19,1,1,7,3,2017,0.9078393669448341,1
2017-10-20,1,1,7,3,2017,0.8239396484787134,1
2017-10-21,0,1,7,3,2017,0.8582331821840861,1
2017-10-22,1,0,6,2,2017,0.525710735560099,1
2017-10-23,1,1,6,2,2017,0.7644971795841391,1
2017-10-24,1,1,6,2,2017,0.9259463478961536,1
2017-10-25,1,1,6,3,2017,0.9711977676938867,1
2017-10-26,1,1,6,3,2017,0.9699864063296924,1
2017-10-27,1,1,6,3,2017,0.9652666051619335,1
2017-10-28,1,1,6,3,2017,0.9723592099574025,1
2017-10-29,1,1,7,3,2017,0.9738188081252265,1
2017-10-30,1,1,7,3,2017,0.9627566904081687,1
2017-10-31,1,1,7,3,2017,0.8509147858135008,1
2017-11-01,1,1,7,3,2017,0.820302026558704,1
2017-11-02,1,1,7,3,2017,0.8408981049061786,1
2017-11-03,1,1,7,3,2017,0.9081008909719925,1
2017-11-04,1,1,7,3,2017,0.83392402875844,1
2017-11-05,0,1,7,3,2017,0.8214953243848232,1
2017-11-06,0,0,6,2,2017,0.5324701422172425,1
2017-11-07,0,0,5,1,2017,0.4132319065200934,1
2017-11-08,0,0,4,0,2017,0.2730944932897685,0
2017-11-09,0,0,3,0,2017,0.3082898216144186,0
2017-11-10,0,0,2,0,2017,0.27383424331564765,0
2017-11-11,0,0,1,0,2017,0.24226742899217646,0
2017-11-12,1,0,0,0,2017,0.2124746846118471,0
2017-11-13,0,1,1,1,2017,0.4794246190203496,1
2017-11-14,0,0,1,1,2017,0.22520211964288214,0
2017-11-15,0,0,1,1,2017,0.1852360297094901,0
2017-11-16,0,0,1,0,2017,0.20927280165290965,0
2017-11-17,0,0,1,0,2017,0.1519807842631325,0
2017-11-18,0,0,1,0,2017,0.19093922911861458,0
2017-11-19,0,0,1,0,2017,0.1823684696766961,0
2017-11-20,0,0,0,0,2017,0.11923848878177273,0
2017-11-21,1,0,0,0,2017,0.15732801058569584,0
2017-11-22,0,1,1,1,2017,0.48141004481558375,1
2017-11-23,0,0,1,1,2017,0.2211731018820417,0
2017-11-24,1,0,1,1,2017,0.1369554736261629,0
2017-11-25,0,1,2,1,2017,0.6158430837467773,1
2017-11-26,1,0,2,1,2017,0.2217614348471743,0
2017-11-27,0,1,3,2,2017,0.5056274259612089,1
2017-11-28,0,0,3,1,2017,0.1775517925108091,0
2017-11-29,1,0,2,1,2017,0.13055947223109682,0
2017-11-30,0,1,3,1,2017,0.47466787799536664,1
2017-12-01,0,0,3,1,2017,0.1616606439067357,0
2017-12-02,0,0,2,1,2017,0.11849503476492101,0
2017-12-03,1,0,2,0,2017,0.13611680942796625,0
2017-12-04,1,1,2,1,2017,0.26449340252179343,0
2017-12-05,1,1,3,2,2017,0.3669945913213878,1
2017-12-06,0,1,4,3,2017,0.5254710299309056,1
2017-12-07,1,0,3,2,2017,0.16984239542101243,0
2017-12-08,1,1,4,2,2017,0.7390568462538988,1
2017-12-09,1,1,5,2,2017,0.7070122850425132,1
2017-12-10,1,1,6,3,2017,0.6167402770984554,1
2017-12-11,0,1,6,3,2017,0.7039017839368622,1
2017-12-12,0,0,5,2,2017,0.2299168164747821,0
2017-12-13,0,0,4,1,2017,0.155983080142941,0
2017-12-14,0,0,4,0,2017,0.13952977583494466,0
2017-12-15,0,0,3,0,2017,0.12592498844857333,0
2017-12-16,0,0,2,0,2017,0.11325073845495429,0
2017-12-17,0,0,1,0,2017,0.10167770809923982,0
2017-12-18,0,0,0,0,2017,0.09138317429401575,0
2017-12-19,1,0,0,0,2017,0.09083575646379928,0
2017-12-20,1,1,1,1,2017,0.2718647160202031,0
2017-12-21,0,1,2,2,2017,0.4112954802914799,1
2017-12-22,1,0,2,2,2017,0.17360114486689143,0
2017-12-23,1,1,3,2,2017,0.4679817607665142,1
2017-12-24,1,1,4,2,2017,0.821655953437536,1
2017-12-26,1,1,5,2,2017,0.3029644971051807,0
2017-12-27,1,1,5,2,2017,0.7954452796426673,1
2017-12-28,1,1,5,2,2017,0.8309246063836118,1
2017-12-29,0,1,6,3,2017,0.8529265152250939,1
2017-12-30,1,0,5,2,2017,0.24880170546167757,0
2017-12-31,1,1,5,2,2017,0.6871330160267689,1
2018-01-01,1,1,5,2,2018,0.78374545295166,1
2018-01-02,1,1,6,3,2018,0.8394206960014001,1
2018-01-03,1,1,6,3,2018,0.8541563825792701,1
2018-01-04,1,1,6,3,2018,0.8558558015597506,1
2018-01-05,1,1,6,3,2018,0.7905072254706804,1
2018-01-06,1,1,7,3,2018,0.8259002921681314,1
2018-01-07,1,1,7,3,2018,0.8914768239826956,1
2018-01-08,1,1,7,3,2018,0.9437122230354211,1
2018-01-11,0,1,5,1,2018,0.2811248745205712,0
2018-01-12,0,0,4,0,2018,0.18633249849156186,0
2018-01-13,1,0,3,0,2018,0.16871149073768388,0
2018-01-14,1,1,3,1,2018,0.36845881862156227,1
2018-01-15,0,1,3,2,2018,0.5055803878946522,1
2018-01-16,0,0,2,2,2018,0.2487325532635926,0
2018-01-17,0,0,2,1,2018,0.18519858778107967,0
2018-01-18,0,0,2,0,2018,0.1643133486077667,0
2018-01-19,0,0,2,0,2018,0.15812959743921845,0
2018-01-21,0,0,1,0,2018,0.137780296611346,0
2018-01-22,0,0,0,0,2018,0.11936282387558673,0
2018-01-23,0,0,0,0,2018,0.11394736186541679,0
2018-01-24,0,0,0,0,2018,0.10875384310565689,0
2018-01-25,0,0,0,0,2018,0.10820896558738814,0
2018-01-26,0,0,0,0,2018,0.10360782393755881,0
2018-01-27,1,0,0,0,2018,0.09918611933919093,0
2018-01-28,0,1,1,1,2018,0.27327877502911757,0
2018-01-29,0,0,1,1,2018,0.16083903873382754,0
2018-01-30,0,0,1,1,2018,0.12534418386672183,0
2018-01-31,0,0,1,0,2018,0.10628294404537383,0
2018-02-01,0,0,1,0,2018,0.10155657161618054,0
2018-02-02,0,0,1,0,2018,0.09669387256466826,0
2018-02-03,0,0,1,0,2018,0.09182725253054505,0
2018-02-04,0,0,0,0,2018,0.07956083876557396,0
2018-02-05,0,0,0,0,2018,0.07567468418376531,0
2018-02-06,0,0,0,0,2018,0.07193174001145128,0
2018-02-07,0,0,0,0,2018,0.06833394393211815,0
2018-02-08,0,0,0,0,2018,0.06491227957390786,0
2018-02-09,0,0,0,0,2018,0.06440939220415574,0
2018-02-10,0,0,0,0,2018,0.06409839123855349,0
2018-02-11,0,0,0,0,2018,0.06345452542184604,0
2018-02-12,0,0,0,0,2018,0.06284760078728634,0
2018-02-13,0,0,0,0,2018,0.05980915182193746,0
2018-02-14,0,0,0,0,2018,0.056885516360236005,0
2018-02-15,0,0,0,0,2018,0.056462815864180636,0
2018-02-16,0,0,0,0,2018,0.0560465442993525,0
2018-02-17,0,0,0,0,2018,0.0554744469500174,0
2018-02-18,1,0,0,0,2018,0.07641907794204471,0
2018-02-19,0,1,1,1,2018,0.3188245324560883,0
2018-02-20,0,0,1,1,2018,0.1023668574394527,0
2018-02-21,0,0,1,1,2018,0.08166116960558206,0
2018-02-22,0,0,1,0,2018,0.07157824135560938,0
2018-02-24,0,0,1,0,2018,0.07025148573484014,0
2018-02-25,1,0,1,0,2018,0.09596955107629246,0
2018-02-26,0,1,1,1,2018,0.21153390587112264,0
2018-02-28,0,0,1,1,2018,0.0804784106030821,0
2018-03-01,0,0,1,0,2018,0.09752367000492818,0
2018-03-02,0,0,1,0,2018,0.09694665328753461,0
2018-03-03,0,0,1,0,2018,0.06969258408887682,0
2018-03-04,0,0,1,0,2018,0.06887733312387039,0
2018-03-05,0,0,0,0,2018,0.08554586787175122,0
2018-03-06,0,0,0,0,2018,0.06147731070264432,0
2018-03-07,0,0,0,0,2018,0.06128301137718474,0
2018-03-08,0,0,0,0,2018,0.06092471695942088,0
2018-03-09,0,0,0,0,2018,0.060746621520819805,0
2018-03-10,0,0,0,0,2018,0.060571981916058934,0
2018-03-11,0,0,0,0,2018,0.06040073866622919,0
2018-03-12,0,0,0,0,2018,0.059885602867614365,0
2018-03-13,0,0,0,0,2018,0.05937739275701733,0
2018-03-14,0,0,0,0,2018,0.059046617357979496,0
2018-03-15,0,0,0,0,2018,0.0588798427786229,0
2018-03-16,0,0,0,0,2018,0.058536144127949524,0
2018-03-17,0,0,0,0,2018,0.058362138666530394,0
2018-03-18,0,0,0,0,2018,0.058047158493170714,0
2018-03-19,0,0,0,0,2018,0.05772555001235801,0
2018-03-20,0,0,0,0,2018,0.05740817411903643,0
2018-03-21,0,0,0,0,2018,0.054822314264171154,0
2018-03-22,0,0,0,0,2018,0.0758629985691573,0
2018-03-23,0,0,0,0,2018,0.054080704508088405,0
2018-03-24,0,0,0,0,2018,0.05378331420163933,0
2018-03-25,0,0,0,0,2018,0.05364522598121856,0
2018-03-26,0,0,0,0,2018,0.053362587256568346,0
2018-03-27,0,0,0,0,2018,0.05337247195795031,0
2018-03-28,0,0,0,0,2018,0.05097205185825183,0
2018-03-29,0,0,0,0,2018,0.05070739634121186,0
2018-03-30,0,0,0,0,2018,0.0505816239862712,0
2018-03-31,0,0,0,0,2018,0.07050584381434759,0
2018-04-01,0,0,0,0,2018,0.05047895582712661,0
2018-04-02,0,0,0,0,2018,0.07000037285124218,0
2018-04-03,0,0,0,0,2018,0.05009970117835319,0
2018-04-04,1,0,0,0,2018,0.06947258219201456,0
2018-04-05,0,1,1,1,2018,0.20431661160576164,0
2018-04-06,0,0,1,1,2018,0.1070166046879279,0
2018-04-07,0,0,1,1,2018,0.08584625433062333,0
2018-04-08,0,0,1,0,2018,0.0756167410088907,0
2018-04-09,0,0,1,0,2018,0.10381666553862608,0
2018-04-10,0,0,1,0,2018,0.07491633392453745,0
2018-04-11,0,0,1,0,2018,0.10313746823719175,0
2018-04-13,0,0,0,0,2018,0.06742465228994945,0
2018-04-14,0,0,0,0,2018,0.06695732858196278,0
2018-04-15,0,0,0,0,2018,0.0664778651725126,0
2018-04-16,0,0,0,0,2018,0.06633084460884091,0
2018-04-17,0,0,0,0,2018,0.06636519330752126,0
2018-04-18,0,0,0,0,2018,0.0663811311154849,0
2018-04-19,0,0,0,0,2018,0.06625354574477049,0
2018-04-20,0,0,0,0,2018,0.06628988925219204,0
2018-04-21,0,0,0,0,2018,0.06649034778113526,0
2018-04-22,0,0,0,0,2018,0.06638992105298859,0
2018-04-23,0,0,0,0,2018,0.09178840283258669,0
2018-04-24,0,0,0,0,2018,0.06663600957553893,0
2018-04-25,0,0,0,0,2018,0.0665140757393976,0
2018-04-26,0,0,0,0,2018,0.06622947400110317,0
2018-04-27,0,0,0,0,2018,0.06562192613191625,0
2018-04-28,1,0,0,0,2018,0.06566540395126712,0
2018-04-29,0,1,1,1,2018,0.3191913345932021,0
2018-04-30,0,0,1,1,2018,0.16959789603353936,0
2018-05-01,0,0,1,1,2018,0.10159452397106589,0
2018-05-02,0,0,1,0,2018,0.09013862362704891,0
2018-05-03,0,0,1,0,2018,0.09024331707471844,0
2018-05-04,1,0,1,0,2018,0.12410131490195296,0
2018-05-05,0,1,2,1,2018,0.23538075657747073,0
2018-05-06,0,0,1,1,2018,0.17729177688462466,0
2018-05-07,0,0,1,1,2018,0.1065407047972873,0
2018-05-08,0,0,1,0,2018,0.12862082420714063,0
2018-05-09,0,0,1,0,2018,0.12840720740482264,0
2018-05-10,0,0,1,0,2018,0.1281934285418162,0
2018-05-11,0,0,1,0,2018,0.12761435971375606,0
2018-05-12,0,0,0,0,2018,0.11551566403629997,0
2018-05-13,0,0,0,0,2018,0.11531746421521329,0
2018-05-14,0,0,0,0,2018,0.0837393559422613,0
2018-05-15,0,0,0,0,2018,0.08394059957885205,0
2018-05-16,0,0,0,0,2018,0.11545111130296384,0
2018-05-17,0,0,0,0,2018,0.0842399295304726,0
2018-05-18,0,0,0,0,2018,0.08368273034686662,0
2018-05-19,0,0,0,0,2018,0.08332772844270668,0
2018-05-20,0,0,0,0,2018,0.11410089096924275,0
2018-05-21,0,0,0,0,2018,0.08281716399703928,0
2018-05-22,0,0,0,0,2018,0.08226390193946877,0
2018-05-23,0,0,0,0,2018,0.08224840441050627,0
2018-05-24,0,0,0,0,2018,0.11363423944161258,0
2018-05-25,0,0,0,0,2018,0.08167636464972497,0
2018-05-26,0,0,0,0,2018,0.11190313567672892,0
2018-05-27,0,0,0,0,2018,0.11194397018843501,0
2018-05-28,0,0,0,0,2018,0.1125003606229227,0
2018-05-29,0,0,0,0,2018,0.10780984159297001,0
2018-05-30,0,0,0,0,2018,0.0780837749840164,0
2018-05-31,0,0,0,0,2018,0.07786022107058545,0
2018-06-01,0,0,0,0,2018,0.0776935825138546,0
2018-06-02,0,0,0,0,2018,0.07752527191706837,0
2018-06-03,0,0,0,0,2018,0.07729468413719233,0
2018-06-04,0,0,0,0,2018,0.07358624139103125,0
2018-06-05,0,0,0,0,2018,0.07341931350490673,0
2018-06-06,1,0,0,0,2018,0.10089926877788626,0
2018-06-07,0,1,1,1,2018,0.24146116739625334,0
2018-06-08,0,0,1,1,2018,0.14734680954041804,0
2018-06-09,1,0,1,1,2018,0.1195316135145658,0
2018-06-10,0,1,2,1,2018,0.3616208469067423,1
2018-06-11,1,0,2,1,2018,0.22593990580910453,0
2018-06-12,0,1,3,2,2018,0.3884862796513187,1
2018-06-13,0,0,3,1,2018,0.19399192864788545,0
2018-06-14,0,0,2,1,2018,0.14497274661638368,0
2018-06-15,1,0,2,0,2018,0.1286976126383721,0
2018-06-16,1,1,3,1,2018,0.3854418319691411,1
2018-06-17,1,1,3,2,2018,0.6665151956746284,1
2018-06-18,0,1,4,3,2018,0.7031642934934034,1
2018-06-19,1,0,3,2,2018,0.31315400767581303,0
2018-06-20,0,1,4,2,2018,0.4081421513089171,1
2018-06-21,0,0,4,1,2018,0.24806571933367516,0
2018-06-22,0,0,4,1,2018,0.27040786426991303,0
2018-06-23,1,0,3,0,2018,0.2244965693467943,0
2018-06-24,0,1,3,1,2018,0.4514850211636577,1
2018-06-25,0,0,2,1,2018,0.28848254007876656,0
2018-06-26,0,0,2,1,2018,0.1838932506182776,0
2018-06-27,1,0,1,0,2018,0.20113068927314265,0
2018-06-28,1,1,2,1,2018,0.3557470417766341,1
2018-06-29,1,1,3,2,2018,0.552011073817381,1
2018-06-30,0,1,4,3,2018,0.644378958290729,1
2018-07-01,0,0,3,2,2018,0.38148353118976547,1
2018-07-02,1,0,3,1,2018,0.22948285827972537,0
2018-07-03,1,1,4,1,2018,0.45398837014079063,1
2018-07-04,1,1,5,2,2018,0.7011548892701188,1
2018-07-05,1,1,5,3,2018,0.7320367401383374,1
2018-07-06,1,1,5,3,2018,0.7142017261308249,1
2018-07-07,1,1,5,3,2018,0.7374719908825007,1
2018-07-08,1,1,6,3,2018,0.7826630621520604,1
2018-07-09,0,1,7,3,2018,0.7760583274369951,1
2018-07-10,0,0,6,2,2018,0.4427861576471721,1
2018-07-11,1,0,5,1,2018,0.3281392986625371,0
2018-07-12,1,1,5,1,2018,0.7049180027390614,1
2018-07-13,0,1,5,2,2018,0.7143757283097234,1
2018-07-14,0,0,4,2,2018,0.49436539784167377,1
2018-07-15,0,0,3,1,2018,0.3789236061346836,1
2018-07-16,1,0,2,0,2018,0.24400024191638328,0
2018-07-17,1,1,3,1,2018,0.682242864513505,1
2018-07-18,1,1,4,2,2018,0.8531456150442389,1
2018-07-19,1,1,4,3,2018,0.7782133534790763,1
2018-07-20,1,1,4,3,2018,0.8564849508595431,1
2018-07-21,1,1,5,3,2018,0.83902012259012,1
2018-07-22,1,1,6,3,2018,0.8254938589144751,1
2018-07-23,1,1,7,3,2018,0.7612149047487793,1
2018-07-24,1,1,7,3,2018,0.8314555001270719,1
2018-07-25,1,1,7,3,2018,0.8117102626652543,1
2018-07-26,1,1,7,3,2018,0.832601898748255,1
2018-07-27,0,1,7,3,2018,0.7847022670297352,1
2018-07-28,1,0,6,2,2018,0.613311131196525,1
2018-07-29,0,1,6,2,2018,0.7448924553309083,1
2018-07-30,1,0,5,1,2018,0.45689083368414046,1
2018-07-31,1,1,5,2,2018,0.646197086113945,1
2018-08-01,0,1,5,2,2018,0.7074904247359128,1
2018-08-02,0,0,4,2,2018,0.47368360762189665,1
2018-08-03,1,0,3,1,2018,0.4289837598539427,1
2018-08-04,0,1,4,1,2018,0.5802934341768033,1
2018-08-05,1,0,3,1,2018,0.39228118755611546,1
2018-08-06,1,1,4,2,2018,0.6019109252217012,1
2018-08-07,0,1,4,2,2018,0.6577900379218227,1
2018-08-08,0,0,3,2,2018,0.41310090927527643,1
2018-08-09,0,0,3,1,2018,0.3261318553270606,0
2018-08-10,0,0,3,0,2018,0.2959235760325208,0
2018-08-11,0,0,2,0,2018,0.33758152231362215,0
2018-08-12,1,0,2,0,2018,0.3261293249523288,0
2018-08-13,1,1,2,1,2018,0.5142525129929573,1
2018-08-14,1,1,2,2,2018,0.7301329180208672,1
2018-08-15,1,1,3,3,2018,0.7026722795982511,1
2018-08-16,1,1,4,3,2018,0.859967341440896,1
2018-08-17,1,1,5,3,2018,0.8384213651463713,1
2018-08-18,1,1,6,3,2018,0.9268425312324818,1
2018-08-19,1,1,7,3,2018,0.8414893826608286,1
2018-08-20,1,1,7,3,2018,0.9282752762927692,1
2018-08-21,1,1,7,3,2018,0.759070718966879,1
2018-08-22,1,1,7,3,2018,0.8392401692790479,1
2018-08-23,1,1,7,3,2018,0.8363049971537851,1
2018-08-24,1,1,7,3,2018,0.9317905317627226,1
2018-08-25,1,1,7,3,2018,0.879599042653464,1
2018-08-26,1,1,7,3,2018,0.8923111600452134,1
2018-08-27,1,1,7,3,2018,0.8416636571523559,1
2018-08-28,1,1,7,3,2018,0.9208024997989667,1
2018-08-29,1,1,7,3,2018,0.9310257325994669,1
2018-08-30,1,1,7,3,2018,0.944762196865905,1
2018-08-31,1,1,7,3,2018,0.8929641370549969,1
2018-09-01,0,1,7,3,2018,0.8557468868670641,1
2018-09-02,1,0,6,2,2018,0.6173735992231937,1
2018-09-03,1,1,6,2,2018,0.8043442608016423,1
2018-09-04,1,1,6,2,2018,0.9240833003183088,1
2018-09-05,1,1,6,3,2018,0.8375918567518066,1
2018-09-06,1,1,6,3,2018,0.8165994024706088,1
2018-09-07,1,1,6,3,2018,0.7796756229235232,1
2018-09-08,1,1,6,3,2018,0.8307942135041568,1
2018-09-09,1,1,7,3,2018,0.9125265467864844,1
2018-09-10,1,1,7,3,2018,0.8983760944383535,1
2018-09-11,1,1,7,3,2018,0.9255386816222592,1
2018-09-12,1,1,7,3,2018,0.9047411004614824,1
2018-09-13,1,1,7,3,2018,0.8726847988632378,1
2018-09-14,1,1,7,3,2018,0.8948777614732298,1
2018-09-15,0,1,7,3,2018,0.8614307437825671,1
2018-09-16,1,0,6,2,2018,0.575929376101317,1
2018-09-17,1,1,6,2,2018,0.7142387926731258,1
2018-09-18,1,1,6,2,2018,0.7863546197652843,1
2018-09-19,1,1,6,3,2018,0.8686823024559326,1
2018-09-20,0,1,6,3,2018,0.844530501878471,1
2018-09-21,1,0,5,2,2018,0.5302036627998399,1
2018-09-22,1,1,5,2,2018,0.7650206944187954,1
2018-09-23,1,1,6,2,2018,0.8117744092118522,1
2018-09-24,1,1,6,3,2018,0.833003216996647,1
2018-09-25,1,1,6,3,2018,0.8393690332808004,1
2018-09-26,1,1,6,3,2018,0.8676947856101506,1
2018-09-27,1,1,6,3,2018,0.860103519250682,1
2018-09-28,1,1,7,3,2018,0.850487453126479,1
2018-09-29,1,1,7,3,2018,0.8238612157851611,1
2018-09-30,1,1,7,3,2018,0.8663962034418169,1
2018-10-01,0,1,7,3,2018,0.8516988019753179,1
2018-10-02,1,0,6,2,2018,0.5449138235458226,1
2018-10-03,1,1,6,2,2018,0.744802643320055,1
2018-10-04,1,1,6,2,2018,0.8087820385937027,1
2018-10-05,0,1,6,3,2018,0.8451093533812775,1
2018-10-06,0,0,5,2,2018,0.5007207618456514,1
2018-10-07,1,0,4,1,2018,0.3707348832049955,1
2018-10-08,1,1,4,1,2018,0.6903337471062894,1
2018-10-09,0,1,5,2,2018,0.7768237182027034,1
2018-10-10,1,0,4,2,2018,0.4470140513138858,1
2018-10-11,0,1,4,2,2018,0.5992133625173718,1
2018-10-12,1,0,3,1,2018,0.37483669644202094,1
2018-10-13,0,1,4,2,2018,0.5826745835135739,1
2018-10-14,1,0,4,1,2018,0.3875432851100835,1
2018-10-15,1,1,4,2,2018,0.7087012380694337,1
2018-10-16,1,1,4,2,2018,0.7137464057511467,1
2018-10-17,1,1,5,3,2018,0.8037899241454558,1
2018-10-18,0,1,5,3,2018,0.6952553131755409,1
2018-10-19,0,0,5,2,2018,0.4368028100989085,1
2018-10-20,1,0,4,1,2018,0.3118406798170494,0
2018-10-21,1,1,5,1,2018,0.6288720650101309,1
2018-10-22,0,1,5,2,2018,0.6430280654934301,1
2018-10-23,0,0,4,2,2018,0.39157554306070697,1
2018-10-24,0,0,3,1,2018,0.27224440755185597,0
2018-10-25,0,0,2,0,2018,0.21651839834211792,0
2018-10-26,0,0,2,0,2018,0.20626652003100512,0
2018-10-27,1,0,2,0,2018,0.196616760149228,0
2018-10-28,0,1,2,1,2018,0.5590617929137369,1
2018-10-29,0,0,1,1,2018,0.23678556864396422,0
2018-10-30,0,0,1,1,2018,0.1882570844295001,0
2018-10-31,0,0,1,0,2018,0.16000874629591705,0
2018-11-01,0,0,1,0,2018,0.15751333843620852,0
2018-11-02,0,0,1,0,2018,0.14904143382997315,0
2018-11-03,0,0,1,0,2018,0.14158174111273733,0
2018-11-04,1,0,0,0,2018,0.12199045102296915,0
2018-11-05,0,1,1,1,2018,0.311712443669787,0
2018-11-06,1,0,1,1,2018,0.1949204553047257,0
2018-11-07,0,1,2,2,2018,0.4683793779431115,1
2018-11-08,0,0,2,1,2018,0.20226978302330306,0
2018-11-09,0,0,2,1,2018,0.16565772402211063,0
2018-11-10,0,0,2,0,2018,0.14080471796288582,0
2018-11-11,1,0,2,0,2018,0.1394754866884501,0
2018-11-12,0,1,2,1,2018,0.32444364224171307,0
2018-11-13,0,0,2,1,2018,0.25053278859899897,0
2018-11-14,0,0,1,1,2018,0.13571796634276276,0
2018-11-15,0,0,1,0,2018,0.11500150718803341,0
2018-11-16,0,0,1,0,2018,0.10875875230579825,0
2018-11-17,1,0,1,0,2018,0.10312475662446473,0
2018-11-18,1,1,2,1,2018,0.2734494490642059,0
2018-11-19,0,1,2,2,2018,0.3682190296610617,1
2018-11-20,0,0,2,2,2018,0.1830504781939554,0
2018-11-21,0,0,2,1,2018,0.12764777968235244,0
2018-11-23,0,0,2,0,2018,0.1116041356432421,0
2018-11-24,0,0,2,0,2018,0.11045679452128582,0
2018-11-25,0,0,1,0,2018,0.09887216765089243,0
2018-11-26,0,0,0,0,2018,0.08843357134892638,0
2018-11-27,0,0,0,0,2018,0.0837604729640575,0
2018-11-28,0,0,0,0,2018,0.08267395493330178,0
2018-12-01,0,0,0,0,2018,0.0787482623955739,0
2018-12-02,0,0,0,0,2018,0.07756672161146758,0
2018-12-03,0,0,0,0,2018,0.07694909000331719,0
2018-12-04,0,0,0,0,2018,0.07637298411008171,0
2018-12-05,0,0,0,0,2018,0.0726592323770075,0
2018-12-07,0,0,0,0,2018,0.06860311799479736,0
2018-12-08,0,0,0,0,2018,0.06792185110463224,0
2018-12-09,0,0,0,0,2018,0.06753258203402719,0
2018-12-10,0,0,0,0,2018,0.06633237745144652,0
2018-12-11,0,0,0,0,2018,0.06567882484110915,0
2018-12-12,0,0,0,0,2018,0.06257137287377969,0
2018-12-13,0,0,0,0,2018,0.06209223316072797,0
2018-12-14,0,0,0,0,2018,0.06158637010101317,0
2018-12-15,0,0,0,0,2018,0.06111809372638864,0
2018-12-16,0,0,0,0,2018,0.06065547438493297,0
2018-12-17,0,0,0,0,2018,0.06000512037573289,0
2018-12-18,0,0,0,0,2018,0.057189806665349396,0
2018-12-19,0,0,0,0,2018,0.05438605665908782,0
2018-12-20,0,0,0,0,2018,0.05375055567919267,0
2018-12-21,0,0,0,0,2018,0.0531227933227378,0
2018-12-22,0,0,0,0,2018,0.05279397739616991,0
2018-12-23,1,0,0,0,2018,0.05203529097551674,0
2018-12-24,0,1,1,1,2018,0.18145095228092148,0
2018-12-26,0,0,1,1,2018,0.08570974569404234,0
2018-12-27,0,0,1,0,2018,0.07514872438554501,0
2018-12-28,0,0,1,0,2018,0.07505032867076634,0
2018-12-29,0,0,1,0,2018,0.07484071195484163,0
2018-12-30,0,0,1,0,2018,0.07454715665910729,0
2018-12-31,0,0,0,0,2018,0.06697196185118627,0
2019-01-01,0,0,0,0,2019,0.06618678487281707,0
2019-01-02,0,0,0,0,2019,0.06596042378848448,0
2019-01-03,0,0,0,0,2019,0.06559557191828819,0
2019-01-04,0,0,0,0,2019,0.06464922519752274,0
2019-01-05,0,0,0,0,2019,0.06415729792898707,0
2019-01-06,0,0,0,0,2019,0.06342638449080654,0
2019-01-07,0,0,0,0,2019,0.0625125395448997,0
2019-01-08,0,0,0,0,2019,0.0614681662504676,0
2019-01-09,0,0,0,0,2019,0.06062572994331612,0
2019-01-10,0,0,0,0,2019,0.059998958929264753,0
2019-01-11,0,0,0,0,2019,0.059419849286416034,0
2019-01-12,0,0,0,0,2019,0.058574925438872105,0
2019-01-13,0,0,0,0,2019,0.05792050404199812,0
2019-01-15,0,0,0,0,2019,0.05650102624500668,0
2019-01-16,0,0,0,0,2019,0.05587394225562798,0
2019-01-17,0,0,0,0,2019,0.055329892541217625,0
2019-01-18,0,0,0,0,2019,0.05450781849129114,0
2019-01-19,0,0,0,0,2019,0.05421770742764486,0
2019-01-20,0,0,0,0,2019,0.053896029262928476,0
2019-01-21,0,0,0,0,2019,0.05340889947751673,0
2019-01-22,0,0,0,0,2019,0.05259651906313703,0
2019-01-23,0,0,0,0,2019,0.04984706538137385,0
2019-01-24,0,0,0,0,2019,0.049252093696442706,0
2019-01-25,1,0,0,0,2019,0.04897406744149519,0
2019-01-26,0,1,1,1,2019,0.16880666866287908,0
2019-01-27,0,0,1,1,2019,0.09704916929438245,0
2019-01-28,0,0,1,1,2019,0.07861944247058664,0
2019-01-29,0,0,1,0,2019,0.06974434568873433,0
2019-01-30,0,0,1,0,2019,0.06878875159514702,0
2019-01-31,0,0,1,0,2019,0.06809202243710144,0
2019-02-01,0,0,1,0,2019,0.0676126631135898,0
2019-02-03,0,0,0,0,2019,0.059287175874373585,0
2019-02-04,0,0,0,0,2019,0.05903068120778035,0
2019-02-06,0,0,0,0,2019,0.05774919954014376,0
2019-02-07,0,0,0,0,2019,0.05710018832932474,0
2019-02-08,0,0,0,0,2019,0.056490523231042984,0
2019-02-09,0,0,0,0,2019,0.05606318218903725,0
2019-02-10,0,0,0,0,2019,0.05598208169346958,0
2019-02-11,0,0,0,0,2019,0.05542139510946975,0
2019-02-12,0,0,0,0,2019,0.05474962929485409,0
2019-02-15,0,0,0,0,2019,0.053352383817661074,0
2019-02-16,0,0,0,0,2019,0.05297337651258343,0
2019-02-17,0,0,0,0,2019,0.052438916361348724,0
2019-02-18,0,0,0,0,2019,0.051934080147335845,0
2019-02-19,0,0,0,0,2019,0.05112120289956231,0
2019-02-20,0,0,0,0,2019,0.05063488190502068,0
2019-02-22,0,0,0,0,2019,0.04956064317934246,0
2019-02-23,0,0,0,0,2019,0.04909647332962099,0
2019-02-24,0,0,0,0,2019,0.04863949430456128,0
2019-02-25,0,0,0,0,2019,0.04607342340173839,0
2019-02-26,0,0,0,0,2019,0.04564895509563158,0
2019-02-27,0,0,0,0,2019,0.04523102260811891,0
2019-02-28,0,0,0,0,2019,0.04481051785886957,0
2019-03-01,0,0,0,0,2019,0.04440596609135483,0
2019-03-02,0,0,0,0,2019,0.04414497933499257,0
2019-03-03,0,0,0,0,2019,0.04387995864154586,0
2019-03-04,0,0,0,0,2019,0.043357011620861204,0
2019-03-05,0,0,0,0,2019,0.04297592399973035,0
2019-03-06,0,0,0,0,2019,0.042733187542978085,0
2019-03-07,0,0,0,0,2019,0.04261982933355257,0
2019-03-08,0,0,0,0,2019,0.060394121861778165,0
2019-03-09,0,0,0,0,2019,0.04228248605662693,0
2019-03-10,0,0,0,0,2019,0.042183648779468064,0
2019-03-11,0,0,0,0,2019,0.042079148844882876,0
2019-03-12,0,0,0,0,2019,0.04172666273401946,0
2019-03-13,0,0,0,0,2019,0.04125174736882272,0
2019-03-14,0,0,0,0,2019,0.04103689179776983,0
2019-03-15,0,0,0,0,2019,0.040937813996087105,0
2019-03-16,0,0,0,0,2019,0.04071541533137999,0
2019-03-17,0,0,0,0,2019,0.05792414831921543,0
2019-03-18,0,0,0,0,2019,0.04041552791417219,0
2019-03-19,0,0,0,0,2019,0.0402084125686553,0
2019-03-20,0,0,0,0,2019,0.040124163247075725,0
2019-03-21,0,0,0,0,2019,0.039922079902633134,0
2019-03-22,0,0,0,0,2019,0.03972296233421034,0
2019-03-23,0,0,0,0,2019,0.03941009615994353,0
2019-03-24,0,0,0,0,2019,0.03921126291969059,0
2019-03-25,0,0,0,0,2019,0.03913589780474617,0
2019-03-26,0,0,0,0,2019,0.038948085645258826,0
2019-03-27,0,0,0,0,2019,0.038988310869860265,0
2019-03-28,0,0,0,0,2019,0.03881135302596068,0
2019-03-29,0,0,0,0,2019,0.03862932313953675,0
2019-03-30,0,0,0,0,2019,0.03856057363897003,0
2019-03-31,0,0,0,0,2019,0.03860318844031967,0
2019-04-01,0,0,0,0,2019,0.03854459983394443,0
2019-04-02,0,0,0,0,2019,0.03836846066931334,0
2019-04-03,0,0,0,0,2019,0.03830342753683922,0
2019-04-04,0,0,0,0,2019,0.038121805983418404,0
2019-04-05,0,0,0,0,2019,0.03804913048535439,0
2019-04-06,0,0,0,0,2019,0.03802821439066013,0
2019-04-07,0,0,0,0,2019,0.03804949623743204,0
2019-04-08,0,0,0,0,2019,0.03815997368077246,0
2019-04-09,0,0,0,0,2019,0.038281374525667905,0
2019-04-10,0,0,0,0,2019,0.0384135481764191,0
2019-04-11,0,0,0,0,2019,0.038644210506024256,0
2019-04-12,0,0,0,0,2019,0.05578194646183478,0
2019-04-13,0,0,0,0,2019,0.03932451678214995,0
2019-04-14,0,0,0,0,2019,0.039357297631218924,0
2019-04-15,0,0,0,0,2019,0.03938080113783277,0
2019-04-16,0,0,0,0,2019,0.0565248813067344,0
2019-04-17,0,0,0,0,2019,0.03997967641119774,0
2019-04-18,0,0,0,0,2019,0.05752132145799181,0
2019-04-19,1,0,0,0,2019,0.040698049212663956,0
2019-04-20,0,1,1,1,2019,0.2807567495291641,0
2019-04-21,0,0,1,1,2019,0.1491975884658291,0
2019-04-22,0,0,1,1,2019,0.12367164037285773,0
2019-04-23,0,0,1,0,2019,0.07999107550654999,0
2019-04-24,1,0,1,0,2019,0.08050543421686158,0
2019-04-25,0,1,2,1,2019,0.21801107029501007,0
2019-04-26,0,0,2,1,2019,0.12872385090846963,0
2019-04-27,0,0,1,1,2019,0.0947989386193361,0
2019-04-28,0,0,1,0,2019,0.08583214452511191,0
2019-04-29,0,0,1,0,2019,0.0857525875090275,0
2019-04-30,1,0,1,0,2019,0.08571119422948664,0
2019-05-01,0,1,2,1,2019,0.37353367258756737,1
2019-05-02,1,0,1,1,2019,0.12465848976902573,0
2019-05-03,0,1,2,2,2019,0.34105860141210836,0
2019-05-04,0,0,2,1,2019,0.14624235666182378,0
2019-05-05,0,0,2,1,2019,0.12142481512155705,0
2019-05-06,1,0,2,0,2019,0.11029651515108806,0
2019-05-07,1,1,3,1,2019,0.3624540764567163,1
2019-05-08,1,1,3,2,2019,0.4479385851149586,1
2019-05-09,1,1,4,3,2019,0.47000624899094606,1
2019-05-10,1,1,4,3,2019,0.646033979493755,1
2019-05-11,1,1,5,3,2019,0.6325092669902189,1
2019-05-12,1,1,6,3,2019,0.5790439609176512,1
2019-05-13,1,1,7,3,2019,0.6788786515386349,1
2019-05-14,1,1,7,3,2019,0.6198690539805931,1
2019-05-15,0,1,7,3,2019,0.6024384514830315,1
2019-05-16,0,0,6,2,2019,0.3303948371005268,0
2019-05-17,0,0,5,1,2019,0.24102514960936425,0
2019-05-18,0,0,4,0,2019,0.2006225590802466,0
2019-05-19,0,0,3,0,2019,0.18176883034373595,0
2019-05-20,0,0,2,0,2019,0.21417292029759136,0
2019-05-23,0,0,0,0,2019,0.1285995025501509,0
2019-05-24,1,0,0,0,2019,0.12932174380527853,0
2019-05-25,0,1,1,1,2019,0.3081977504103056,0
2019-05-26,0,0,1,1,2019,0.19828148919576422,0
2019-05-27,0,0,1,1,2019,0.16669392319045817,0
2019-05-28,0,0,1,0,2019,0.1528060533178932,0
2019-05-29,0,0,1,0,2019,0.15228443650134932,0
2019-05-30,0,0,1,0,2019,0.15211729023600215,0
2019-05-31,0,0,1,0,2019,0.14662534840275818,0
2019-06-01,0,0,0,0,2019,0.13260977535356724,0
2019-06-02,0,0,0,0,2019,0.12779877986775276,0
2019-06-03,0,0,0,0,2019,0.1275449263587337,0
2019-06-04,0,0,0,0,2019,0.12677381130521745,0
2019-06-05,0,0,0,0,2019,0.12660900456890564,0
2019-06-06,0,0,0,0,2019,0.12138289794824651,0
2019-06-07,1,0,0,0,2019,0.11577709961309535,0
2019-06-08,0,1,1,1,2019,0.3734393918697032,1
2019-06-09,1,0,1,1,2019,0.17973148378053674,0
2019-06-10,1,1,2,2,2019,0.44049745448002026,1
2019-06-11,1,1,3,2,2019,0.5206310338515601,1
2019-06-12,1,1,4,3,2019,0.6349621460658094,1
2019-06-13,0,1,5,3,2019,0.5086882735819475,1
2019-06-14,1,0,5,2,2019,0.28083700985852533,0
2019-06-15,0,1,5,2,2019,0.4253382669230574,1
2019-06-16,0,0,5,1,2019,0.2693495253283176,0
2019-06-17,0,0,4,1,2019,0.20841274216055777,0
2019-06-18,0,0,3,0,2019,0.17407151169930185,0
2019-06-19,0,0,2,0,2019,0.1570976729260466,0
2019-06-20,0,0,1,0,2019,0.1421555317469823,0
2019-06-21,0,0,1,0,2019,0.14222759925915598,0
2019-06-22,0,0,0,0,2019,0.12847351038321023,0
2019-06-23,0,0,0,0,2019,0.12822273660414543,0
2019-06-24,0,0,0,0,2019,0.12315259597363393,0
2019-06-25,0,0,0,0,2019,0.12349076409902728,0
2019-06-26,1,0,0,0,2019,0.12412117330147679,0
2019-06-27,0,1,1,1,2019,0.330473986910215,0
2019-06-28,0,0,1,1,2019,0.20163693093496315,0
2019-06-29,0,0,1,1,2019,0.169047732411944,0
2019-06-30,0,0,1,0,2019,0.15445275275773415,0
2019-07-01,0,0,1,0,2019,0.21057790704966525,0
2019-07-02,0,0,1,0,2019,0.15446418753823382,0
2019-07-03,0,0,1,0,2019,0.1544588242292388,0
2019-07-04,0,0,0,0,2019,0.13930926566376226,0
2019-07-05,0,0,0,0,2019,0.13994758356253773,0
2019-07-06,0,0,0,0,2019,0.14025112388180674,0
2019-07-07,0,0,0,0,2019,0.14054803750484357,0
2019-07-08,0,0,0,0,2019,0.13625758338464214,0
2019-07-09,0,0,0,0,2019,0.13556871359644374,0
2019-07-10,0,0,0,0,2019,0.1317055823382685,0
2019-07-11,0,0,0,0,2019,0.1732603666083733,0
2019-07-12,0,0,0,0,2019,0.1215855223196928,0
2019-07-13,1,0,0,0,2019,0.11719538440791462,0
2019-07-14,0,1,1,1,2019,0.3046274071944684,0
2019-07-15,0,0,1,1,2019,0.25756696451397554,0
2019-07-16,0,0,1,1,2019,0.16197519043822758,0
2019-07-17,0,0,1,0,2019,0.20069395780293187,0
2019-07-18,1,0,1,0,2019,0.14625994922208316,0
2019-07-19,0,1,2,1,2019,0.43529216711584734,1
2019-07-20,0,0,2,1,2019,0.222841156809359,0
2019-07-21,1,0,1,1,2019,0.17009099362972036,0
2019-07-22,1,1,2,1,2019,0.35045641192745236,1
2019-07-23,0,1,3,2,2019,0.4782569007352408,1
2019-07-24,0,0,3,2,2019,0.28546854959349605,0
2019-07-25,1,0,3,1,2019,0.2215059507469024,0
2019-07-26,0,1,3,1,2019,0.4575453716508699,1
2019-07-27,1,0,3,1,2019,0.26236091460456107,0
2019-07-28,0,1,4,2,2019,0.5558733528365194,1
2019-07-29,0,0,3,1,2019,0.27174275472067727,0
2019-07-30,0,0,2,1,2019,0.21045157117786814,0
2019-07-31,0,0,2,0,2019,0.19195615746627737,0
2019-08-01,0,0,2,0,2019,0.18997071765788978,0
2019-08-02,0,0,1,0,2019,0.1721684397847391,0
2019-08-03,1,0,1,0,2019,0.22966254221283883,0
2019-08-04,0,1,1,1,2019,0.35541170330202115,1
2019-08-05,0,0,1,1,2019,0.23631703910833313,0
2019-08-06,0,0,1,1,2019,0.19826325718008067,0
2019-08-07,0,0,1,0,2019,0.1797143759296116,0
2019-08-08,1,0,1,0,2019,0.1785575896690545,0
2019-08-09,0,1,2,1,2019,0.39065293388357347,1
2019-08-10,1,0,2,1,2019,0.2667382477274948,0
2019-08-11,0,1,2,2,2019,0.49918700514648634,1
2019-08-12,0,0,2,1,2019,0.35614599590462986,1
2019-08-13,1,0,2,1,2019,0.2250424747434764,0
2019-08-14,0,1,3,1,2019,0.47648088340595296,1
2019-08-15,1,0,3,1,2019,0.297458248129629,0
2019-08-16,0,1,3,2,2019,0.4632291439545191,1
2019-08-17,0,0,3,1,2019,0.30468928447940663,0
2019-08-18,1,0,2,1,2019,0.23029602289757573,0
2019-08-19,1,1,3,1,2019,0.5380563992542824,1
2019-08-20,0,1,4,2,2019,0.6635340551104486,1
2019-08-21,0,0,3,2,2019,0.33269901827606474,0
2019-08-22,0,0,3,1,2019,0.25379667869539974,0
2019-08-23,0,0,2,0,2019,0.21192702555861387,0
2019-08-24,1,0,2,0,2019,0.2790450316502472,0
2019-08-25,0,1,3,1,2019,0.4408675485710908,1
2019-08-26,0,0,2,1,2019,0.2762015098079607,0
2019-08-27,0,0,1,1,2019,0.20614921866645672,0
2019-08-28,0,0,1,0,2019,0.18723325554653886,0
2019-08-29,1,0,1,0,2019,0.186237518047265,0
2019-08-30,0,1,2,1,2019,0.42018688425767703,1
2019-08-31,0,0,2,1,2019,0.27636505487552965,0
2019-09-01,0,0,1,1,2019,0.213042506174049,0
2019-09-02,0,0,1,0,2019,0.19317170816291138,0
2019-09-03,0,0,1,0,2019,0.1853884483420339,0
2019-09-04,0,0,1,0,2019,0.18434319505701727,0
2019-09-05,0,0,1,0,2019,0.1816612503135718,0
2019-09-06,1,0,0,0,2019,0.16303497155901311,0
2019-09-07,1,1,1,1,2019,0.380503124284377,1
2019-09-08,0,1,2,2,2019,0.47909257611038614,1
2019-09-09,0,0,2,2,2019,0.2942726257533939,0
2019-09-10,0,0,2,1,2019,0.22125180721701249,0
2019-09-11,1,0,2,0,2019,0.2016027143549751,0
2019-09-12,1,1,3,1,2019,0.45159246658049507,1
2019-09-13,1,1,4,2,2019,0.5619390791226466,1
2019-09-14,1,1,4,3,2019,0.6673178299919423,1
2019-09-15,0,1,4,3,2019,0.6806776723509701,1
2019-09-16,0,0,4,2,2019,0.4387177622813273,1
2019-09-17,1,0,4,1,2019,0.35930914217346893,1
2019-09-18,0,1,5,1,2019,0.4986545920088759,1
2019-09-19,1,0,4,1,2019,0.3121515274512742,0
2019-09-20,0,1,4,2,2019,0.4980806317095259,1
2019-09-21,0,0,3,1,2019,0.2918593423925864,0
2019-09-22,0,0,2,1,2019,0.22636579677313196,0
2019-09-23,0,0,2,0,2019,0.20583124497953345,0
2019-09-24,0,0,2,0,2019,0.1970452543280553,0
2019-09-25,0,0,1,0,2019,0.1770335423719103,0
2019-09-26,0,0,1,0,2019,0.17466598386787785,0
2019-09-27,0,0,0,0,2019,0.15611145996432055,0
2019-09-28,0,0,0,0,2019,0.15395971949474538,0
2019-09-29,0,0,0,0,2019,0.14626544597320337,0
2019-09-30,0,0,0,0,2019,0.1448920846049144,0
2019-10-01,0,0,0,0,2019,0.14352436459317702,0
2019-10-02,1,0,0,0,2019,0.14182925889218703,0
2019-10-03,0,1,1,1,2019,0.34865561444351856,0
2019-10-04,0,0,1,1,2019,0.22346555185438124,0
2019-10-05,0,0,1,1,2019,0.186026987779282,0
2019-10-06,0,0,1,0,2019,0.16827853848946892,0
2019-10-07,0,0,1,0,2019,0.16033004433792367,0
2019-10-08,0,0,1,0,2019,0.15268362145952302,0
2019-10-09,0,0,1,0,2019,0.15016733445541494,0
2019-10-10,0,0,0,0,2019,0.13373561081569338,0
2019-10-11,0,0,0,0,2019,0.13147589093741635,0
2019-10-12,0,0,0,0,2019,0.12498683495555757,0
2019-10-13,0,0,0,0,2019,0.11848524433627992,0
2019-10-14,0,0,0,0,2019,0.11227567210761098,0
2019-10-15,0,0,0,0,2019,0.1060900564236087,0
2019-10-16,0,0,0,0,2019,0.10474003021109086,0
2019-10-17,0,0,0,0,2019,0.10314961683897356,0
2019-10-18,0,0,0,0,2019,0.09716492090123646,0
2019-10-19,0,0,0,0,2019,0.09567326797393315,0
2019-10-20,0,0,0,0,2019,0.09052455196280361,0
2019-10-21,0,0,0,0,2019,0.08912142063273223,0
2019-10-22,0,0,0,0,2019,0.08817523485586198,0
2019-10-23,0,0,0,0,2019,0.08636950278474474,0
2019-10-24,0,0,0,0,2019,0.0843844681404906,0
2019-10-25,0,0,0,0,2019,0.08293901496544534,0
2019-10-26,0,0,0,0,2019,0.08130520329120468,0
2019-10-27,0,0,0,0,2019,0.08022543903247309,0
2019-10-28,0,0,0,0,2019,0.07875722854255915,0
2019-10-29,0,0,0,0,2019,0.07790447382152782,0
2019-10-30,0,0,0,0,2019,0.07686379898520249,0
2019-10-31,0,0,0,0,2019,0.07513525172336788,0
2019-11-01,0,0,0,0,2019,0.07362469796479765,0
2019-11-02,0,0,0,0,2019,0.06919676961764781,0
2019-11-03,0,0,0,0,2019,0.06826084347656527,0
2019-11-04,0,0,0,0,2019,0.06698873281243573,0
2019-11-05,0,0,0,0,2019,0.06556828793942318,0
2019-11-06,0,0,0,0,2019,0.06472783844688099,0
2019-11-07,0,0,0,0,2019,0.0638965694148392,0
2019-11-08,1,0,0,0,2019,0.06257892183799392,0
2019-11-09,1,1,1,1,2019,0.21321777127499514,0
2019-11-10,0,1,2,2,2019,0.2930372145584101,0
2019-11-11,0,0,2,2,2019,0.15655080343780597,0
2019-11-12,0,0,2,1,2019,0.11564339638800651,0
2019-11-13,0,0,2,0,2019,0.10298155346336856,0
2019-11-14,0,0,2,0,2019,0.10170051554050198,0
2019-11-15,0,0,2,0,2019,0.100498591090978,0
2019-11-16,0,0,1,0,2019,0.08864492335192349,0
2019-11-17,1,0,0,0,2019,0.10985581807939775,0
2019-11-18,0,1,1,1,2019,0.22432915208374607,0
2019-11-19,0,0,1,1,2019,0.1249933892915939,0
2019-11-22,0,0,1,0,2019,0.09002225857966048,0
2019-11-23,0,0,1,0,2019,0.08912004917739784,0
2019-11-24,0,0,1,0,2019,0.1231434728355815,0
2019-11-25,0,0,0,0,2019,0.07802822577158645,0
2019-11-26,1,0,0,0,2019,0.0769891202567067,0
2019-12-06,1,0,0,0,2019,0.07470610259691439,0
2019-12-07,0,1,1,1,2019,0.23467333225370693,0
2019-12-08,0,0,1,1,2019,0.12255334047312565,0
2019-12-09,0,0,1,1,2019,0.09668488740102864,0
2019-12-10,0,0,1,0,2019,0.08251749450486597,0
2019-12-11,1,0,1,0,2019,0.0817146599791974,0
2019-12-12,1,1,2,1,2019,0.41750043185817226,1
2019-12-13,1,1,3,2,2019,0.5934293426779255,1
2019-12-14,0,1,3,3,2019,0.47210261957575556,1
2019-12-15,0,0,3,2,2019,0.1689932163021256,0
2019-12-16,0,0,3,1,2019,0.12693674836883756,0
2019-12-17,0,0,3,0,2019,0.11431983950688912,0
2019-12-18,1,0,3,0,2019,0.10947934514909581,0
2019-12-19,0,1,3,1,2019,0.3565179631743529,1
2019-12-20,0,0,2,1,2019,0.13931067630147642,0
2019-12-21,0,0,1,1,2019,0.1029242991848111,0
2019-12-22,0,0,1,0,2019,0.09282569094693525,0
2019-12-23,0,0,1,0,2019,0.09178603314325301,0
2019-12-24,0,0,1,0,2019,0.09096210506470656,0
2019-12-26,0,0,0,0,2019,0.08005584410936027,0
2019-12-27,0,0,0,0,2019,0.07614839439485067,0
2019-12-28,1,0,0,0,2019,0.07608690953499299,0
2019-12-29,0,1,1,1,2019,0.3249084275842935,0
2019-12-30,0,0,1,1,2019,0.12680095736532165,0
2019-12-31,0,0,1,1,2019,0.1041238935713543,0
2020-01-01,0,0,1,0,2020,0.09041620344160319,0
2020-01-02,0,0,1,0,2020,0.08999760962819754,0
2020-01-03,0,0,1,0,2020,0.08924252917185382,0
2020-01-04,0,0,1,0,2020,0.08810814029754621,0
2020-01-05,0,0,0,0,2020,0.07807728195342017,0
2020-01-06,0,0,0,0,2020,0.07413279493838547,0
2020-01-07,0,0,0,0,2020,0.07318234938066537,0
2020-01-08,0,0,0,0,2020,0.07211680110828403,0
2020-01-10,0,0,0,0,2020,0.07068513651958268,0
2020-01-11,0,0,0,0,2020,0.06719030421421182,0
2020-01-12,0,0,0,0,2020,0.06363342434746017,0
2020-01-13,0,0,0,0,2020,0.06025462033548691,0
2020-01-14,0,0,0,0,2020,0.059630181519270235,0
2020-01-16,0,0,0,0,2020,0.05829864218378753,0
2020-01-17,0,0,0,0,2020,0.05775296326494936,0
2020-01-18,0,0,0,0,2020,0.054676087020889955,0
2020-01-19,0,0,0,0,2020,0.05435300784372131,0
2020-01-20,0,0,0,0,2020,0.054010644372802334,0
2020-01-21,0,0,0,0,2020,0.053570463706943613,0
2020-01-22,0,0,0,0,2020,0.052862180567817385,0
2020-01-23,0,0,0,0,2020,0.05229163283181371,0
2020-01-24,0,0,0,0,2020,0.051731492007638255,0
2020-01-25,0,0,0,0,2020,0.051422152231590336,0
2020-01-26,0,0,0,0,2020,0.05111725053476751,0
2020-01-27,0,0,0,0,2020,0.050838510670814525,0
2020-01-28,0,0,0,0,2020,0.048146684336835416,0
2020-01-29,0,0,0,0,2020,0.047441479032014205,0
2020-01-30,0,0,0,0,2020,0.04685955160137739,0
2020-01-31,0,0,0,0,2020,0.04641369977036931,0
2020-02-01,0,0,0,0,2020,0.046083687373598546,0
2020-02-02,0,0,0,0,2020,0.045633641072815395,0
2020-02-03,0,0,0,0,2020,0.045206765250025316,0
2020-02-05,0,0,0,0,2020,0.0445381855420458,0
2020-02-06,0,0,0,0,2020,0.04411460077340046,0
2020-02-07,0,0,0,0,2020,0.04366902768598757,0
2020-02-08,0,0,0,0,2020,0.043246314486955595,0
2020-02-09,0,0,0,0,2020,0.0429319716976569,0
2020-02-10,0,0,0,0,2020,0.042722629240141606,0
2020-02-11,0,0,0,0,2020,0.04233187587226204,0
2020-02-13,0,0,0,0,2020,0.04151981178702663,0
2020-02-14,0,0,0,0,2020,0.041158190564589324,0
2020-02-15,1,0,0,0,2020,0.04087615528812559,0
2020-02-16,0,1,1,1,2020,0.14910974078756006,0
2020-02-17,0,0,1,1,2020,0.09165797869283107,0
2020-02-18,0,0,1,1,2020,0.0737026259932628,0
2020-02-19,0,0,1,0,2020,0.06632808916624096,0
2020-02-20,0,0,1,0,2020,0.06577413041427717,0
2020-02-21,0,0,1,0,2020,0.06509237112472399,0
2020-02-22,0,0,1,0,2020,0.06455562742405015,0
2020-02-23,0,0,0,0,2020,0.057025457794080615,0
2020-02-24,0,0,0,0,2020,0.05655834317359813,0
2020-02-25,0,0,0,0,2020,0.055968097774025116,0
2020-02-26,1,0,0,0,2020,0.055516047936825144,0
2020-02-27,0,1,1,1,2020,0.19072474178345666,0
2020-02-28,0,0,1,1,2020,0.09366842722239362,0
2020-02-29,0,0,1,1,2020,0.07541346879961741,0
2020-03-01,0,0,1,0,2020,0.0683853948390019,0
2020-03-02,0,0,1,0,2020,0.06800829330537632,0
2020-03-03,0,0,1,0,2020,0.06733991846164146,0
2020-03-04,0,0,1,0,2020,0.06683256702248812,0
2020-03-05,0,0,0,0,2020,0.05922976753060476,0
2020-03-06,0,0,0,0,2020,0.05904925035664696,0
2020-03-07,0,0,0,0,2020,0.058744394889523266,0
2020-03-08,0,0,0,0,2020,0.0585708691805327,0
2020-03-09,0,0,0,0,2020,0.05840700931015289,0
2020-03-11,0,0,0,0,2020,0.05782033902066469,0
2020-03-12,0,0,0,0,2020,0.057277580142904384,0
2020-03-13,0,0,0,0,2020,0.05699980549104783,0
2020-03-14,0,0,0,0,2020,0.05684228440910636,0
2020-03-15,0,0,0,0,2020,0.08115231522465201,0
2020-03-16,0,0,0,0,2020,0.056407020862241676,0
2020-03-17,0,0,0,0,2020,0.05382771547814559,0
2020-06-13,1,0,2,1,2020,0.16933886689738387,0
2020-06-14,1,1,3,2,2020,0.30678275645140596,0
2020-06-15,1,1,4,2,2020,0.49776383987496314,1
2020-06-16,0,1,5,3,2020,0.4742347201082984,1
2020-06-17,1,0,4,2,2020,0.252375646371878,0
2020-06-18,0,1,5,2,2020,0.4015341571143556,1
2020-06-19,1,0,4,1,2020,0.24400551050562969,0
2020-06-20,0,1,5,2,2020,0.42400928632937446,1
2020-06-21,0,0,4,1,2020,0.3351616302589405,0
2020-06-22,0,0,3,1,2020,0.193265539734369,0
2020-06-23,1,0,2,0,2020,0.21973035317997713,0
2020-06-24,1,1,3,1,2020,0.40006317637469263,1
2020-06-25,1,1,3,2,2020,0.4966165611882613,1
2020-06-26,1,1,4,3,2020,0.6142910511616729,1
2020-06-27,0,1,4,3,2020,0.5244325198723643,1
2020-06-28,0,0,4,2,2020,0.31905809628757864,0
2020-06-29,0,0,4,1,2020,0.3318954387946319,0
2020-06-30,0,0,4,0,2020,0.3108188516166177,0
2020-07-01,0,0,3,0,2020,0.21205037918324715,0
2020-07-02,0,0,2,0,2020,0.19226904403602388,0
2020-07-03,1,0,1,0,2020,0.17332198339694865,0
2020-07-04,1,1,1,1,2020,0.33984894232917356,0
2020-07-05,1,1,2,2,2020,0.4633702362231698,1
2020-07-06,0,1,3,3,2020,0.5341675593184649,1
2020-07-07,0,0,3,2,2020,0.3378319267141196,0
2020-07-08,0,0,3,1,2020,0.2676390273995253,0
2020-07-09,0,0,3,0,2020,0.25018028937862563,0
2020-07-10,0,0,3,0,2020,0.24077486180292149,0
2020-07-11,0,0,2,0,2020,0.21896026209596925,0
2020-07-12,1,0,1,0,2020,0.19159261187050014,0
2020-07-13,0,1,1,1,2020,0.4156723379927502,1
2020-07-14,0,0,1,1,2020,0.2585267999264138,0
2020-07-15,0,0,1,1,2020,0.21004252481829724,0
2020-07-16,0,0,1,0,2020,0.18677355771969442,0
2020-07-17,0,0,1,0,2020,0.18545004644070623,0
2020-07-18,0,0,1,0,2020,0.1778216219337853,0
2020-07-19,0,0,1,0,2020,0.17713116415995214,0
2020-07-20,0,0,0,0,2020,0.15362009936623314,0
2020-07-21,0,0,0,0,2020,0.21016692550310867,0
2020-07-22,0,0,0,0,2020,0.15208156143566973,0
2020-07-23,0,0,0,0,2020,0.1517032296546647,0
2020-07-24,0,0,0,0,2020,0.1446496530394991,0
2020-07-25,0,0,0,0,2020,0.13835583883035835,0
2020-07-26,0,0,0,0,2020,0.1322853715995017,0
2020-07-27,1,0,0,0,2020,0.12643430987675677,0
2020-07-28,0,1,1,1,2020,0.3063580035401774,0
2020-07-29,0,0,1,1,2020,0.2093457741280781,0
2020-07-30,0,0,1,1,2020,0.1735736255405391,0
2020-07-31,0,0,1,0,2020,0.1581966142079509,0
2020-08-01,0,0,1,0,2020,0.1577207706006298,0
2020-08-02,1,0,1,0,2020,0.15614092502764518,0
2020-08-03,0,1,2,1,2020,0.342361814117006,0
2020-08-04,0,0,1,1,2020,0.2024509818790696,0
2020-08-05,1,0,1,1,2020,0.16057955453665287,0
2020-08-06,0,1,2,1,2020,0.32336835610439146,0
2020-08-07,1,0,2,1,2020,0.22187092255330687,0
2020-08-08,0,1,3,2,2020,0.3851660632686267,1
2020-08-09,1,0,3,1,2020,0.25241833681931924,0
2020-08-10,0,1,3,2,2020,0.3985415306019532,1
2020-08-11,0,0,3,1,2020,0.2607002239911344,0
2020-08-12,0,0,3,1,2020,0.2098703319587091,0
2020-08-13,0,0,2,0,2020,0.17408518650172375,0
2020-08-14,0,0,2,0,2020,0.17225320469929808,0
2020-08-15,0,0,1,0,2020,0.15343111076254254,0
2020-08-16,0,0,1,0,2020,0.1522930143209166,0
2020-08-17,0,0,0,0,2020,0.13649625455755918,0
2020-08-18,0,0,0,0,2020,0.1881544381848584,0
2020-08-19,1,0,0,0,2020,0.1356077905554868,0
2020-08-20,1,1,1,1,2020,0.3218617507384572,0
2020-08-21,0,1,2,2,2020,0.5644705474702494,1
2020-08-22,0,0,2,2,2020,0.26370242346523964,0
2020-08-23,0,0,2,1,2020,0.20330638604323495,0
2020-08-24,1,0,2,0,2020,0.18689004925188954,0
2020-08-25,1,1,3,1,2020,0.4277630160445567,1
2020-08-26,0,1,4,2,2020,0.6569756865547496,1
2020-08-27,1,0,3,2,2020,0.2980683565457703,0
2020-08-28,0,1,3,2,2020,0.4417614547698062,1
2020-08-29,0,0,3,1,2020,0.2872602069912414,0
2020-08-30,0,0,3,1,2020,0.2407214419595986,0
2020-08-31,0,0,3,0,2020,0.22133236668208903,0
2020-09-01,0,0,2,0,2020,0.1992431579538459,0
2020-09-02,0,0,1,0,2020,0.17238770338870274,0
2020-09-03,1,0,1,0,2020,0.17126308172281213,0
2020-09-04,1,1,1,1,2020,0.44798582486405847,1
2020-09-05,0,1,2,2,2020,0.4525558338151149,1
2020-09-06,0,0,2,2,2020,0.2777163295525228,0
2020-09-07,0,0,2,1,2020,0.20780158376398855,0
2020-09-08,0,0,2,0,2020,0.19000525912637553,0
2020-09-09,0,0,2,0,2020,0.1813878164979112,0
2020-09-10,1,0,2,0,2020,0.1801564084557453,0
2020-09-11,0,1,2,1,2020,0.36892316379431406,1
2020-09-12,0,0,1,1,2020,0.22364689959541773,0
2020-09-13,0,0,1,1,2020,0.18430633558390938,0
2020-09-14,0,0,1,0,2020,0.1680486184056794,0
2020-09-15,0,0,1,0,2020,0.1668515187862656,0
2020-09-16,1,0,1,0,2020,0.16622789874560356,0
2020-09-17,1,1,2,1,2020,0.5792989032482428,1
2020-09-18,1,1,2,2,2020,0.6503134291374898,1
2020-09-19,1,1,3,3,2020,0.8171521163983491,1
2020-09-20,1,1,4,3,2020,0.6997423345702176,1
2020-09-21,1,1,5,3,2020,0.7247095977314557,1
2020-09-22,1,1,6,3,2020,0.8558124205590317,1
2020-09-23,0,1,7,3,2020,0.6781526494021658,1
2020-09-24,0,0,6,2,2020,0.3985467875345463,1
2020-09-25,1,0,5,1,2020,0.28449696366910554,0
2020-09-26,0,1,5,1,2020,0.4816024603308718,1
2020-09-27,0,0,4,1,2020,0.3039173541390192,0
2020-09-28,0,0,3,1,2020,0.2318923786922652,0
2020-09-29,0,0,2,0,2020,0.19252379326036853,0
2020-09-30,1,0,1,0,2020,0.1724594529803963,0
2020-10-01,1,1,2,1,2020,0.38286327285416805,1
2020-10-02,0,1,3,2,2020,0.5907995264557506,1
2020-10-03,1,0,2,2,2020,0.28278237114362537,0
2020-10-04,1,0,2,1,2020,0.21106324579116145,0
2020-10-05,1,0,3,1,2020,0.2762876070164091,0
2020-10-06,0,1,5,3,2020,0.5835067560033049,1
2020-10-07,1,0,5,2,2020,0.36830612215452246,1
2020-10-08,0,1,5,2,2020,0.506463033747945,1
2020-10-09,1,0,4,1,2020,0.32397950120000973,0
2020-10-10,1,1,5,2,2020,0.509440354779125,1
2020-10-11,0,1,5,2,2020,0.574542598443888,1
2020-10-12,1,0,4,2,2020,0.3507778693542304,1
2020-10-13,1,1,4,2,2020,0.610416098288842,1
2020-10-14,1,1,5,2,2020,0.7933878740938858,1
2020-10-15,1,1,5,3,2020,0.7919968315837198,1
2020-10-16,1,1,6,3,2020,0.6545889373939233,1
2020-10-17,1,1,6,3,2020,0.7612059453978345,1
2020-10-18,0,1,6,3,2020,0.761887413618653,1
2020-10-19,0,0,6,2,2020,0.42592265373878824,1
2020-10-20,0,0,5,1,2020,0.30789264938939265,0
2020-10-21,0,0,4,0,2020,0.2517800366235843,0
2020-10-22,0,0,3,0,2020,0.21802770914714964,0
2020-10-23,1,0,2,0,2020,0.1876632969356531,0
2020-10-24,0,1,2,1,2020,0.4174640145968799,1
2020-10-25,0,0,1,1,2020,0.23071996574049947,0
2020-10-26,0,0,1,1,2020,0.18375907289947405,0
2020-10-27,0,0,1,0,2020,0.22771306045008866,0
2020-10-28,1,0,1,0,2020,0.1651121313239804,0
2020-10-29,0,1,2,1,2020,0.4643207125520065,1
2020-10-30,1,0,2,1,2020,0.24565678847847977,0
2020-10-31,0,1,2,2,2020,0.3812850659133444,1
2020-11-01,1,0,2,1,2020,0.23346666393485138,0
2020-11-02,0,1,3,2,2020,0.520561616542053,1
2020-11-03,0,0,3,1,2020,0.2530702361317321,0
2020-11-04,0,0,3,1,2020,0.20183206188174213,0
2020-11-05,0,0,2,0,2020,0.1604296068658303,0
2020-11-06,0,0,2,0,2020,0.15861964189963235,0
2020-11-07,0,0,1,0,2020,0.1351353378451189,0
2020-11-09,0,0,0,0,2020,0.1141475713041674,0
2020-11-10,0,0,0,0,2020,0.10881895909097468,0
2020-11-11,0,0,0,0,2020,0.10689448859607954,0
2020-11-12,0,0,0,0,2020,0.10112471216516856,0
2020-11-13,0,0,0,0,2020,0.09600780724538573,0
2020-11-14,0,0,0,0,2020,0.09112351227537106,0
2020-11-15,1,0,0,0,2020,0.08603156586496659,0
2020-11-16,1,1,1,1,2020,0.25072840232144883,0
2020-11-17,1,1,2,2,2020,0.564015124421413,1
2020-11-18,0,1,3,3,2020,0.6122753297296563,1
2020-11-19,0,0,3,2,2020,0.18904421242284747,0
2020-11-20,1,0,3,1,2020,0.14244491864798414,0
2020-11-21,1,1,4,1,2020,0.3409436464121048,0
2020-11-22,0,1,5,2,2020,0.41419605114198543,1
2020-11-23,0,0,4,2,2020,0.2132670691448635,0
2020-11-24,1,0,3,1,2020,0.14519217429549977,0
2020-11-25,1,1,3,1,2020,0.2852785837637745,0
2020-11-26,1,1,4,2,2020,0.48308205041539976,1
2020-11-27,0,1,5,3,2020,0.6498779018225584,1
2020-11-28,1,0,4,2,2020,0.2967170837478057,0
2020-11-29,0,1,4,2,2020,0.45311098039504405,1
2020-11-30,0,0,4,1,2020,0.2032359383596375,0
2020-12-01,0,0,4,1,2020,0.16659310904050562,0
2020-12-02,0,0,3,0,2020,0.1313989071256706,0
2020-12-03,0,0,2,0,2020,0.11681803442450367,0
2020-12-04,0,0,1,0,2020,0.10366577221719325,0
2020-12-05,0,0,1,0,2020,0.10282859756483684,0
2020-12-06,0,0,0,0,2020,0.0910635964578809,0
2020-12-07,0,0,0,0,2020,0.09032449915049069,0
2020-12-08,0,0,0,0,2020,0.08974561179500193,0
2020-12-09,0,0,0,0,2020,0.08836232326492358,0
2020-12-10,0,0,0,0,2020,0.08750423872950573,0
2020-12-11,0,0,0,0,2020,0.086592898910955,0
2020-12-12,0,0,0,0,2020,0.08605818257703904,0
2020-12-13,1,0,0,0,2020,0.08531409299052659,0
2020-12-14,1,1,1,1,2020,0.3110579569632453,0
2020-12-15,0,1,2,2,2020,0.5602334445013317,1
2020-12-16,0,0,2,2,2020,0.17414690010473602,0
2020-12-17,0,0,2,1,2020,0.1262041435352293,0
2020-12-18,0,0,2,0,2020,0.1103732551001387,0
2020-12-19,0,0,2,0,2020,0.10937467013434665,0
2020-12-20,0,0,2,0,2020,0.10843473783154091,0
2020-12-21,0,0,1,0,2020,0.09258558120802644,0
2020-12-22,0,0,0,0,2020,0.07855181702571264,0
2020-12-23,0,0,0,0,2020,0.07783284425785122,0
2020-12-24,1,0,0,0,2020,0.07715898213679273,0
2020-12-26,0,1,1,1,2020,0.13922047652594485,0
2020-12-27,0,0,1,1,2020,0.09113843508649673,0
2020-12-28,0,0,1,0,2020,0.08289840038136137,0
2020-12-29,0,0,1,0,2020,0.07939559471412437,0
2020-12-30,0,0,1,0,2020,0.07887905250493671,0
2020-12-31,0,0,1,0,2020,0.07832976509450908,0
2021-01-01,0,0,0,0,2021,0.07021825634870159,0
2021-01-02,0,0,0,0,2021,0.06981223590168423,0
2021-01-03,0,0,0,0,2021,0.06915922869254687,0
2021-01-04,0,0,0,0,2021,0.06823203809444219,0
2021-01-05,0,0,0,0,2021,0.06763200728795618,0
2021-01-06,0,0,0,0,2021,0.0668695420693259,0
2021-01-07,0,0,0,0,2021,0.06597897520880992,0
2021-01-08,0,0,0,0,2021,0.06499215657261793,0
2021-01-09,0,0,0,0,2021,0.06415591308640871,0
2021-01-10,0,0,0,0,2021,0.06349796513317756,0
2021-01-11,0,0,0,0,2021,0.06285071181288612,0
2021-01-12,0,0,0,0,2021,0.06203060243993734,0
2021-01-13,0,0,0,0,2021,0.05867961933773998,0
2021-01-14,0,0,0,0,2021,0.05561916456076588,0
2021-01-15,0,0,0,0,2021,0.05491575903391451,0
2021-01-16,0,0,0,0,2021,0.05431853107606884,0
2021-01-17,0,0,0,0,2021,0.053790271178856465,0
2021-01-18,0,0,0,0,2021,0.05309364550134876,0
2021-01-21,0,0,0,0,2021,0.05192065852928547,0
2021-01-22,0,0,0,0,2021,0.05122365692487949,0
2021-01-23,0,0,0,0,2021,0.05065100701317478,0
2021-01-24,0,0,0,0,2021,0.04798441485458927,0
2021-02-05,0,0,0,0,2021,0.04291801030410558,0
2021-02-06,0,0,0,0,2021,0.04249362418100787,0
2021-02-07,0,0,0,0,2021,0.04205279057928699,0
2021-02-08,0,0,0,0,2021,0.04163216090683986,0
2021-02-09,0,0,0,0,2021,0.04130849697581941,0
2021-02-10,0,0,0,0,2021,0.04107876487984072,0
2021-02-11,0,0,0,0,2021,0.04077620564182474,0
2021-02-12,0,0,0,0,2021,0.04032558994367652,0
2021-02-13,0,0,0,0,2021,0.03996790131869837,0
2021-02-14,0,0,0,0,2021,0.03960521843915754,0
2021-02-15,0,0,0,0,2021,0.039314770812482934,0
2021-02-16,0,0,0,0,2021,0.03902929306116046,0
2021-02-17,0,0,0,0,2021,0.038664528020487816,0
2021-02-18,0,0,0,0,2021,0.03830646183051818,0
2021-02-19,0,0,0,0,2021,0.037799087043522625,0
2021-02-20,0,0,0,0,2021,0.03745559830833319,0
2021-02-21,0,0,0,0,2021,0.03705216311820825,0
2021-02-22,0,0,0,0,2021,0.03672784718706908,0
2021-02-23,0,0,0,0,2021,0.03640885590198138,0
2021-02-24,0,0,0,0,2021,0.03610103938595333,0
2021-02-25,0,0,0,0,2021,0.03571409097012197,0
2021-02-26,0,0,0,0,2021,0.03541080086929326,0
2021-02-27,0,0,0,0,2021,0.03511243603172974,0
2021-02-28,0,0,0,0,2021,0.03481005022580682,0
2021-03-01,0,0,0,0,2021,0.03451775004823755,0
2021-03-02,0,0,0,0,2021,0.034304527231933335,0
2021-03-03,0,0,0,0,2021,0.03402174612358564,0
2021-03-04,0,0,0,0,2021,0.03367818235141033,0
2021-03-05,0,0,0,0,2021,0.03341146271925797,0
2021-03-06,0,0,0,0,2021,0.03322057927611884,0
2021-03-07,0,0,0,0,2021,0.033155888120298425,0
2021-03-08,0,0,0,0,2021,0.03323363769009123,0
2021-03-09,0,0,0,0,2021,0.03338313248752448,0
2021-03-11,0,0,0,0,2021,0.03369449046823227,0
2021-03-12,0,0,0,0,2021,0.033708749183262644,0
2021-03-13,0,0,0,0,2021,0.03365043691645026,0
2021-03-14,0,0,0,0,2021,0.03366753337582527,0
2021-03-15,0,0,0,0,2021,0.03382903319172294,0
2021-03-16,0,0,0,0,2021,0.03391831916726946,0
2021-03-17,0,0,0,0,2021,0.03408422467067707,0
2021-03-18,0,0,0,0,2021,0.03418509236885668,0
2021-03-19,0,0,0,0,2021,0.034284548287914794,0
2021-03-20,0,0,0,0,2021,0.03446164069868024,0
2021-03-21,0,0,0,0,2021,0.03456567037754754,0
2021-03-22,0,0,0,0,2021,0.034671861382096415,0
2021-03-23,0,0,0,0,2021,0.034704074211287614,0
2021-03-24,0,0,0,0,2021,0.03481062933711425,0
2021-03-25,0,0,0,0,2021,0.034999291357566596,0
2021-03-26,0,0,0,0,2021,0.03511396717288118,0
2021-03-27,0,0,0,0,2021,0.035380321963015667,0
2021-03-28,0,0,0,0,2021,0.03550416039610719,0
2021-03-29,0,0,0,0,2021,0.03562554620446377,0
2021-03-30,0,0,0,0,2021,0.035827033325368844,0
2021-03-31,0,0,0,0,2021,0.03610988797772372,0
2021-04-01,0,0,0,0,2021,0.036322982610567704,0
2021-04-02,0,0,0,0,2021,0.036453519918880364,0
2021-04-03,0,0,0,0,2021,0.036666129472518266,0
2021-04-04,0,0,0,0,2021,0.036868684025886576,0
2021-04-05,0,0,0,0,2021,0.037072846888348235,0
2021-04-06,1,0,0,0,2021,0.03728539724693729,0
2021-04-07,0,1,1,1,2021,0.1555771135768857,0
2021-04-08,0,0,1,1,2021,0.1024996462222793,0
2021-04-09,0,0,1,1,2021,0.08155082968045059,0
2021-04-10,0,0,1,0,2021,0.07534212066096413,0
2021-04-11,0,0,1,0,2021,0.07519457528539783,0
2021-04-12,0,0,1,0,2021,0.07535381673100291,0
2021-04-13,0,0,1,0,2021,0.07520784397354997,0
2021-04-14,0,0,0,0,2021,0.06696818751533189,0
2021-04-15,0,0,0,0,2021,0.06670481503112939,0
2021-04-16,0,0,0,0,2021,0.06657909420085598,0
2021-04-17,0,0,0,0,2021,0.06673832294078758,0
2021-04-18,0,0,0,0,2021,0.06674838060243943,0
2021-04-19,0,0,0,0,2021,0.06677468353527917,0
2021-04-20,0,0,0,0,2021,0.06666757246388152,0
2021-04-21,0,0,0,0,2021,0.0669666669362113,0
2021-04-22,0,0,0,0,2021,0.06701681345745061,0
2021-04-23,0,0,0,0,2021,0.06707011417302958,0
2021-04-24,0,0,0,0,2021,0.0674919963311832,0
2021-04-25,0,0,0,0,2021,0.06752688697252578,0
2021-04-26,0,0,0,0,2021,0.067426022119392,0
2021-04-27,0,0,0,0,2021,0.06705386175888187,0
2021-04-28,0,0,0,0,2021,0.06720204747364308,0
2021-04-29,0,0,0,0,2021,0.06723918812448287,0
2021-04-30,0,0,0,0,2021,0.06716772504325029,0
2021-05-01,0,0,0,0,2021,0.06707084006858648,0
2021-05-02,0,0,0,0,2021,0.06708258150934984,0
2021-05-03,0,0,0,0,2021,0.06715035585453576,0
2021-05-04,1,0,0,0,2021,0.06732689021793264,0
2021-05-05,0,1,1,1,2021,0.20022239010849222,0
2021-05-06,0,0,1,1,2021,0.1296592485420736,0
2021-05-07,0,0,1,1,2021,0.09973619561331358,0
2021-05-08,0,0,1,0,2021,0.09213919575640116,0
2021-05-09,0,0,1,0,2021,0.0921943653982878,0
2021-05-10,0,0,1,0,2021,0.09188489635017363,0
2021-05-11,0,0,1,0,2021,0.09153274064166403,0
2021-05-12,0,0,0,0,2021,0.11448486782585778,0
2021-05-13,0,0,0,0,2021,0.08173484073943221,0
2021-05-14,0,0,0,0,2021,0.08145528485217429,0
2021-05-15,0,0,0,0,2021,0.08162239100658207,0
2021-05-16,1,0,0,0,2021,0.11401575672263528,0
2021-05-17,1,1,1,1,2021,0.205520955951704,0
2021-05-18,0,1,2,2,2021,0.39430901443976624,1
2021-05-19,1,0,2,2,2021,0.1702433895061433,0
2021-05-20,0,1,3,2,2021,0.2912281664551195,0
2021-05-21,0,0,3,1,2021,0.18346172244914272,0
2021-05-22,0,0,3,1,2021,0.14822235950457416,0
2021-05-23,0,0,3,0,2021,0.1381825407937339,0
2021-05-24,0,0,2,0,2021,0.12486497485065695,0
2021-05-25,0,0,1,0,2021,0.11158981478454132,0
2021-05-26,0,0,1,0,2021,0.11135602325583988,0
2021-05-27,1,0,0,0,2021,0.10031037555714109,0
2021-05-28,0,1,1,1,2021,0.24847609102829477,0
2021-05-29,0,0,1,1,2021,0.16332080901170049,0
2021-05-30,0,0,1,1,2021,0.13196632705063394,0
2021-05-31,0,0,1,0,2021,0.1229870138018039,0
2021-06-01,0,0,1,0,2021,0.12315273219752623,0
2021-06-02,1,0,1,0,2021,0.12308621745176056,0
2021-06-03,1,1,2,1,2021,0.2889917682607032,0
2021-06-04,1,1,2,2,2021,0.3960124080410632,1
2021-06-05,0,1,3,3,2021,0.4621948162312198,1
2021-06-06,0,0,3,2,2021,0.23652737797612125,0
2021-06-07,0,0,3,1,2021,0.1805291554399424,0
2021-06-08,0,0,3,0,2021,0.16937915465264083,0
2021-06-09,1,0,3,0,2021,0.16866937175323127,0
2021-06-10,1,1,3,1,2021,0.33589323465148696,0
2021-06-11,0,1,3,2,2021,0.4197333600090525,1
2021-06-12,0,0,2,2,2021,0.23963620003194305,0
2021-06-13,0,0,2,1,2021,0.18373557937163595,0
2021-06-14,0,0,2,0,2021,0.1713149593530932,0
2021-06-15,0,0,2,0,2021,0.17055353111206772,0
2021-06-16,0,0,2,0,2021,0.16379015616089732,0
2021-06-17,1,0,1,0,2021,0.14214159120393557,0
2021-06-18,1,1,1,1,2021,0.30127959808620636,0
2021-06-19,0,1,2,2,2021,0.39137272641907006,1
2021-06-20,1,0,2,2,2021,0.23935092075566672,0
2021-06-21,0,1,3,2,2021,0.37700880160468464,1
2021-06-22,1,0,3,1,2021,0.2573918124223661,0
2021-06-23,0,1,4,2,2021,0.4147537094817227,1
2021-06-24,0,0,4,1,2021,0.29128374206565577,0
2021-06-25,0,0,3,1,2021,0.22119188625789138,0
2021-06-26,0,0,2,0,2021,0.1883766106734465,0
2021-06-27,0,0,2,0,2021,0.18106664132386555,0
2021-06-28,0,0,1,0,2021,0.16339116529129324,0
2021-06-29,0,0,1,0,2021,0.16317186822021315,0
2021-06-30,0,0,0,0,2021,0.14715572040758662,0
2021-07-01,0,0,0,0,2021,0.14718009573364962,0
2021-07-02,0,0,0,0,2021,0.14623312893548907,0
2021-07-03,0,0,0,0,2021,0.14069542138171015,0
2021-07-04,1,0,0,0,2021,0.1346526530473221,0
2021-07-05,0,1,1,1,2021,0.3022753629151005,0
2021-07-06,1,0,1,1,2021,0.21244412654441233,0
2021-07-07,1,1,2,2,2021,0.37137528901701744,1
2021-07-08,0,1,3,2,2021,0.46468585792926015,1
2021-07-09,0,0,3,2,2021,0.2937910036059279,0
2021-07-10,0,0,3,1,2021,0.22303010822081207,0
2021-07-11,0,0,3,0,2021,0.200503074272738,0
2021-07-12,0,0,2,0,2021,0.18178520821094474,0
2021-07-13,0,0,2,0,2021,0.18169409465589667,0
2021-07-14,1,0,1,0,2021,0.16461602939320039,0
2021-07-15,1,1,1,1,2021,0.32558267773460786,0
2021-07-16,1,1,2,2,2021,0.4766030659415302,1
2021-07-17,1,1,3,3,2021,0.5099180712340365,1
2021-07-18,0,1,4,3,2021,0.5358859323518114,1
2021-07-19,1,0,4,2,2021,0.3329094682876168,0
2021-07-20,1,1,5,2,2021,0.6393217321287056,1
2021-07-21,1,1,6,2,2021,0.6320011824565398,1
2021-07-22,0,1,6,3,2021,0.7161452321553206,1
2021-07-23,0,0,5,2,2021,0.3722483512222388,1
2021-07-24,1,0,4,1,2021,0.2740899701638378,0
2021-07-25,1,1,4,1,2021,0.44850405348642053,1
2021-07-26,0,1,5,2,2021,0.5773744715996547,1
2021-07-27,1,0,4,2,2021,0.3673640236652576,1
2021-07-28,1,1,4,2,2021,0.5424157183156887,1
2021-07-29,1,1,4,2,2021,0.5673797402366441,1
2021-07-30,0,1,5,3,2021,0.6573067962564924,1
2021-07-31,0,0,5,2,2021,0.4306058515541243,1
2021-08-01,0,0,4,1,2021,0.3227859965562647,0
2021-08-02,0,0,3,0,2021,0.2797973118307806,0
2021-08-03,0,0,3,0,2021,0.2774241180055934,0
2021-08-04,0,0,2,0,2021,0.24467720815133406,0
2021-08-05,0,0,1,0,2021,0.22234085281319557,0
2021-08-06,0,0,0,0,2021,0.19402181039656954,0
2021-08-07,0,0,0,0,2021,0.18522500603669093,0
2021-08-08,0,0,0,0,2021,0.1839684864478664,0
2021-08-09,0,0,0,0,2021,0.1832822643942276,0
2021-08-10,0,0,0,0,2021,0.182012903660193,0
2021-08-11,0,0,0,0,2021,0.18102397650667595,0
2021-08-12,0,0,0,0,2021,0.17974401379284347,0
2021-08-13,0,0,0,0,2021,0.17817793514566033,0
2021-08-14,0,0,0,0,2021,0.17041494236165589,0
2021-08-15,0,0,0,0,2021,0.16238860898078014,0
2021-08-16,0,0,0,0,2021,0.20937356929189388,0
2021-08-17,0,0,0,0,2021,0.14746631672831462,0
2021-08-18,1,0,0,0,2021,0.14680503779320334,0
2021-08-19,1,1,1,1,2021,0.34686982163743757,0
2021-08-20,1,1,2,2,2021,0.4576139063851008,1
2021-08-21,1,1,3,3,2021,0.5724174364293702,1
2021-08-22,0,1,4,3,2021,0.7102767105160328,1
2021-08-23,1,0,4,2,2021,0.33816555590831376,0
2021-08-24,1,1,5,2,2021,0.48581564208457906,1
2021-08-25,1,1,6,2,2021,0.7843177471680242,1
2021-08-26,1,1,6,3,2021,0.7575695210560586,1
2021-08-27,1,1,6,3,2021,0.6452312044355702,1
2021-08-28,0,1,6,3,2021,0.6863118501066389,1
2021-08-29,1,0,5,2,2021,0.36529776818605786,1
2021-08-30,1,1,6,2,2021,0.5286386829680917,1
2021-08-31,1,1,6,2,2021,0.8434686755048997,1
2021-09-01,1,1,6,3,2021,0.7739332419578123,1
2021-09-02,1,1,6,3,2021,0.8117759344935903,1
2021-09-03,0,1,6,3,2021,0.6860074337450791,1
2021-09-04,1,0,5,2,2021,0.4184905606799201,1
2021-09-05,0,1,6,2,2021,0.5813005516697729,1
2021-09-06,0,0,5,1,2021,0.4066624372242437,1
2021-09-07,0,0,4,1,2021,0.32023392561778935,0
2021-09-08,0,0,3,0,2021,0.27651242413720006,0
2021-09-09,1,0,2,0,2021,0.25103183375287624,0
2021-09-10,0,1,2,1,2021,0.48466975164650566,1
2021-09-11,0,0,2,1,2021,0.33200124916616486,0
2021-09-12,0,0,1,1,2021,0.2538402832193484,0
2021-09-13,0,0,1,0,2021,0.23564628384836123,0
2021-09-14,0,0,1,0,2021,0.23298251548497106,0
2021-09-15,0,0,1,0,2021,0.23067029132612796,0
2021-09-16,0,0,1,0,2021,0.22938229229994764,0
2021-09-17,0,0,0,0,2021,0.20850413984162955,0
2021-09-18,0,0,0,0,2021,0.19874022814616518,0
2021-09-19,0,0,0,0,2021,0.18931542469156468,0
2021-09-20,0,0,0,0,2021,0.1799446751714009,0
2021-09-21,0,0,0,0,2021,0.17093213623349932,0
2021-09-22,0,0,0,0,2021,0.16931433060096784,0
2021-09-23,0,0,0,0,2021,0.16149538610969283,0
2021-09-24,0,0,0,0,2021,0.15396378169429248,0
2021-09-25,0,0,0,0,2021,0.1467155420401633,0
2021-09-26,0,0,0,0,2021,0.13951499981313184,0
2021-09-27,0,0,0,0,2021,0.13194480458753408,0
2021-09-28,1,0,0,0,2021,0.13016698681754246,0
2021-09-29,0,1,1,1,2021,0.3487889492166666,0
2021-09-30,0,0,1,1,2021,0.27002215172781174,0
2021-10-01,0,0,1,1,2021,0.15830621378434034,0
2021-10-02,0,0,1,0,2021,0.19185640525188466,0
2021-10-03,0,0,1,0,2021,0.13301693867484524,0
2021-10-04,0,0,1,0,2021,0.13097731247503414,0
2021-10-05,0,0,1,0,2021,0.12397394519271203,0
2021-10-06,0,0,0,0,2021,0.1102648168088408,0
2021-10-07,0,0,0,0,2021,0.15029285178074495,0
2021-10-08,0,0,0,0,2021,0.10716144279166702,0
2021-10-09,0,0,0,0,2021,0.10545199274087892,0
2021-10-10,0,0,0,0,2021,0.0998130323025864,0
2021-10-11,0,0,0,0,2021,0.13638609767089654,0
2021-10-13,0,0,0,0,2021,0.09537213504971592,0
2021-10-14,0,0,0,0,2021,0.0941448673857508,0
2021-10-15,0,0,0,0,2021,0.09260552466952826,0
2021-10-16,0,0,0,0,2021,0.09156550658628305,0
2021-10-17,0,0,0,0,2021,0.09005975430967146,0
2021-10-18,0,0,0,0,2021,0.08826420831487716,0
2021-10-19,0,0,0,0,2021,0.08695633203280026,0
2021-10-20,0,0,0,0,2021,0.0855136954559627,0
2021-10-21,0,0,0,0,2021,0.08409116479296011,0
2021-10-22,0,0,0,0,2021,0.11600816495815164,0
2021-10-23,0,0,0,0,2021,0.0814499015614298,0
2021-10-24,0,0,0,0,2021,0.07980195533750262,0
2021-10-25,0,0,0,0,2021,0.07870480108960483,0
2021-10-27,0,0,0,0,2021,0.0759818942570499,0
2021-10-28,0,0,0,0,2021,0.07469374571924403,0
2021-10-29,0,0,0,0,2021,0.07066718764497378,0
2021-10-30,0,0,0,0,2021,0.06958663769147709,0
2021-10-31,0,0,0,0,2021,0.06806645935515665,0
2021-11-01,0,0,0,0,2021,0.06681569150119553,0
2021-11-02,0,0,0,0,2021,0.06566732009913286,0
2021-11-03,0,0,0,0,2021,0.06477323195275739,0
2021-11-04,0,0,0,0,2021,0.0636571730870577,0
2021-11-05,0,0,0,0,2021,0.062476314541571404,0
2021-11-06,0,0,0,0,2021,0.06179896680004785,0
2021-11-07,0,0,0,0,2021,0.06109746326381713,0
2021-11-08,0,0,0,0,2021,0.059955366316542365,0
2021-11-09,0,0,0,0,2021,0.05927287468733462,0
2021-11-10,0,0,0,0,2021,0.05848823913737332,0
2021-11-11,0,0,0,0,2021,0.05804041217393038,0
2021-11-12,0,0,0,0,2021,0.05705566303605551,0
2021-11-13,0,0,0,0,2021,0.05611288616955983,0
2021-11-14,1,0,0,0,2021,0.055394285465782345,0
2021-11-15,1,1,1,1,2021,0.2055155099342994,0
2021-11-16,0,1,2,2,2021,0.33622970415993003,0
2021-11-17,0,0,2,2,2021,0.14774620754081466,0
2021-11-18,0,0,2,1,2021,0.10886020353914148,0
2021-11-19,0,0,2,0,2021,0.09989654990625263,0
2021-11-20,0,0,2,0,2021,0.09858838723154896,0
2021-11-21,1,0,2,0,2021,0.097518421943262,0
2021-11-22,0,1,2,1,2021,0.21555537372391717,0
2021-11-23,1,0,1,1,2021,0.12535011343438882,0
2021-11-24,0,1,2,2,2021,0.23107708810003083,0
2021-11-26,0,0,2,1,2021,0.11339730085333515,0
2021-11-27,0,0,2,0,2021,0.10392524067139557,0
2021-11-28,0,0,2,0,2021,0.10277768986790473,0
2021-11-29,0,0,1,0,2021,0.09100059585869945,0
2021-11-30,0,0,1,0,2021,0.08964806256852403,0
2021-12-01,0,0,0,0,2021,0.07936697000591593,0
2021-12-02,0,0,0,0,2021,0.07805554651814747,0
2021-12-03,0,0,0,0,2021,0.07703283300065018,0
2021-12-04,0,0,0,0,2021,0.07605086958121178,0
2021-12-05,0,0,0,0,2021,0.07522744731135395,0
2021-12-06,0,0,0,0,2021,0.07453326752546081,0
2021-12-07,0,0,0,0,2021,0.07356239855398289,0
2021-12-08,0,0,0,0,2021,0.07274672311724381,0
2021-12-09,0,0,0,0,2021,0.07219589061387836,0
2021-12-10,0,0,0,0,2021,0.07118376237415269,0
2021-12-11,0,0,0,0,2021,0.0703105917167805,0
2021-12-12,0,0,0,0,2021,0.06937639393003375,0
2021-12-13,0,0,0,0,2021,0.06873073544009688,0
2021-12-16,0,0,0,0,2021,0.06125989408253245,0
2021-12-17,0,0,0,0,2021,0.06067159450301767,0
2021-12-18,0,0,0,0,2021,0.06025204533842397,0
2021-12-19,0,0,0,0,2021,0.05974321882769185,0
2021-12-20,0,0,0,0,2021,0.059125198228310846,0
2021-12-21,0,0,0,0,2021,0.05853880102352876,0
2021-12-22,0,0,0,0,2021,0.055635270565476305,0
2021-12-23,0,0,0,0,2021,0.05497767304256235,0
2021-12-26,0,0,0,0,2021,0.05104880754251819,0
2021-12-27,0,0,0,0,2021,0.05041126382276787,0
2021-12-28,0,0,0,0,2021,0.05009434996914754,0
2021-12-29,0,0,0,0,2021,0.049825000052393396,0
2022-01-01,0,0,0,0,2022,0.045446580986506384,0
2022-01-02,0,0,0,0,2022,0.04514842619149613,0
2022-01-04,0,0,0,0,2022,0.04414485822451779,0
2022-01-05,0,0,0,0,2022,0.04375744618286391,0
2022-01-06,0,0,0,0,2022,0.04326677858585553,0
2022-01-07,0,0,0,0,2022,0.042706615367491,0
2022-01-08,0,0,0,0,2022,0.042093374444299114,0
2022-01-09,0,0,0,0,2022,0.041551619998908135,0
2022-01-10,0,0,0,0,2022,0.041135958092801225,0
2022-01-11,0,0,0,0,2022,0.04073426948111857,0
2022-01-12,0,0,0,0,2022,0.0402335900372702,0
2022-01-13,0,0,0,0,2022,0.03974040604314089,0
2022-01-14,0,0,0,0,2022,0.039326341027362106,0
2022-01-15,0,0,0,0,2022,0.038835769389488725,0
2022-01-16,0,0,0,0,2022,0.038423891367313646,0
2022-01-17,0,0,0,0,2022,0.038052247668986836,0
2022-01-18,0,0,0,0,2022,0.03758272889455442,0
2022-01-20,0,0,0,0,2022,0.03707249040132491,0
2022-01-21,0,0,0,0,2022,0.03674992359417101,0
2022-01-22,0,0,0,0,2022,0.03628588683983574,0
2022-01-23,0,0,0,0,2022,0.035898337290052124,0
2022-01-24,0,0,0,0,2022,0.035518148789360666,0
2022-01-25,0,0,0,0,2022,0.03526633631158127,0
2022-01-26,0,0,0,0,2022,0.035028187976659395,0
2022-01-27,0,0,0,0,2022,0.03480390208400683,0
2022-01-28,0,0,0,0,2022,0.03441151408594658,0
2022-01-29,0,0,0,0,2022,0.03394357921283474,0
2022-01-30,0,0,0,0,2022,0.0335468967322315,0
2022-01-31,0,0,0,0,2022,0.03328107832261966,0
2022-02-01,0,0,0,0,2022,0.033028131231395676,0
2022-02-02,0,0,0,0,2022,0.03271048141218257,0
2022-02-03,0,0,0,0,2022,0.03240608081174625,0
2022-02-04,0,0,0,0,2022,0.03221211372933378,0
2022-02-05,0,0,0,0,2022,0.031894972513906675,0
2022-02-06,0,0,0,0,2022,0.03159858243925614,0
2022-02-07,0,0,0,0,2022,0.031293695153024284,0
2022-02-09,0,0,0,0,2022,0.03077147147084151,0
2022-02-10,0,0,0,0,2022,0.03059499409451212,0
2022-02-11,0,0,0,0,2022,0.0304072409058867,0
2022-02-12,0,0,0,0,2022,0.030333396594286896,0
2022-02-13,0,0,0,0,2022,0.030316977097122774,0
2022-02-14,0,0,0,0,2022,0.030296876915677055,0
2022-02-15,0,0,0,0,2022,0.030328944689082427,0
2022-02-16,0,0,0,0,2022,0.030363483799739154,0
2022-02-17,0,0,0,0,2022,0.03034538107447344,0
2022-02-18,0,0,0,0,2022,0.030330042321419233,0
2022-02-19,0,0,0,0,2022,0.03020829785832659,0
2022-02-20,0,0,0,0,2022,0.030198796144704665,0
2022-02-21,0,0,0,0,2022,0.030146306255307783,0
2022-02-22,0,0,0,0,2022,0.03014599066259173,0
2022-02-23,0,0,0,0,2022,0.030151859508055635,0
2022-02-24,0,0,0,0,2022,0.030159686318409276,0
2022-02-25,0,0,0,0,2022,0.030111151279314113,0
2022-02-26,0,0,0,0,2022,0.030119537673137693,0
2022-02-27,0,0,0,0,2022,0.030130142615246616,0
2022-02-28,0,0,0,0,2022,0.030137173310682993,0
2022-03-01,0,0,0,0,2022,0.030149807350554017,0
2022-03-02,0,0,0,0,2022,0.03021907227595494,0
2022-03-03,0,0,0,0,2022,0.030236582091321126,0
2022-03-04,0,0,0,0,2022,0.030207041770630414,0
2022-03-05,0,0,0,0,2022,0.030233275697816142,0
2022-03-06,0,0,0,0,2022,0.030315903079182846,0
2022-03-07,0,0,0,0,2022,0.03045363418686027,0
2022-03-08,0,0,0,0,2022,0.030541146050541087,0
2022-03-09,0,0,0,0,2022,0.03068412585110512,0
2022-03-10,0,0,0,0,2022,0.030832379858106895,0
2022-03-11,0,0,0,0,2022,0.03098087331089885,0
2022-03-12,0,0,0,0,2022,0.03102199536176097,0
2022-03-13,0,0,0,0,2022,0.031008150101397656,0
2022-03-14,0,0,0,0,2022,0.031052311642452503,0
2022-03-15,0,0,0,0,2022,0.031207789466149976,0
2022-03-16,0,0,0,0,2022,0.0313085711217997,0
2022-03-17,0,0,0,0,2022,0.031468512119991035,0
2022-03-18,0,0,0,0,2022,0.0315786481340969,0
2022-03-19,0,0,0,0,2022,0.03168843690470965,0
2022-03-20,0,0,0,0,2022,0.03185821355903075,0
2022-03-21,0,0,0,0,2022,0.031972473851413864,0
2022-03-22,0,0,0,0,2022,0.032147204507642295,0
2022-03-23,0,0,0,0,2022,0.03220733200080606,0
2022-03-24,0,0,0,0,2022,0.032325146442897176,0
2022-03-25,0,0,0,0,2022,0.03250657251259791,0
2022-03-26,0,0,0,0,2022,0.032628526680386793,0
2022-03-27,0,0,0,0,2022,0.03287054608260305,0
2022-03-29,0,0,0,0,2022,0.033134661905016585,0
2022-03-30,0,0,0,0,2022,0.033328100697641486,0
2022-03-31,0,0,0,0,2022,0.03358457617618836,0
2022-04-01,0,0,0,0,2022,0.03378762536201745,0
2022-04-02,0,0,0,0,2022,0.0339278439479496,0
2022-04-03,0,0,0,0,2022,0.0341316117668251,0
2022-04-04,0,0,0,0,2022,0.03432863232205482,0
2022-04-05,0,0,0,0,2022,0.034527378811857815,0
2022-04-06,0,0,0,0,2022,0.034732762011375096,0
2022-04-07,0,0,0,0,2022,0.03482126992853746,0
2022-04-08,0,0,0,0,2022,0.03496378383296469,0
2022-04-09,0,0,0,0,2022,0.03517470592401233,0
2022-04-10,0,0,0,0,2022,0.03533043425869628,0
2022-04-11,0,0,0,0,2022,0.03554527681654044,0
2022-04-13,0,0,0,0,2022,0.03610638844188745,0
2022-04-14,0,0,0,0,2022,0.036206889505581576,0
2022-04-15,0,0,0,0,2022,0.036366159832227046,0
2022-04-16,0,0,0,0,2022,0.036590307414479474,0
2022-04-17,0,0,0,0,2022,0.03695009912476794,0
2022-04-18,0,0,0,0,2022,0.0372425496955753,0
2022-04-19,0,0,0,0,2022,0.03760937734193129,0
2022-04-20,0,0,0,0,2022,0.03784953933443906,0
2022-04-21,0,0,0,0,2022,0.038289342064706314,0
2022-04-22,0,0,0,0,2022,0.038543824651089305,0
2022-04-23,0,0,0,0,2022,0.038868221214735175,0
2022-04-24,0,0,0,0,2022,0.039380096866533654,0
2022-04-25,0,0,0,0,2022,0.03970241497116854,0
2022-04-26,0,0,0,0,2022,0.03995858228503974,0
2022-04-27,0,0,0,0,2022,0.04007805046976528,0
2022-04-28,0,0,0,0,2022,0.04046462692355808,0
2022-04-29,0,0,0,0,2022,0.0407961502497251,0
2022-04-30,0,0,0,0,2022,0.04107248662749427,0
2022-05-01,0,0,0,0,2022,0.041409427728098816,0
2022-05-02,0,0,0,0,2022,0.041807015735469806,0
2022-05-03,0,0,0,0,2022,0.042163842134507225,0
2022-05-04,0,0,0,0,2022,0.04265586286828508,0
2022-05-05,0,0,0,0,2022,0.04293101300068001,0
2022-05-06,0,0,0,0,2022,0.04329864341968513,0
2022-05-07,0,0,0,0,2022,0.04357748462114164,0
2022-05-08,0,0,0,0,2022,0.0437066828692927,0
2022-05-09,0,0,0,0,2022,0.04406319879366502,0
2022-05-10,0,0,0,0,2022,0.04426915107068435,0
2022-05-11,0,0,0,0,2022,0.04445800305190726,0
2022-05-12,0,0,0,0,2022,0.04474138398400136,0
2022-05-13,0,0,0,0,2022,0.04502582823871183,0
2022-05-14,0,0,0,0,2022,0.045233548263419805,0
2022-05-15,0,0,0,0,2022,0.04565696089534316,0
2022-05-16,0,0,0,0,2022,0.04594432244062259,0
2022-05-17,0,0,0,0,2022,0.04639084495186033,0
2022-05-18,1,0,0,0,2022,0.04652136152974179,0
2022-05-19,1,1,1,1,2022,0.21714037748661416,0
2022-05-20,0,1,2,2,2022,0.3995100194605876,1
2022-05-21,0,0,2,2,2022,0.16747588781511077,0
2022-05-22,1,0,2,1,2022,0.12406432814734221,0
2022-05-23,1,1,3,1,2022,0.2687100412142864,0
2022-05-24,0,1,4,2,2022,0.4003567010785542,1
2022-05-25,0,0,4,2,2022,0.2227750419019588,0
2022-05-26,0,0,3,1,2022,0.15228523874825145,0
2022-05-27,1,0,2,0,2022,0.1281765524914848,0
2022-05-28,1,1,3,1,2022,0.2879324009085867,0
2022-05-29,1,1,4,2,2022,0.4046829395037598,1
2022-05-30,0,1,4,3,2022,0.4421513712057026,1
2022-05-31,0,0,3,2,2022,0.2334943049291917,0
2022-06-01,0,0,3,1,2022,0.17724023464235608,0
2022-06-02,0,0,3,0,2022,0.1656780531595607,0
2022-06-03,0,0,3,0,2022,0.16568387149996155,0
2022-06-04,0,0,2,0,2022,0.148589088141,0
2022-06-05,0,0,1,0,2022,0.13396359844819813,0
2022-06-06,1,0,0,0,2022,0.11996810213777552,0
2022-06-07,0,1,1,1,2022,0.28409281984798845,0
2022-06-08,1,0,1,1,2022,0.19477762083611735,0
2022-06-09,1,1,2,2,2022,0.405719944070524,1
2022-06-10,0,1,3,2,2022,0.4411549376344717,1
2022-06-11,0,0,3,2,2022,0.27178823273141967,0
2022-06-12,0,0,3,1,2022,0.20897678902498532,0
2022-06-13,0,0,3,0,2022,0.19519873766719487,0
2022-06-14,0,0,2,0,2022,0.17635843700850273,0
2022-06-15,0,0,2,0,2022,0.17559666121359455,0
2022-06-16,1,0,1,0,2022,0.15825974022236078,0
2022-06-17,0,0,0,0,2022,0.14233095946606544,0
2022-06-18,0,0,1,1,2022,0.28778918734747294,0
2022-06-19,1,0,1,1,2022,0.2279544400868628,0
2022-06-20,1,0,1,0,2022,0.15861020507972876,0
2022-06-21,0,1,3,2,2022,0.4642598873626939,1
2022-06-22,0,0,3,2,2022,0.28438256342698814,0
2022-06-23,1,0,3,1,2022,0.2110130879098232,0
2022-06-24,1,0,2,0,2022,0.17879864832945333,0
2022-06-25,0,1,4,2,2022,0.5275693265668077,1
2022-06-26,0,0,4,2,2022,0.3226894458082019,0
2022-06-27,0,0,3,1,2022,0.2215606449028094,0
2022-06-28,0,0,2,0,2022,0.18118922984349248,0
2022-06-29,0,0,2,0,2022,0.1745327697415373,0
2022-06-30,0,0,2,0,2022,0.17418054199499597,0
2022-07-01,0,0,1,0,2022,0.1575351405816937,0
2022-07-02,0,0,0,0,2022,0.1414140309635234,0
2022-07-03,0,0,0,0,2022,0.14109062222247454,0
2022-07-04,0,0,0,0,2022,0.14036989542606457,0
2022-07-05,0,0,0,0,2022,0.1406129729713637,0
2022-07-06,1,0,0,0,2022,0.1404580948693445,0
2022-07-07,1,1,1,1,2022,0.31122163373465617,0
2022-07-08,0,1,2,2,2022,0.4361195327864738,1
2022-07-09,1,0,2,2,2022,0.2610694223116459,0
2022-07-10,0,0,2,1,2022,0.19375666690852597,0
2022-07-11,0,0,3,1,2022,0.2716256376920863,0
2022-07-12,0,0,3,1,2022,0.22213644418572082,0
2022-07-13,1,0,3,0,2022,0.20852947974289374,0
2022-07-14,1,1,3,1,2022,0.3898406074537225,1
2022-07-15,1,1,3,2,2022,0.4932038491144855,1
2022-07-16,0,1,4,3,2022,0.5579411972514352,1
2022-07-17,0,0,3,2,2022,0.31599495416218093,0
2022-07-18,0,0,3,1,2022,0.3185802637608315,0
2022-07-19,0,0,3,0,2022,0.22930576461699814,0
2022-07-20,1,0,3,0,2022,0.21997089985592344,0
2022-07-21,0,1,3,1,2022,0.399675181912017,1
2022-07-22,0,0,2,1,2022,0.2663388286926779,0
2022-07-23,0,0,1,1,2022,0.19645712821825154,0
2022-07-24,0,0,1,0,2022,0.17705715427288904,0
2022-07-25,0,0,1,0,2022,0.1690967937449086,0
2022-07-26,0,0,1,0,2022,0.16823831265194644,0
2022-07-27,0,0,1,0,2022,0.16714735954271653,0
2022-07-28,0,0,0,0,2022,0.149951490641095,0
2022-07-29,0,0,0,0,2022,0.14893645930372063,0
2022-07-30,0,0,0,0,2022,0.14811942894595448,0
2022-07-31,0,0,0,0,2022,0.14729546676851105,0
2022-08-01,0,0,0,0,2022,0.14566161872189168,0
2022-08-02,0,0,0,0,2022,0.14482801459052258,0
2022-08-03,1,0,0,0,2022,0.14359158738763547,0
2022-08-04,0,1,1,1,2022,0.339033267171519,0
2022-08-05,1,0,1,1,2022,0.2363752852709078,0
2022-08-06,0,1,2,2,2022,0.38573362527471744,1
2022-08-07,0,0,2,1,2022,0.24966066378400792,0
2022-08-08,0,0,2,1,2022,0.20217376696952452,0
2022-08-09,0,0,2,0,2022,0.18189631220403546,0
2022-08-10,0,0,2,0,2022,0.18056095056385343,0
2022-08-11,0,0,1,0,2022,0.16253105980073002,0
2022-08-12,0,0,1,0,2022,0.16128722912997162,0
2022-08-13,0,0,0,0,2022,0.1385947642732492,0
2022-08-14,0,0,0,0,2022,0.13226214797750757,0
2022-08-15,0,0,0,0,2022,0.12599003668954503,0
2022-08-16,0,0,0,0,2022,0.12459638065982778,0
2022-08-17,1,0,0,0,2022,0.12372974190823718,0
2022-08-18,1,1,1,1,2022,0.3995851409613036,1
2022-08-19,1,1,2,2,2022,0.5275352844723983,1
2022-08-20,0,1,3,3,2022,0.47643314892797284,1
2022-08-21,0,0,3,2,2022,0.2716354075466835,0
2022-08-22,0,0,3,1,2022,0.20695418082254646,0
2022-08-23,0,0,3,0,2022,0.19301181176211116,0
2022-08-24,0,0,3,0,2022,0.19093956525554215,0
2022-08-25,1,0,2,0,2022,0.17215864844145132,0
2022-08-26,0,1,2,1,2022,0.36884724533628344,1
2022-08-27,0,1,1,1,2022,0.2524885501067174,0
2022-08-28,0,0,1,1,2022,0.17631437225333646,0
2022-08-29,1,0,1,0,2022,0.1637253280250579,0
2022-08-30,0,1,2,1,2022,0.4221285635352706,1
2022-08-31,1,0,2,1,2022,0.24860388179997892,0
2022-09-01,1,1,3,2,2022,0.4601316109166699,1
2022-09-02,1,1,3,2,2022,0.5905823730440356,1
2022-09-03,0,1,4,3,2022,0.5408396199446686,1
2022-09-04,1,0,4,2,2022,0.33155193076327466,0
2022-09-05,0,1,5,2,2022,0.479276478035022,1
2022-09-06,1,0,4,1,2022,0.31071521537760327,0
2022-09-07,1,1,5,2,2022,0.6529020974185794,1
2022-09-08,0,1,5,2,2022,0.6010416912011335,1
2022-09-09,0,0,4,2,2022,0.3461835274350513,0
2022-09-10,0,0,3,1,2022,0.24626918288008476,0
2022-09-11,0,0,3,0,2022,0.22963375014082973,0
2022-09-12,0,0,2,0,2022,0.2067559115279503,0
2022-09-13,0,0,2,0,2022,0.20434158458682558,0
2022-09-14,0,0,1,0,2022,0.1828833084927628,0
2022-09-15,0,0,0,0,2022,0.16342773682217335,0
2022-09-16,0,0,0,0,2022,0.16204614361601355,0
2022-09-17,0,0,0,0,2022,0.1551427109837972,0
2022-09-18,0,0,0,0,2022,0.14725697695728066,0
2022-09-19,1,0,0,0,2022,0.13989248009227612,0
2022-09-20,0,1,1,1,2022,0.3417161592073059,0
2022-09-21,1,0,1,1,2022,0.22425872428737,0
2022-09-22,1,1,2,2,2022,0.534238272623069,1
2022-09-23,0,1,3,2,2022,0.6977072057852656,1
2022-09-24,0,0,3,2,2022,0.30140702959204996,0
2022-09-25,1,0,3,1,2022,0.2236237921646554,0
2022-09-26,0,1,4,1,2022,0.46237837609325827,1
2022-09-27,0,0,3,1,2022,0.28052324449192656,0
2022-09-28,1,0,3,1,2022,0.2274787480830008,0
2022-09-29,1,1,3,1,2022,0.6169245665209817,1
2022-09-30,1,1,3,2,2022,0.7039416345360925,1
2022-10-01,1,1,4,3,2022,0.6991435762090599,1
2022-10-02,0,1,5,3,2022,0.5738268811802238,1
2022-10-03,0,0,4,2,2022,0.3149333086125336,0
2022-10-04,0,0,4,1,2022,0.242303498212094,0
2022-10-05,0,0,4,0,2022,0.21708955764862303,0
2022-10-06,0,0,3,0,2022,0.19495327485352842,0
2022-10-07,0,0,2,0,2022,0.16798406800611335,0
2022-10-08,0,0,1,0,2022,0.14407378841371796,0
2022-10-09,0,0,0,0,2022,0.1277923384832024,0
2022-10-10,0,0,0,0,2022,0.12601074101871093,0
2022-10-11,0,0,0,0,2022,0.12414942893596462,0
2022-10-12,0,0,0,0,2022,0.12240424513853058,0
2022-10-13,0,0,0,0,2022,0.12067731616601873,0
2022-10-14,0,0,0,0,2022,0.11896873176623116,0
2022-10-15,0,0,0,0,2022,0.11711113485615003,0
2022-10-16,1,0,0,0,2022,0.11577247793609358,0
2022-10-17,0,1,1,1,2022,0.2813488800581071,0
2022-10-18,0,0,1,1,2022,0.1920275824752073,0
2022-10-19,0,0,1,1,2022,0.1520880990118248,0
2022-10-20,0,0,1,0,2022,0.1345452203049774,0
2022-10-21,0,0,1,0,2022,0.13246747078468524,0
2022-10-22,0,0,1,0,2022,0.12577805356026958,0
2022-10-23,0,0,1,0,2022,0.11886910880189067,0
2022-10-24,0,0,0,0,2022,0.10475057015571716,0
2022-10-25,0,0,0,0,2022,0.10332669050535889,0
2022-10-26,0,0,0,0,2022,0.0974120721932845,0
2022-10-27,0,0,0,0,2022,0.0959765707244344,0
2022-10-28,0,0,0,0,2022,0.09437555135406613,0
2022-10-29,0,0,0,0,2022,0.08940572144294574,0
2022-10-30,0,0,0,0,2022,0.08467290029869867,0
2022-10-31,0,0,0,0,2022,0.07972557053699447,0
2022-11-01,1,0,0,0,2022,0.07515433707383745,0
2022-11-04,0,1,1,1,2022,0.11914748049581493,0
2022-11-05,0,0,1,0,2022,0.09259689299539309,0
2022-11-06,0,0,1,0,2022,0.09170530251485944,0
2022-11-07,0,0,1,0,2022,0.09065130063561816,0
2022-11-11,0,0,0,0,2022,0.07720859922601285,0
2022-11-12,0,0,0,0,2022,0.07595805387741392,0
2022-11-13,0,0,0,0,2022,0.07475436748769199,0
2022-11-14,0,0,0,0,2022,0.07379782386985752,0
2022-11-15,0,0,0,0,2022,0.07285325621592187,0
2022-11-16,0,0,0,0,2022,0.06860846553143674,0
2022-11-17,0,0,0,0,2022,0.06759220307254599,0
2022-11-18,0,0,0,0,2022,0.0664603649687293,0
2022-11-19,0,0,0,0,2022,0.06557984921040425,0
2022-11-20,0,0,0,0,2022,0.06468898903048598,0
2022-11-21,0,0,0,0,2022,0.06393580728064935,0
2022-11-22,0,0,0,0,2022,0.0631706827746444,0
2022-11-23,0,0,0,0,2022,0.0624376981317023,0
2022-11-25,0,0,0,0,2022,0.06062234156012959,0
2022-11-26,0,0,0,0,2022,0.059901816667748346,0
2022-11-27,0,0,0,0,2022,0.059019711156468056,0
2022-11-28,0,0,0,0,2022,0.05832113867650623,0
2022-11-29,0,0,0,0,2022,0.0574824670760086,0
2022-12-01,0,0,0,0,2022,0.055697637506529875,0
2022-12-02,0,0,0,0,2022,0.052517695438900176,0
2022-12-03,0,0,0,0,2022,0.051816510437187234,0
2022-12-04,0,0,0,0,2022,0.0511406693340678,0
2022-12-06,0,0,0,0,2022,0.05005497782016457,0
2022-12-08,0,0,0,0,2022,0.048742376887866964,0
2022-12-09,0,0,0,0,2022,0.04826248388393078,0
2022-12-10,0,0,0,0,2022,0.047589606482997655,0
2022-12-15,0,0,0,0,2022,0.04490712977784277,0
2022-12-16,0,0,0,0,2022,0.04446845938498951,0
2022-12-17,0,0,0,0,2022,0.04402357808831529,0
2022-12-18,0,0,0,0,2022,0.04368334402506899,0
2022-12-19,0,0,0,0,2022,0.0432881319081355,0
2022-12-20,0,0,0,0,2022,0.04282675196412145,0
2022-12-21,0,0,0,0,2022,0.04238562728081745,0
2022-12-22,0,0,0,0,2022,0.04201074322725207,0
2022-12-23,0,0,0,0,2022,0.04151215939790018,0
2022-12-24,0,0,0,0,2022,0.04107967279741327,0
2022-12-26,0,0,0,0,2022,0.04020359024859761,0
2022-12-27,0,0,0,0,2022,0.03970973861243966,0
2022-12-28,0,0,0,0,2022,0.03943191060663731,0
2022-12-29,0,0,0,0,2022,0.03918491986119615,0
2022-12-30,0,0,0,0,2022,0.038916808411929356,0
2022-12-31,0,0,0,0,2022,0.038529942884489465,0
2023-01-13,0,0,0,0,2023,0.03226290896031863,0
2023-01-14,0,0,0,0,2023,0.03194357409290649,0
2023-01-16,0,0,0,0,2023,0.03125344403193522,0
2023-01-18,0,0,0,0,2023,0.030608414858291112,0
2023-01-19,0,0,0,0,2023,0.030404218604991484,0
2023-01-20,0,0,0,0,2023,0.03020404178646248,0
2023-01-21,0,0,0,0,2023,0.029957169612885026,0
2023-01-22,0,0,0,0,2023,0.029607680523349195,0
2023-01-23,0,0,0,0,2023,0.029314634544966345,0
2023-01-24,0,0,0,0,2023,0.02903380241237956,0
2023-01-25,0,0,0,0,2023,0.028841973476406,0
2023-01-26,0,0,0,0,2023,0.028660094310387834,0
2023-01-27,0,0,0,0,2023,0.028488304694490537,0
2023-01-28,0,0,0,0,2023,0.02819143613368481,0
2023-01-29,0,0,0,0,2023,0.027840180770037685,0
2023-01-31,0,0,0,0,2023,0.02734078107972853,0
2023-02-01,0,0,0,0,2023,0.02714908484310063,0
2023-02-03,0,0,0,0,2023,0.026681056871873644,0
2023-02-04,0,0,0,0,2023,0.02652988224651697,0
2023-02-05,0,0,0,0,2023,0.02629346646486704,0
2023-02-07,0,0,0,0,2023,0.02584470344730948,0
2023-02-08,0,0,0,0,2023,0.025626945889881996,0
2023-02-09,0,0,0,0,2023,0.02545554073547333,0
2023-02-10,0,0,0,0,2023,0.025324789458360225,0
2023-02-11,0,0,0,0,2023,0.02515972067143241,0
2023-02-12,0,0,0,0,2023,0.02492447371482318,0
2023-02-13,0,0,0,0,2023,0.024733841853198782,0
2023-02-16,0,0,0,0,2023,0.02424321993687935,0
2023-02-17,0,0,0,0,2023,0.02405852166156223,0
2023-02-18,0,0,0,0,2023,0.023877449917472992,0
2023-02-19,0,0,0,0,2023,0.02362287833179957,0
2023-02-20,0,0,0,0,2023,0.023449603412964325,0
2023-03-05,0,0,0,0,2023,0.023409418642079537,0
2023-03-14,0,0,0,0,2023,0.02417157036658501,0
2023-03-16,0,0,0,0,2023,0.024396734978492,0
2023-03-17,0,0,0,0,2023,0.0245322101647885,0
2023-03-18,0,0,0,0,2023,0.024632668840138584,0
2023-03-19,0,0,0,0,2023,0.024733335956971313,0
2023-03-28,0,0,0,0,2023,0.02588604897035605,0
2023-03-29,0,0,0,0,2023,0.026004925827133065,0
2023-03-31,0,0,0,0,2023,0.02637658260515577,0
2023-04-01,0,0,0,0,2023,0.02654704513005227,0
2023-04-02,0,0,0,0,2023,0.02667330676802932,0
2023-04-03,0,0,0,0,2023,0.02684507867719448,0
2023-04-04,0,0,0,0,2023,0.027012869745596278,0
2023-04-05,0,0,0,0,2023,0.02718220218770431,0
2023-04-06,0,0,0,0,2023,0.027356290806540274,0
2023-04-07,0,0,0,0,2023,0.02744682971373427,0
2023-04-08,0,0,0,0,2023,0.027576706093177167,0
2023-04-09,0,0,0,0,2023,0.02775549486955406,0
2023-04-10,0,0,0,0,2023,0.02789470251265754,0
2023-04-11,0,0,0,0,2023,0.028076785826938143,0
2023-04-12,0,0,0,0,2023,0.028350441974106525,0
2023-04-14,0,0,0,0,2023,0.028632692093670267,0
2023-04-15,0,0,0,0,2023,0.02877577245408301,0
2023-04-16,0,0,0,0,2023,0.02896556352908357,0
2023-04-17,0,0,0,0,2023,0.029252572170445752,0
2023-04-18,0,0,0,0,2023,0.029491900512022464,0
2023-04-20,0,0,0,0,2023,0.029986292784953465,0
2023-04-21,0,0,0,0,2023,0.030331744841822956,0
2023-04-22,0,0,0,0,2023,0.030543710258420727,0
2023-04-23,0,0,0,0,2023,0.030806038601711598,0
2023-04-24,0,0,0,0,2023,0.03120444162008995,0
2023-04-25,0,0,0,0,2023,0.031466228831165906,0
2023-04-26,0,0,0,0,2023,0.031680606094194555,0
2023-04-27,0,0,0,0,2023,0.03179673925060218,0
2023-04-28,0,0,0,0,2023,0.03209805217386515,0
2023-04-29,0,0,0,0,2023,0.03236668661786279,0
2023-04-30,0,0,0,0,2023,0.032595026649661796,0
2023-05-01,0,0,0,0,2023,0.03286773461495566,0
2023-05-02,0,0,0,0,2023,0.03318495619419774,0
2023-05-03,0,0,0,0,2023,0.033523494242228336,0
2023-05-04,0,0,0,0,2023,0.033961330165816116,0
2023-05-05,0,0,0,0,2023,0.034190669985156026,0
2023-05-06,0,0,0,0,2023,0.03448597518165987,0
2023-05-07,0,0,0,0,2023,0.034772237478371375,0
2023-05-08,0,0,0,0,2023,0.034951013251974174,0
2023-05-09,0,0,0,0,2023,0.03523989074711329,0
2023-05-10,0,0,0,0,2023,0.03541976584497032,0
2023-05-11,0,0,0,0,2023,0.035587633127103564,0
2023-05-12,0,0,0,0,2023,0.03587917818151265,0
2023-05-13,0,0,0,0,2023,0.036172211208680895,0
2023-05-14,0,0,0,0,2023,0.036410053284169644,0
2023-05-15,0,0,0,0,2023,0.03674874727539015,0
2023-05-16,0,0,0,0,2023,0.03698814674492728,0
2023-05-17,0,0,0,0,2023,0.03734345119428838,0
2023-05-18,0,0,0,0,2023,0.03746821859834602,0
2023-05-19,1,0,0,0,2023,0.0377087587602093,0
2023-05-20,0,1,1,1,2023,0.22398966427964426,0
2023-05-21,0,0,1,1,2023,0.13380727290617422,0
2023-05-22,0,0,1,1,2023,0.10774520463931722,0
2023-05-23,0,0,1,0,2023,0.10099850586924919,0
2023-05-24,0,0,1,0,2023,0.101261142969489,0
2023-05-25,0,0,1,0,2023,0.10093715160370569,0
2023-05-26,0,0,1,0,2023,0.10089870214736549,0
2023-05-27,0,0,0,0,2023,0.09061510196344125,0
2023-05-28,0,0,0,0,2023,0.09096176011150828,0
2023-05-29,0,0,0,0,2023,0.09051990350178404,0
2023-05-30,0,0,0,0,2023,0.09046464991057786,0
2023-05-31,1,0,0,0,2023,0.09049472786215051,0
2023-06-01,0,1,1,1,2023,0.2431380937173381,0
2023-06-02,1,0,1,1,2023,0.15052136339161887,0
2023-06-03,0,1,2,2,2023,0.3100738647504426,0
2023-06-04,0,0,2,1,2023,0.2330483731926133,0
2023-06-05,0,0,2,1,2023,0.14210322016464488,0
2023-06-06,0,0,2,0,2023,0.13301198102935094,0
2023-06-07,0,0,2,0,2023,0.13211367250379366,0
2023-06-08,0,0,1,0,2023,0.11924667297830085,0
2023-06-09,0,0,1,0,2023,0.1189432716750361,0
2023-06-10,0,0,0,0,2023,0.10708385275231715,0
2023-06-11,0,0,0,0,2023,0.10708103735140173,0
2023-06-12,0,0,0,0,2023,0.10692663274468582,0
2023-06-13,0,0,0,0,2023,0.10633726925751347,0
2023-06-14,0,0,0,0,2023,0.10588674766899872,0
2023-06-15,0,0,0,0,2023,0.10543174496746234,0
2023-06-16,0,0,0,0,2023,0.10511193111046054,0
2023-06-17,0,0,0,0,2023,0.1047859342563822,0
2023-06-18,0,0,0,0,2023,0.10473067253239217,0
2023-06-19,0,0,0,0,2023,0.1001141432637317,0
2023-06-20,0,0,0,0,2023,0.0999127283396667,0
2023-06-21,0,0,0,0,2023,0.10009982300883316,0
2023-06-22,0,0,0,0,2023,0.10001355049553781,0
2023-06-23,0,0,0,0,2023,0.09952549518289025,0
2023-06-24,0,0,0,0,2023,0.09916298332027326,0
2023-06-25,1,0,0,0,2023,0.0987131333206802,0
2023-06-26,0,1,1,1,2023,0.2577481353752212,0
2023-06-27,0,0,1,1,2023,0.17446662228118817,0
2023-06-28,0,0,1,1,2023,0.14168320186436725,0
2023-06-29,0,0,1,0,2023,0.133211102606124,0
2023-06-30,0,0,1,0,2023,0.1330867452925427,0
2023-07-01,0,0,1,0,2023,0.17440378337432283,0
2023-07-02,0,0,1,0,2023,0.12704924647705226,0
2023-07-03,0,0,0,0,2023,0.10942241783299012,0
2023-07-04,1,0,0,0,2023,0.1088602600886642,0
2023-07-05,0,1,1,1,2023,0.2626342378824146,0
2023-07-06,0,0,1,1,2023,0.17498478127186862,0
2023-07-07,0,0,1,1,2023,0.142562048317616,0
2023-07-08,0,0,1,0,2023,0.13395728309421118,0
2023-07-09,0,0,1,0,2023,0.18136519551480373,0
2023-07-10,0,0,1,0,2023,0.1335197381676533,0
2023-07-11,0,0,1,0,2023,0.1326144497521832,0
2023-07-12,0,0,0,0,2023,0.1191902814826687,0
2023-07-13,0,0,0,0,2023,0.11911229786760222,0
2023-07-14,0,0,0,0,2023,0.11902492879418855,0
2023-07-15,0,0,0,0,2023,0.11908086726489153,0
2023-07-16,1,0,0,0,2023,0.1189745474595053,0
2023-07-17,0,1,1,1,2023,0.2816826379242079,0
2023-07-18,0,0,1,1,2023,0.19194011515670745,0
2023-07-19,0,0,1,1,2023,0.1564464757621651,0
2023-07-20,1,0,1,0,2023,0.14610111911411555,0
2023-07-21,0,1,2,1,2023,0.32971447428959527,0
2023-07-22,0,0,2,1,2023,0.22008643296107447,0
2023-07-23,0,0,2,1,2023,0.17963617250223715,0
2023-07-24,0,0,1,0,2023,0.1526541166946754,0
2023-07-25,0,0,1,0,2023,0.15110351848716883,0
2023-07-26,0,0,1,0,2023,0.14444276997621705,0
2023-07-27,0,0,1,0,2023,0.14347494978817724,0
2023-07-28,0,0,0,0,2023,0.1284602251699852,0
2023-07-29,1,0,0,0,2023,0.127400841096412,0
2023-07-30,0,1,1,1,2023,0.28844597027598107,0
2023-07-31,1,0,1,1,2023,0.19986512769701073,0
2023-08-01,0,1,2,2,2023,0.34749561001186613,0
2023-08-02,0,0,2,1,2023,0.22743606128585162,0
2023-08-03,0,0,2,1,2023,0.18624388866662328,0
2023-08-04,1,0,2,0,2023,0.16814656935206354,0
2023-08-05,1,1,3,1,2023,0.4122266502656118,1
2023-08-06,1,1,3,2,2023,0.5600967368565306,1
2023-08-07,1,1,4,3,2023,0.5820641103894902,1
2023-08-08,1,1,4,3,2023,0.5282323846197872,1
2023-08-09,1,1,5,3,2023,0.5900503644921535,1
2023-08-10,1,1,6,3,2023,0.6362954843612983,1
2023-08-11,1,1,7,3,2023,0.7188410497199034,1
2023-08-12,0,1,7,3,2023,0.7303614101931263,1
2023-08-13,1,0,6,2,2023,0.413360578844005,1
2023-08-14,1,1,6,2,2023,0.5547072479185934,1
2023-08-15,0,1,6,2,2023,0.6253407492222779,1
2023-08-16,1,0,5,2,2023,0.39416584979439157,1
2023-08-17,1,1,5,2,2023,0.5949751038833526,1
2023-08-18,1,1,5,2,2023,0.6270288603659822,1
2023-08-19,1,1,5,3,2023,0.6913688008936607,1
2023-08-21,0,1,5,2,2023,0.4702689240849893,1
2023-08-22,0,0,4,1,2023,0.3256624878034543,0
2023-08-23,0,0,4,0,2023,0.3088028066885048,0
2023-08-24,0,0,3,0,2023,0.2811078729948233,0
2023-08-25,0,0,2,0,2023,0.2563507180509321,0
2023-08-26,0,0,1,0,2023,0.2322722422195243,0
2023-08-27,0,0,0,0,2023,0.21052921124513496,0
2023-08-28,0,0,0,0,2023,0.20899851454482585,0
2023-08-29,0,0,0,0,2023,0.19990630910830537,0
2023-08-30,1,0,0,0,2023,0.19864000944303822,0
2023-08-31,1,1,1,1,2023,0.6800245846579207,1
2023-09-01,1,1,2,2,2023,0.6089042233062172,1
2023-09-02,0,1,3,3,2023,0.6378879107935594,1
2023-09-03,0,0,3,2,2023,0.37795444591053073,1
2023-09-04,0,0,3,1,2023,0.29529515234335524,0
2023-09-05,0,0,3,0,2023,0.26786761739638054,0
2023-09-06,0,0,3,0,2023,0.2563753207374493,0
2023-09-07,0,0,2,0,2023,0.22469073272631188,0
2023-09-08,1,0,1,0,2023,0.19519196515817105,0
2023-09-09,0,1,1,1,2023,0.5533840190291527,1
2023-09-10,0,0,1,1,2023,0.24548188275524244,0
2023-09-11,1,0,1,1,2023,0.19396856627920278,0
2023-09-12,1,1,2,1,2023,0.4536127777493261,1
2023-09-13,1,1,3,2,2023,0.5585797529029233,1
2023-09-14,0,1,4,3,2023,0.553576378505716,1
2023-09-15,1,0,4,2,2023,0.412481961053342,1
2023-09-16,1,1,4,2,2023,0.4583341992499818,1
2023-09-17,1,1,5,2,2023,0.5324273142402395,1
2023-09-18,0,1,6,3,2023,0.5828453423142259,1
2023-09-19,0,0,5,2,2023,0.3391910991522321,0
2023-09-20,0,0,4,1,2023,0.24570970733188283,0
2023-09-21,0,0,3,0,2023,0.20911997261484452,0
2023-09-22,0,0,3,0,2023,0.20684057679668794,0
2023-09-23,0,0,2,0,2023,0.18573894782167824,0
2023-09-24,0,0,1,0,2023,0.16653360290826247,0
2023-09-25,0,0,0,0,2023,0.14875996446876524,0
2023-09-26,0,0,0,0,2023,0.14699088536070226,0
2023-09-27,0,0,0,0,2023,0.1447805869991518,0
2023-09-28,0,0,0,0,2023,0.19368633815095915,0
2023-09-29,0,0,0,0,2023,0.14095565572441007,0
2023-09-30,0,0,0,0,2023,0.13392037504705215,0
2023-10-01,0,0,0,0,2023,0.1275041870809699,0
2023-10-02,0,0,0,0,2023,0.12103701776083128,0
2023-10-03,0,0,0,0,2023,0.11905914099180435,0
2023-10-04,0,0,0,0,2023,0.1172565032093222,0
2023-10-05,0,0,0,0,2023,0.11532487600125473,0
2023-10-06,0,0,0,0,2023,0.11385879171462682,0
2023-10-07,0,0,0,0,2023,0.11211466904971214,0
2023-10-08,0,0,0,0,2023,0.11039087405537631,0
2023-10-09,0,0,0,0,2023,0.10425535958723967,0
2023-10-10,0,0,0,0,2023,0.10276767669789107,0
2023-10-11,0,0,0,0,2023,0.10108674859786249,0
2023-10-12,0,0,0,0,2023,0.09553147228783894,0
2023-10-13,0,0,0,0,2023,0.09024890486448137,0
2023-10-14,0,0,0,0,2023,0.08511514201973515,0
2023-10-15,0,0,0,0,2023,0.08364073483911502,0
2023-10-16,0,0,0,0,2023,0.07906034572710656,0
2023-10-17,0,0,0,0,2023,0.07450700609727304,0
2023-10-18,1,0,0,0,2023,0.07003955329929833,0
2023-10-19,1,1,1,1,2023,0.30591758923479717,0
2023-10-20,1,1,2,2,2023,0.35946300806502685,1
2023-10-21,1,1,3,3,2023,0.44776653989519727,1
2023-10-22,1,1,4,3,2023,0.3822114372579355,1
2023-10-23,0,1,5,3,2023,0.42090556570098464,1
2023-10-24,0,0,5,2,2023,0.23271030935860268,0
2023-10-25,1,0,5,1,2023,0.1790026884218867,0
2023-10-26,1,1,5,1,2023,0.40145654223154154,1
2023-10-27,1,1,5,2,2023,0.5391892168274526,1
2023-10-28,1,1,5,3,2023,0.6752275362779955,1
2023-10-29,1,1,5,3,2023,0.47082324348875254,1
2023-10-30,1,1,5,3,2023,0.6989060511358615,1
2023-10-31,0,1,6,3,2023,0.6490922937857994,1
2023-11-01,0,0,6,2,2023,0.2952421495291891,0
2023-11-02,0,0,5,1,2023,0.2103136268658631,0
2023-11-03,0,0,4,0,2023,0.17802867803315986,0
2023-11-04,0,0,3,0,2023,0.15875509710976546,0
2023-11-05,0,0,2,0,2023,0.14107447307940818,0
2023-11-06,0,0,1,0,2023,0.12593347251648238,0
2023-11-07,0,0,0,0,2023,0.11202095653297699,0
2023-11-08,0,0,0,0,2023,0.11030120391178905,0
2023-11-09,0,0,0,0,2023,0.10908160957338717,0
2023-11-10,0,0,0,0,2023,0.10772956788121148,0
2023-11-11,0,0,0,0,2023,0.10676018655773034,0
2023-11-12,0,0,0,0,2023,0.10511433782615487,0
2023-11-13,0,0,0,0,2023,0.10352453723729808,0
2023-11-14,0,0,0,0,2023,0.10223873106698461,0
2023-11-16,0,0,0,0,2023,0.0992632556826941,0
2023-11-17,0,0,0,0,2023,0.09772125553996305,0
2023-11-18,0,0,0,0,2023,0.09217205723667676,0
2023-11-19,0,0,0,0,2023,0.08718496543565436,0
2023-11-20,0,0,0,0,2023,0.0824695434121579,0
2023-11-21,0,0,0,0,2023,0.07810251285675583,0
2023-11-22,0,0,0,0,2023,0.0739508686837386,0
2023-11-24,0,0,0,0,2023,0.07211463101508157,0
2023-11-25,0,0,0,0,2023,0.06798841813370911,0
2023-11-26,0,0,0,0,2023,0.0643461449919939,0
2023-11-27,0,0,0,0,2023,0.06072651353274771,0
2023-11-28,0,0,0,0,2023,0.05743811480935276,0
2023-11-29,0,0,0,0,2023,0.05418808897814992,0
2023-11-30,0,0,0,0,2023,0.05102242869573931,0
2023-12-01,0,0,0,0,2023,0.05027251680331514,0
2023-12-02,0,0,0,0,2023,0.04947301941678399,0
2023-12-03,0,0,0,0,2023,0.0488230843694688,0
2023-12-04,0,0,0,0,2023,0.04819529123129629,0
2023-12-05,0,0,0,0,2023,0.04764993138145392,0
2023-12-06,0,0,0,0,2023,0.047173559941684665,0
2023-12-07,0,0,0,0,2023,0.04649116767871982,0
2023-12-08,0,0,0,0,2023,0.04596087583145442,0
2023-12-09,0,0,0,0,2023,0.045508439628180235,0
2023-12-10,0,0,0,0,2023,0.04488313673933361,0
2023-12-11,0,0,0,0,2023,0.04431932480886997,0
2023-12-12,0,0,0,0,2023,0.04374423661035552,0
2023-12-13,0,0,0,0,2023,0.043314754353636534,0
2023-12-14,0,0,0,0,2023,0.04288154516272376,0
2023-12-15,0,0,0,0,2023,0.04239902837165337,0
2023-12-16,0,0,0,0,2023,0.04197954205752216,0
2023-12-17,0,0,0,0,2023,0.0415663440817517,0
2023-12-18,0,0,0,0,2023,0.04124271360926732,0
2023-12-19,0,0,0,0,2023,0.04088216348224801,0
2023-12-20,0,0,0,0,2023,0.04045498987773389,0
2023-12-22,0,0,0,0,2023,0.03968406020347183,0
2023-12-23,0,0,0,0,2023,0.03921627983903797,0
2023-12-24,0,0,0,0,2023,0.038817348224695715,0
2023-12-26,0,0,0,0,2023,0.03800983438179926,0
2023-12-27,0,0,0,0,2023,0.037551616047427454,0
2023-12-28,0,0,0,0,2023,0.03727910476397486,0
2023-12-29,0,0,0,0,2023,0.037041594374760616,0
2023-12-30,0,0,0,0,2023,0.03678863843863269,0
2023-12-31,0,0,0,0,2023,0.036434236400921895,0
