date,y,hd_yt_lastday,hd_ytdays_7,hd_ytdays_3,fold,prob,call
2012-01-01,0,0,0,0,2012,0.048185260757458256,0
2012-01-02,0,0,0,0,2012,0.011046557267855998,0
2012-01-03,0,0,0,0,2012,0.021599866861947627,0
2012-01-04,0,0,0,0,2012,0.02298463397309467,0
2012-01-05,0,0,0,0,2012,0.01729273888599507,0
2012-01-06,0,0,0,0,2012,0.03645985429004182,0
2012-01-07,0,0,0,0,2012,0.032903869562150065,0
2012-01-08,0,0,0,0,2012,0.023648091992114328,0
2012-01-09,0,0,0,0,2012,0.025664955515272623,0
2012-01-10,0,0,0,0,2012,0.02712930126538159,0
2012-01-11,0,0,0,0,2012,0.02408177631806813,0
2012-01-12,0,0,0,0,2012,0.017939964586901808,0
2012-01-13,0,0,0,0,2012,0.023096091703870086,0
2012-01-14,0,0,0,0,2012,0.038650379397449384,0
2012-01-15,0,0,0,0,2012,0.031100440949766057,0
2012-01-16,0,0,0,0,2012,0.01748640398497448,0
2012-01-17,0,0,0,0,2012,0.011241057349905915,0
2012-01-18,0,0,0,0,2012,0.013012170407051668,0
2012-01-19,0,0,0,0,2012,0.013434332511101656,0
2012-01-20,0,0,0,0,2012,0.01457140875359747,0
2012-01-21,0,0,0,0,2012,0.015918649447826037,0
2012-01-22,0,0,0,0,2012,0.022779892378185018,0
2012-01-24,0,0,0,0,2012,0.03181082696812564,0
2012-01-25,0,0,0,0,2012,0.02210052504714193,0
2012-01-26,0,0,0,0,2012,0.025359807286239218,0
2012-01-27,0,0,0,0,2012,0.04012655355374717,0
2012-01-28,0,0,0,0,2012,0.030866127027718338,0
2012-01-29,0,0,0,0,2012,0.030086670146118343,0
2012-01-30,0,0,0,0,2012,0.02282451708782465,0
2012-01-31,0,0,0,0,2012,0.014536027343316145,0
2012-02-01,0,0,0,0,2012,0.016066345927670624,0
2012-02-02,0,0,0,0,2012,0.02977272792065176,0
2012-02-03,0,0,0,0,2012,0.02668468096236593,0
2012-02-04,1,0,0,0,2012,0.03679777305511518,0
2012-02-05,1,1,1,1,2012,0.08519642704892445,0
2012-02-06,0,1,2,2,2012,0.04283415088522578,0
2012-02-07,0,0,2,2,2012,0.012871395745537228,0
2012-02-08,0,0,2,1,2012,0.03826197161916502,0
2012-02-09,0,0,2,0,2012,0.04763165984704646,0
2012-02-10,0,0,2,0,2012,0.04814710147260416,0
2012-02-11,0,0,2,0,2012,0.07268593032812608,0
2012-02-12,0,0,1,0,2012,0.0697154720922446,0
2012-02-13,0,0,0,0,2012,0.03639111354036578,0
2012-02-14,0,0,0,0,2012,0.06418051893248883,0
2012-02-16,0,0,0,0,2012,0.0683309805359334,0
2012-02-17,0,0,0,0,2012,0.08418694811596565,0
2012-02-18,0,0,0,0,2012,0.14053858598108324,0
2012-02-19,0,0,0,0,2012,0.07615354568488818,0
2012-02-20,0,0,0,0,2012,0.03756240534820254,0
2012-02-21,0,0,0,0,2012,0.03205439130408784,0
2012-02-22,0,0,0,0,2012,0.022842043881757628,0
2012-02-23,0,0,0,0,2012,0.013499218230119079,0
2012-02-24,0,0,0,0,2012,0.012330996814529215,0
2012-02-25,0,0,0,0,2012,0.01504605858690786,0
2012-02-26,0,0,0,0,2012,0.015560232168815033,0
2012-02-27,0,0,0,0,2012,0.007737405946074838,0
2012-02-28,0,0,0,0,2012,0.009984644340329835,0
2012-02-29,0,0,0,0,2012,0.010408065753527656,0
2012-03-01,0,0,0,0,2012,0.009542522631983541,0
2012-03-02,0,0,0,0,2012,0.014218272435754051,0
2012-03-03,0,0,0,0,2012,0.02104332937258732,0
2012-03-04,0,0,0,0,2012,0.02042258078824408,0
2012-03-05,0,0,0,0,2012,0.022742396241160198,0
2012-03-06,0,0,0,0,2012,0.02224608605589553,0
2012-03-07,0,0,0,0,2012,0.02923548612828539,0
2012-03-08,0,0,0,0,2012,0.0237114266603871,0
2012-03-09,0,0,0,0,2012,0.028780327975718414,0
2012-03-10,0,0,0,0,2012,0.05609734224933972,0
2012-03-11,0,0,0,0,2012,0.05626969696216081,0
2012-03-12,0,0,0,0,2012,0.04111527521631938,0
2012-03-13,0,0,0,0,2012,0.03341817669268489,0
2012-03-14,0,0,0,0,2012,0.038071664063819906,0
2012-03-15,0,0,0,0,2012,0.0460497741591135,0
2012-03-16,0,0,0,0,2012,0.03888044043317606,0
2012-03-17,0,0,0,0,2012,0.029059759428928727,0
2012-03-20,0,0,0,0,2012,0.057177945680565084,0
2012-03-21,0,0,0,0,2012,0.07871633187404845,0
2012-03-22,0,0,0,0,2012,0.08694861863011803,0
2012-03-23,0,0,0,0,2012,0.06281155983549741,0
2012-03-24,0,0,0,0,2012,0.08681115887379537,0
2012-03-25,0,0,0,0,2012,0.14333087662591967,0
2012-03-26,0,0,0,0,2012,0.05251523745245104,0
2012-03-27,0,0,0,0,2012,0.02632376502229019,0
2012-03-28,0,0,0,0,2012,0.0310560716818406,0
2012-03-29,0,0,0,0,2012,0.045286111273049365,0
2012-03-30,0,0,0,0,2012,0.04179618524014808,0
2012-03-31,0,0,0,0,2012,0.07784147081547571,0
2012-04-01,0,0,0,0,2012,0.06055264589744068,0
2012-04-02,0,0,0,0,2012,0.03330493452456975,0
2012-04-03,0,0,0,0,2012,0.04348922102535273,0
2012-04-04,0,0,0,0,2012,0.05699038176276055,0
2012-04-05,0,0,0,0,2012,0.07294004312362735,0
2012-04-06,0,0,0,0,2012,0.07925617373728891,0
2012-04-07,0,0,0,0,2012,0.08771122426854834,0
2012-04-08,0,0,0,0,2012,0.10302080388033709,0
2012-04-09,0,0,0,0,2012,0.08433946564727668,0
2012-04-10,0,0,0,0,2012,0.08197295835471537,0
2012-04-11,0,0,0,0,2012,0.06303618380051502,0
2012-04-12,0,0,0,0,2012,0.05695340617304591,0
2012-04-13,1,0,0,0,2012,0.054423038897093615,0
2012-04-14,0,1,1,1,2012,0.13010604863071473,0
2012-04-15,1,0,1,1,2012,0.02603722028012724,0
2012-04-16,1,1,2,2,2012,0.1175870875462026,0
2012-04-17,0,1,3,2,2012,0.06541415223190418,0
2012-04-18,0,0,3,2,2012,0.024414702849277683,0
2012-04-19,1,0,3,1,2012,0.03221759848461503,0
2012-04-20,1,1,4,1,2012,0.11747797585035646,0
2012-04-21,0,1,4,2,2012,0.10176436394140792,0
2012-04-22,0,0,4,2,2012,0.05357240790672959,0
2012-04-23,0,0,3,1,2012,0.06629139184071862,0
2012-04-24,0,0,2,0,2012,0.0849276262562511,0
2012-04-25,0,0,2,0,2012,0.07399040310856225,0
2012-04-26,0,0,2,0,2012,0.0517208578607084,0
2012-04-27,0,0,1,0,2012,0.08717428479967412,0
2012-04-28,0,0,0,0,2012,0.14225046341966782,0
2012-04-29,0,0,0,0,2012,0.2093361953067739,0
2012-04-30,0,0,0,0,2012,0.09921710143946243,0
2012-05-01,0,0,0,0,2012,0.07906030976763599,0
2012-05-02,1,0,0,0,2012,0.0634657063769661,0
2012-05-03,0,1,1,1,2012,0.15634866790720994,0
2012-05-04,0,0,1,1,2012,0.0710078662360313,0
2012-05-05,0,0,1,1,2012,0.06836572524613743,0
2012-05-06,0,0,1,0,2012,0.1167276658234168,0
2012-05-07,0,0,1,0,2012,0.09670909191410118,0
2012-05-08,1,0,1,0,2012,0.06532296609333281,0
2012-05-09,1,1,2,1,2012,0.14905549063455953,0
2012-05-10,0,1,2,2,2012,0.10911800363230185,0
2012-05-11,0,0,2,2,2012,0.04304657187239654,0
2012-05-12,0,0,2,1,2012,0.0858821737697724,0
2012-05-13,0,0,2,0,2012,0.13758899925675006,0
2012-05-14,0,0,2,0,2012,0.04932803862300374,0
2012-05-15,0,0,2,0,2012,0.08805663697421054,0
2012-05-16,0,0,1,0,2012,0.12251608301112932,0
2012-05-17,0,0,0,0,2012,0.09631128606575541,0
2012-05-18,0,0,0,0,2012,0.09346611922212388,0
2012-05-19,0,0,0,0,2012,0.11292649719157884,0
2012-05-20,1,0,0,0,2012,0.15313163695010948,0
2012-05-21,1,1,1,1,2012,0.1730272945061206,0
2012-05-22,0,1,2,2,2012,0.10153762702223379,0
2012-05-23,0,0,2,2,2012,0.023917774386083578,0
2012-05-24,0,0,2,1,2012,0.03064272779571012,0
2012-05-25,0,0,2,0,2012,0.032431384605268725,0
2012-05-26,0,0,2,0,2012,0.06144050569291315,0
2012-05-27,1,0,2,0,2012,0.07649486257970609,0
2012-05-28,0,1,2,1,2012,0.11635540390671999,0
2012-05-29,0,0,1,1,2012,0.07551169761790669,0
2012-05-30,0,0,1,1,2012,0.08784667382251794,0
2012-05-31,0,0,1,0,2012,0.10470376265748135,0
2012-06-01,0,0,1,0,2012,0.11334810326831364,0
2012-06-02,0,0,1,0,2012,0.21123162229849024,0
2012-06-03,0,0,1,0,2012,0.340401763210415,0
2012-06-04,0,0,0,0,2012,0.16100041386907732,0
2012-06-05,0,0,0,0,2012,0.08135176967359123,0
2012-06-06,0,0,0,0,2012,0.07064333584454222,0
2012-06-07,1,0,0,0,2012,0.08355207057373684,0
2012-06-08,0,1,1,1,2012,0.21317683276037627,0
2012-06-09,0,0,1,1,2012,0.10902041567791185,0
2012-06-10,1,0,1,1,2012,0.1272041238884649,0
2012-06-11,1,1,2,1,2012,0.14290886666011554,0
2012-06-12,0,1,3,2,2012,0.06779008825713868,0
2012-06-13,0,0,3,2,2012,0.029128189124289668,0
2012-06-14,1,0,3,1,2012,0.04889845798321613,0
2012-06-15,1,1,3,1,2012,0.15447591229607954,0
2012-06-16,1,1,4,2,2012,0.1762638321300388,0
2012-06-17,0,1,5,3,2012,0.10717049576891276,0
2012-06-18,0,0,4,2,2012,0.09692794841654485,0
2012-06-19,0,0,3,1,2012,0.2106912282551059,0
2012-06-20,0,0,3,0,2012,0.24753580197703476,0
2012-06-21,0,0,3,0,2012,0.2507589941080702,0
2012-06-22,0,0,2,0,2012,0.2622352968944973,0
2012-06-23,0,0,1,0,2012,0.3013414408950155,0
2012-06-24,1,0,0,0,2012,0.32899326111272215,0
2012-06-25,0,1,1,1,2012,0.25638672006924235,0
2012-06-26,1,0,1,1,2012,0.10257696669364486,0
2012-06-27,1,1,2,2,2012,0.3579718010174728,0
2012-06-28,1,1,3,2,2012,0.26532932544819854,0
2012-06-29,0,1,4,3,2012,0.15419572511366433,0
2012-06-30,1,0,4,2,2012,0.08603529217725024,0
2012-07-01,1,1,5,2,2012,0.21930206869754024,0
2012-07-02,1,1,5,2,2012,0.20852171286951637,0
2012-07-03,1,1,6,3,2012,0.2514345137065934,0
2012-07-04,0,1,6,3,2012,0.18403604933965614,0
2012-07-05,1,0,5,2,2012,0.21403512043643744,0
2012-07-06,1,1,5,2,2012,0.5555318716115116,1
2012-07-07,0,1,6,2,2012,0.6815592079560516,1
2012-07-08,1,0,5,2,2012,0.5167516128619676,1
2012-07-09,1,1,5,2,2012,0.7611373825403339,1
2012-07-10,1,1,5,2,2012,0.6706468825397395,1
2012-07-11,1,1,5,3,2012,0.5349908444204694,1
2012-07-12,1,1,6,3,2012,0.5357571904306472,1
2012-07-13,0,1,6,3,2012,0.44926770226840645,1
2012-07-14,0,0,5,2,2012,0.5052879256612394,1
2012-07-15,1,0,5,1,2012,0.5073875651585236,1
2012-07-16,1,1,5,1,2012,0.6866682107316733,1
2012-07-17,1,1,5,2,2012,0.5373598213126456,1
2012-07-18,1,1,5,3,2012,0.45111902800010417,1
2012-07-19,1,1,5,3,2012,0.34944371483394815,0
2012-07-20,1,1,5,3,2012,0.409619375720506,1
2012-07-21,0,1,6,3,2012,0.5604532821742708,1
2012-07-22,1,0,6,2,2012,0.31650403834802127,0
2012-07-23,0,1,6,2,2012,0.5724573367778224,1
2012-07-24,1,0,5,1,2012,0.2614215688617143,0
2012-07-25,0,1,5,2,2012,0.41510174143448464,1
2012-07-26,1,0,4,1,2012,0.24846538264554005,0
2012-07-27,1,1,4,2,2012,0.42531856157105263,1
2012-07-28,1,1,4,2,2012,0.591375846296398,1
2012-07-29,1,1,5,3,2012,0.5020591352725798,1
2012-07-30,1,1,5,3,2012,0.3059337717478402,0
2012-07-31,1,1,6,3,2012,0.377971053535757,0
2012-08-01,1,1,6,3,2012,0.4073639121779347,1
2012-08-02,1,1,7,3,2012,0.44875863028382296,1
2012-08-03,1,1,7,3,2012,0.3845605101663923,0
2012-08-04,1,1,7,3,2012,0.5248550880184424,1
2012-08-05,0,1,7,3,2012,0.5591832067046429,1
2012-08-06,0,0,6,2,2012,0.4433361346238815,1
2012-08-07,0,0,5,1,2012,0.5333926719521818,1
2012-08-08,0,0,4,0,2012,0.5862412527906539,1
2012-08-09,0,0,3,0,2012,0.5438518080792658,1
2012-08-10,1,0,2,0,2012,0.5338376870483807,1
2012-08-11,0,1,2,1,2012,0.6811053814091759,1
2012-08-12,0,0,1,1,2012,0.4890455618588644,1
2012-08-13,1,0,1,1,2012,0.4103398321933735,1
2012-08-14,1,1,2,1,2012,0.5462508050507023,1
2012-08-15,1,1,3,2,2012,0.2963062940011275,0
2012-08-16,1,1,4,3,2012,0.17719300633501736,0
2012-08-17,1,1,5,3,2012,0.13973862879470852,0
2012-08-18,1,1,5,3,2012,0.17388562532883606,0
2012-08-19,1,1,6,3,2012,0.17120957646181068,0
2012-08-20,1,1,7,3,2012,0.08642129043463906,0
2012-08-21,0,1,7,3,2012,0.2337788661358341,0
2012-08-22,1,0,6,2,2012,0.14949844720812713,0
2012-08-23,0,1,6,2,2012,0.4586408862843304,1
2012-08-24,1,0,5,1,2012,0.2897695182491082,0
2012-08-25,1,1,5,2,2012,0.6095119881094387,1
2012-08-26,1,1,5,2,2012,0.6208030829124945,1
2012-08-27,1,1,5,3,2012,0.5827254575034757,1
2012-08-28,1,1,5,3,2012,0.5170293422691077,1
2012-08-29,1,1,6,3,2012,0.6373769980385072,1
2012-08-30,0,1,6,3,2012,0.6856889629110015,1
2012-08-31,1,0,6,2,2012,0.5839275918422272,1
2012-09-01,1,1,6,2,2012,0.8800312459440378,1
2012-09-02,1,1,6,2,2012,0.8499849313732846,1
2012-09-03,1,1,6,3,2012,0.5991864879166199,1
2012-09-04,1,1,6,3,2012,0.5738851946726201,1
2012-09-05,0,0,5,2,2012,0.5094002462222382,1
2012-09-06,0,0,5,2,2012,0.45541601300816126,1
2012-09-07,0,0,5,1,2012,0.5368219865680376,1
2012-09-08,1,0,4,0,2012,0.6031593384918684,1
2012-09-09,0,1,4,1,2012,0.829991579115587,1
2012-09-10,1,0,3,1,2012,0.3827193264654826,0
2012-09-11,0,1,3,2,2012,0.44104371917896723,1
2012-09-12,1,0,2,1,2012,0.20970910949862184,0
2012-09-13,1,1,3,2,2012,0.33080113334700006,0
2012-09-14,1,1,4,2,2012,0.40041073140398525,0
2012-09-15,0,1,5,3,2012,0.30750289623247107,0
2012-09-16,1,0,4,2,2012,0.21133682547487212,0
2012-09-17,0,1,5,2,2012,0.20797901810966687,0
2012-09-18,0,0,4,1,2012,0.1120883407199807,0
2012-09-19,0,0,4,1,2012,0.0916112181618518,0
2012-09-20,0,0,3,0,2012,0.16703210040699634,0
2012-09-21,0,0,2,0,2012,0.18182145945097908,0
2012-09-22,1,0,1,0,2012,0.366657041623271,0
2012-09-23,1,1,2,1,2012,0.6352054402850845,1
2012-09-24,1,1,2,2,2012,0.3671382780499074,0
2012-09-25,1,1,3,3,2012,0.40684968526584614,1
2012-09-26,1,1,4,3,2012,0.318615261149629,0
2012-09-27,1,1,5,3,2012,0.3859869001523196,0
2012-09-28,1,1,6,3,2012,0.17065719994492626,0
2012-09-29,0,1,7,3,2012,0.2500010893009108,0
2012-09-30,0,0,6,2,2012,0.27190299472498136,0
2012-10-01,0,0,5,1,2012,0.28308750884424666,0
2012-10-02,0,0,4,0,2012,0.4084481559631854,1
2012-10-03,1,0,3,0,2012,0.46678355200219357,1
2012-10-04,1,1,3,1,2012,0.7875045876139865,1
2012-10-05,1,1,3,2,2012,0.6409641369952876,1
2012-10-06,1,1,3,3,2012,0.8783247965365434,1
2012-10-07,1,1,4,3,2012,0.8086292793545363,1
2012-10-08,1,1,5,3,2012,0.6174553404040686,1
2012-10-09,0,1,6,3,2012,0.5461464046981062,1
2012-10-10,0,0,6,2,2012,0.4256848215265331,1
2012-10-11,0,0,5,1,2012,0.44230807914074716,1
2012-10-12,0,0,4,0,2012,0.3705910553685273,0
2012-10-13,0,0,3,0,2012,0.3532687242794181,0
2012-10-14,1,0,2,0,2012,0.4480266502094948,1
2012-10-15,1,1,2,1,2012,0.5136658121055595,1
2012-10-16,1,1,2,2,2012,0.5086891440789754,1
2012-10-17,0,1,3,3,2012,0.4050498713473056,1
2012-10-18,1,0,3,2,2012,0.28066342565083713,0
2012-10-19,1,1,4,2,2012,0.5308281092047742,1
2012-10-20,1,1,5,2,2012,0.3189731926312047,0
2012-10-21,1,1,6,3,2012,0.22305797605209948,0
2012-10-22,1,1,6,3,2012,0.09087355306924733,0
2012-10-23,0,1,6,3,2012,0.08644699552755636,0
2012-10-24,1,0,5,2,2012,0.10095333664603541,0
2012-10-25,0,1,6,2,2012,0.2263795430153994,0
2012-10-26,1,0,5,1,2012,0.12420056910428588,0
2012-10-27,1,1,5,2,2012,0.3664086136132382,0
2012-10-28,0,1,5,2,2012,0.424590426297569,1
2012-10-29,0,0,4,2,2012,0.21907587270052464,0
2012-10-30,0,0,3,1,2012,0.22750879779601896,0
2012-10-31,0,0,3,0,2012,0.2256519696782361,0
2012-11-01,1,0,2,0,2012,0.2596246434998716,0
2012-11-02,0,1,3,1,2012,0.35748862772645396,0
2012-11-03,0,0,2,1,2012,0.15522238732113244,0
2012-11-04,0,0,1,1,2012,0.17113802767095687,0
2012-11-05,0,0,1,0,2012,0.1334940669157792,0
2012-11-06,0,0,1,0,2012,0.10595037793695249,0
2012-11-07,0,0,1,0,2012,0.08815156434996951,0
2012-11-08,0,0,1,0,2012,0.037773405918222126,0
2012-11-09,0,0,0,0,2012,0.051131687747034985,0
2012-11-10,0,0,0,0,2012,0.044416651819163676,0
2012-11-11,0,0,0,0,2012,0.018556921810866905,0
2012-11-12,1,0,0,0,2012,0.008170326896203343,0
2012-11-13,0,1,1,1,2012,0.01272115166714196,0
2012-11-14,0,0,1,1,2012,0.002260276463777176,0
2012-11-15,0,0,1,1,2012,0.0023293145361606466,0
2012-11-16,0,0,1,0,2012,0.001641967349390391,0
2012-11-17,0,0,1,0,2012,0.0028117653585614895,0
2012-11-18,0,0,1,0,2012,0.0029680966187955946,0
2012-11-19,0,0,1,0,2012,0.002977833835827799,0
2012-11-20,0,0,0,0,2012,0.003648669239775622,0
2012-11-21,1,0,0,0,2012,0.0060315243478690755,0
2012-11-23,1,1,1,1,2012,0.014378130717426529,0
2012-11-24,0,1,2,2,2012,0.08028694914779584,0
2012-11-25,0,0,2,1,2012,0.028320782724414385,0
2012-11-26,0,0,2,1,2012,0.020364512927781412,0
2012-11-27,0,0,2,0,2012,0.01574955406851679,0
2012-11-28,0,0,2,0,2012,0.011154310059720635,0
2012-11-29,0,0,1,0,2012,0.032703876215495725,0
2012-11-30,0,0,1,0,2012,0.021419650671896738,0
2012-12-01,0,0,0,0,2012,0.0364990640218426,0
2012-12-02,0,0,0,0,2012,0.02866977155760347,0
2012-12-03,0,0,0,0,2012,0.020900970824579878,0
2012-12-04,0,0,0,0,2012,0.015305731735331745,0
2012-12-05,0,0,0,0,2012,0.012368303153736547,0
2012-12-06,1,0,0,0,2012,0.009896765309942743,0
2012-12-07,0,1,1,1,2012,0.02242934905138932,0
2012-12-08,0,0,1,1,2012,0.005994911612608514,0
2012-12-09,0,0,1,1,2012,0.006786313552806313,0
2012-12-10,0,0,1,0,2012,0.006723759768595308,0
2012-12-11,0,0,1,0,2012,0.005335441648893199,0
2012-12-12,0,0,1,0,2012,0.005140135362066793,0
2012-12-13,0,0,1,0,2012,0.004495390329718519,0
2012-12-14,0,0,0,0,2012,0.010395465046428801,0
2012-12-15,0,0,0,0,2012,0.007541570642273237,0
2012-12-16,0,0,0,0,2012,0.006780834022570973,0
2012-12-17,0,0,0,0,2012,0.00592751451410934,0
2012-12-19,0,0,0,0,2012,0.017160641908204693,0
2012-12-20,1,0,0,0,2012,0.015674393875586192,0
2012-12-21,1,1,1,1,2012,0.04124389493007819,0
2012-12-22,0,1,2,2,2012,0.05396278021978604,0
2012-12-23,0,0,2,2,2012,0.016351457453750672,0
2012-12-24,0,0,2,1,2012,0.021326950299038108,0
2012-12-26,0,0,2,0,2012,0.018017150094152164,0
2012-12-27,0,0,2,0,2012,0.029791654924202365,0
2012-12-28,0,0,1,0,2012,0.052311927815575796,0
2012-12-29,0,0,0,0,2012,0.12120654191495381,0
2012-12-30,0,0,0,0,2012,0.11700450989879281,0
2012-12-31,0,0,0,0,2012,0.057902587059629335,0
2013-01-01,0,0,0,0,2013,0.06830582332072661,0
2013-01-02,0,0,0,0,2013,0.04042957778277655,0
2013-01-03,0,0,0,0,2013,0.039917612744328,0
2013-01-04,0,0,0,0,2013,0.033476512167253704,0
2013-01-05,0,0,0,0,2013,0.03265026751823793,0
2013-01-06,0,0,0,0,2013,0.02152149635144842,0
2013-01-07,0,0,0,0,2013,0.020161831583445776,0
2013-01-08,0,0,0,0,2013,0.025043117878393736,0
2013-01-09,0,0,0,0,2013,0.04005130412857984,0
2013-01-10,0,0,0,0,2013,0.013084730144164532,0
2013-01-11,0,0,0,0,2013,0.0230580910261146,0
2013-01-12,0,0,0,0,2013,0.02532295228939792,0
2013-01-13,0,0,0,0,2013,0.04845487968307358,0
2013-01-14,0,0,0,0,2013,0.00915847605213408,0
2013-01-15,0,0,0,0,2013,0.013746027454736558,0
2013-01-16,0,0,0,0,2013,0.02776107383339525,0
2013-01-17,0,0,0,0,2013,0.0287597161878702,0
2013-01-18,0,0,0,0,2013,0.023830363797200035,0
2013-01-19,0,0,0,0,2013,0.02874933584805533,0
2013-01-20,0,0,0,0,2013,0.039348166381591776,0
2013-01-21,0,0,0,0,2013,0.030074607970064032,0
2013-01-23,0,0,0,0,2013,0.04322196446454976,0
2013-01-24,0,0,0,0,2013,0.04787157197192839,0
2013-01-25,0,0,0,0,2013,0.03746088986106213,0
2013-01-26,0,0,0,0,2013,0.04294882161271327,0
2013-01-27,0,0,0,0,2013,0.03787309127531576,0
2013-01-28,0,0,0,0,2013,0.026476558515766007,0
2013-01-29,0,0,0,0,2013,0.06800505760202671,0
2013-01-31,0,0,0,0,2013,0.08095696988095563,0
2013-02-01,0,0,0,0,2013,0.08741462974720889,0
2013-02-02,0,0,0,0,2013,0.051131369498858166,0
2013-02-03,1,0,0,0,2013,0.057020753346420094,0
2013-02-04,0,1,1,1,2013,0.10056321756785262,0
2013-02-05,0,0,1,1,2013,0.05059054468850517,0
2013-02-06,0,0,1,1,2013,0.03237817606007152,0
2013-02-07,0,0,1,0,2013,0.02879553871090296,0
2013-02-08,0,0,1,0,2013,0.009514139261243044,0
2013-02-09,0,0,1,0,2013,0.021188120702716647,0
2013-02-10,0,0,1,0,2013,0.030262774760613693,0
2013-02-11,0,0,0,0,2013,0.03037374905887989,0
2013-02-13,0,0,0,0,2013,0.04501554505859652,0
2013-02-14,0,0,0,0,2013,0.049672317448058216,0
2013-02-15,0,0,0,0,2013,0.046544508465001806,0
2013-02-16,0,0,0,0,2013,0.07555349858902749,0
2013-02-17,0,0,0,0,2013,0.07567956207490406,0
2013-02-18,0,0,0,0,2013,0.05211175751559043,0
2013-02-19,0,0,0,0,2013,0.0341612462348175,0
2013-02-21,0,0,0,0,2013,0.06956040344964282,0
2013-02-22,0,0,0,0,2013,0.05635742618258577,0
2013-02-23,0,0,0,0,2013,0.0719125829842908,0
2013-02-24,0,0,0,0,2013,0.06499195524583062,0
2013-02-25,0,0,0,0,2013,0.061696054555359175,0
2013-02-26,0,0,0,0,2013,0.07847100201281132,0
2013-02-27,0,0,0,0,2013,0.06825773256331964,0
2013-02-28,0,0,0,0,2013,0.053707830288186924,0
2013-03-01,0,0,0,0,2013,0.05368305932798229,0
2013-03-02,0,0,0,0,2013,0.0937187446195999,0
2013-03-03,0,0,0,0,2013,0.06936683701448626,0
2013-03-04,0,0,0,0,2013,0.0730601004385308,0
2013-03-05,0,0,0,0,2013,0.05064393263320878,0
2013-03-06,0,0,0,0,2013,0.04889828463223976,0
2013-03-07,0,0,0,0,2013,0.04962781644994961,0
2013-03-09,0,0,0,0,2013,0.04519431599135511,0
2013-03-10,0,0,0,0,2013,0.08217036982439593,0
2013-03-11,0,0,0,0,2013,0.10428276610743613,0
2013-03-12,0,0,0,0,2013,0.08354504259852957,0
2013-03-13,0,0,0,0,2013,0.11495440199023693,0
2013-03-14,0,0,0,0,2013,0.1409761755902098,0
2013-03-15,0,0,0,0,2013,0.11130671358884525,0
2013-03-16,0,0,0,0,2013,0.10921657968512671,0
2013-03-17,0,0,0,0,2013,0.1322464728471234,0
2013-03-18,0,0,0,0,2013,0.11094962950163928,0
2013-03-19,0,0,0,0,2013,0.11145016274518128,0
2013-03-20,0,0,0,0,2013,0.1151494248249677,0
2013-03-21,1,0,0,0,2013,0.07433532943800378,0
2013-03-22,0,1,1,1,2013,0.5270058976991108,1
2013-03-23,0,0,1,1,2013,0.21227483345612885,0
2013-03-24,0,0,1,1,2013,0.18224278847647055,0
2013-03-25,0,0,1,0,2013,0.14491347865648022,0
2013-03-26,0,0,1,0,2013,0.1112260118564953,0
2013-03-27,0,0,1,0,2013,0.12645079750890734,0
2013-03-28,1,0,1,0,2013,0.129187850703193,0
2013-03-29,0,1,1,1,2013,0.44958290790598227,1
2013-03-30,0,0,1,1,2013,0.22572351385618267,0
2013-03-31,0,0,1,1,2013,0.1504475757177179,0
2013-04-01,0,0,1,0,2013,0.1262414951046889,0
2013-04-02,0,0,1,0,2013,0.1504088967401941,0
2013-04-03,0,0,1,0,2013,0.0840506174409767,0
2013-04-04,0,0,1,0,2013,0.09038980215279326,0
2013-04-05,0,0,0,0,2013,0.11193509225556512,0
2013-04-06,0,0,0,0,2013,0.15419911239870937,0
2013-04-07,0,0,0,0,2013,0.13972134756533852,0
2013-04-09,0,0,0,0,2013,0.08223283599489588,0
2013-04-10,0,0,0,0,2013,0.11206603097032031,0
2013-04-11,0,0,0,0,2013,0.16031090853273872,0
2013-04-12,0,0,0,0,2013,0.17391778912505096,0
2013-04-13,0,0,0,0,2013,0.1791004876812377,0
2013-04-14,0,0,0,0,2013,0.1705258692970757,0
2013-04-15,0,0,0,0,2013,0.1817827429023457,0
2013-04-16,0,0,0,0,2013,0.06231921159138213,0
2013-04-17,0,0,0,0,2013,0.08632708088264082,0
2013-04-18,0,0,0,0,2013,0.08213008775174034,0
2013-04-19,0,0,0,0,2013,0.11415390298622219,0
2013-04-20,0,0,0,0,2013,0.16761976505100026,0
2013-04-21,0,0,0,0,2013,0.18977542981709625,0
2013-04-22,0,0,0,0,2013,0.13579331656691096,0
2013-04-23,0,0,0,0,2013,0.14805802226745382,0
2013-04-24,0,0,0,0,2013,0.14078336571205277,0
2013-04-25,0,0,0,0,2013,0.15012525278834596,0
2013-04-26,1,0,0,0,2013,0.11449052297458844,0
2013-04-27,0,1,1,1,2013,0.4694810627909129,1
2013-04-28,0,0,1,1,2013,0.1912924535715615,0
2013-04-29,0,0,1,1,2013,0.09699490842583063,0
2013-04-30,0,0,1,0,2013,0.14993991874483328,0
2013-05-01,0,0,1,0,2013,0.1332786634969614,0
2013-05-02,0,0,1,0,2013,0.13168074935616533,0
2013-05-03,0,0,1,0,2013,0.09019572800645478,0
2013-05-04,0,0,0,0,2013,0.09721436309678377,0
2013-05-05,0,0,0,0,2013,0.05330981653873703,0
2013-05-06,0,0,0,0,2013,0.05281151023037639,0
2013-05-07,0,0,0,0,2013,0.08459778811062252,0
2013-05-08,0,0,0,0,2013,0.10881868599125082,0
2013-05-09,1,0,0,0,2013,0.0541189002122646,0
2013-05-10,0,1,1,1,2013,0.20382767231286994,0
2013-05-11,0,0,1,1,2013,0.16752995985370026,0
2013-05-12,0,0,1,1,2013,0.14370796860830598,0
2013-05-13,0,0,1,0,2013,0.10781128224143711,0
2013-05-14,0,0,1,0,2013,0.11334929011489435,0
2013-05-15,0,0,1,0,2013,0.10208227658033624,0
2013-05-16,0,0,1,0,2013,0.11931815520665137,0
2013-05-17,0,0,0,0,2013,0.1713158783666136,0
2013-05-18,0,0,0,0,2013,0.20879200633084857,0
2013-05-19,1,0,0,0,2013,0.2535420803414109,0
2013-05-20,1,1,1,1,2013,0.391416738404882,1
2013-05-21,0,1,2,2,2013,0.42570278735795336,1
2013-05-22,0,0,2,2,2013,0.2569374309154424,0
2013-05-23,0,0,2,1,2013,0.21959297100547387,0
2013-05-24,0,0,2,0,2013,0.22648931086729765,0
2013-05-25,0,0,2,0,2013,0.21370919481691417,0
2013-05-26,0,0,2,0,2013,0.17409933486060997,0
2013-05-27,1,0,1,0,2013,0.15069572955107602,0
2013-05-28,0,1,1,1,2013,0.362181786270981,1
2013-05-29,0,0,1,1,2013,0.23462862667090906,0
2013-05-30,1,0,1,1,2013,0.14778152501797587,0
2013-05-31,1,1,2,1,2013,0.5212111355250423,1
2013-06-01,1,1,3,2,2013,0.7717385722281047,1
2013-06-02,1,1,4,3,2013,0.5013670832869342,1
2013-06-03,1,1,5,3,2013,0.6263759312084445,1
2013-06-04,1,1,5,3,2013,0.6007795219366209,1
2013-06-05,0,1,6,3,2013,0.5949533979871122,1
2013-06-06,0,0,6,2,2013,0.24529894845512648,0
2013-06-07,0,0,5,1,2013,0.17796968566472152,0
2013-06-08,1,0,4,0,2013,0.2737799617712347,0
2013-06-09,0,1,4,1,2013,0.4455292883877332,1
2013-06-10,1,0,3,1,2013,0.34257398117112503,0
2013-06-11,0,1,3,2,2013,0.3991204583722438,1
2013-06-12,0,0,2,1,2013,0.4152604070771667,1
2013-06-13,0,0,2,1,2013,0.2776237041900618,0
2013-06-14,0,0,2,0,2013,0.313541251180871,0
2013-06-15,0,0,2,0,2013,0.31921377831762016,0
2013-06-16,0,0,1,0,2013,0.3016057304932323,0
2013-06-17,0,0,1,0,2013,0.29516268529841727,0
2013-06-18,0,0,0,0,2013,0.24319399527809135,0
2013-06-19,0,0,0,0,2013,0.2878664431405644,0
2013-06-20,0,0,0,0,2013,0.24907977428440178,0
2013-06-21,1,0,0,0,2013,0.2866532374200066,0
2013-06-22,0,1,1,1,2013,0.5420131740976788,1
2013-06-23,1,0,1,1,2013,0.36632376813470113,1
2013-06-24,0,1,2,2,2013,0.6700813020448212,1
2013-06-25,1,0,2,1,2013,0.2548861598655871,0
2013-06-26,0,1,3,2,2013,0.4276370694476226,1
2013-06-27,0,0,3,1,2013,0.30737042289298333,0
2013-06-28,0,0,3,1,2013,0.16820868287062013,0
2013-06-29,0,0,2,0,2013,0.21727759941735805,0
2013-06-30,0,0,2,0,2013,0.1982767205689644,0
2013-07-01,1,0,1,0,2013,0.19489520926584403,0
2013-07-02,1,1,2,1,2013,0.5328897800925415,1
2013-07-03,0,1,2,2,2013,0.5622362769637871,1
2013-07-04,0,0,2,2,2013,0.2693003263414965,0
2013-07-05,0,0,2,1,2013,0.21561898095058715,0
2013-07-06,1,0,2,0,2013,0.2912248525600286,0
2013-07-07,0,1,3,1,2013,0.40111409980590296,1
2013-07-08,0,0,3,1,2013,0.20109103658540545,0
2013-07-09,1,0,2,1,2013,0.14946950613847226,0
2013-07-10,0,0,1,0,2013,0.18910944014158307,0
2013-07-11,0,0,2,1,2013,0.3128320457213661,0
2013-07-12,0,0,2,1,2013,0.17088152025031209,0
2013-07-13,0,0,2,0,2013,0.24451107805463124,0
2013-07-14,0,0,1,0,2013,0.30485176729019403,0
2013-07-15,1,0,1,0,2013,0.21213407634537776,0
2013-07-16,1,1,2,1,2013,0.40122334448610847,1
2013-07-17,0,0,1,1,2013,0.21884641077422726,0
2013-07-18,1,0,2,2,2013,0.2321374601268575,0
2013-07-19,0,1,3,2,2013,0.5730583472159221,1
2013-07-20,1,0,3,1,2013,0.3568928708272595,0
2013-07-21,0,1,4,2,2013,0.5531844145286432,1
2013-07-22,0,0,4,1,2013,0.27365829512927115,0
2013-07-23,1,0,3,1,2013,0.16459624358389688,0
2013-07-24,1,1,3,1,2013,0.3511145053890966,0
2013-07-25,1,1,4,2,2013,0.4783728979746627,1
2013-07-26,0,1,4,3,2013,0.5069110479301644,1
2013-07-27,0,0,4,2,2013,0.43106337879057915,1
2013-07-28,1,0,3,1,2013,0.35290743594312496,0
2013-07-29,1,1,4,1,2013,0.6970457763094937,1
2013-07-30,1,1,5,2,2013,0.7416138985787888,1
2013-07-31,1,1,5,3,2013,0.821860049387394,1
2013-08-01,1,1,5,3,2013,0.8510526561607962,1
2013-08-02,0,1,5,3,2013,0.7017415635004569,1
2013-08-03,0,0,5,2,2013,0.4715655779988439,1
2013-08-04,0,0,5,1,2013,0.3136024696353832,0
2013-08-05,1,0,4,0,2013,0.2632962974250161,0
2013-08-06,1,1,4,1,2013,0.6795740590533327,1
2013-08-07,1,1,4,2,2013,0.4704331713900829,1
2013-08-08,1,1,4,3,2013,0.5223194281071102,1
2013-08-09,0,1,4,3,2013,0.5202072839913896,1
2013-08-10,0,0,4,2,2013,0.29853045391186145,0
2013-08-11,1,0,4,1,2013,0.1854276586881471,0
2013-08-12,0,1,5,1,2013,0.35185823443851255,0
2013-08-13,0,0,4,1,2013,0.18494205307442416,0
2013-08-14,0,0,3,1,2013,0.18966572607818324,0
2013-08-15,0,0,2,0,2013,0.1682850703556545,0
2013-08-16,0,0,1,0,2013,0.1727416775646238,0
2013-08-17,0,0,1,0,2013,0.19025632008867274,0
2013-08-18,0,0,1,0,2013,0.3870242084319714,1
2013-08-19,0,0,0,0,2013,0.3218128381616446,0
2013-08-20,1,0,0,0,2013,0.22669858284605063,0
2013-08-21,1,1,1,1,2013,0.3367362856451503,0
2013-08-22,1,1,2,2,2013,0.4794964431619026,1
2013-08-23,0,1,3,3,2013,0.33384153963467494,0
2013-08-24,1,0,3,2,2013,0.25892712229242876,0
2013-08-25,0,1,4,2,2013,0.6466172520163127,1
2013-08-26,0,0,4,1,2013,0.2462430657074054,0
2013-08-27,1,0,4,1,2013,0.1482994309113927,0
2013-08-28,1,1,4,1,2013,0.6101504874535719,1
2013-08-29,0,1,4,2,2013,0.621625658754281,1
2013-08-30,0,0,3,2,2013,0.2719833145667984,0
2013-08-31,0,0,3,1,2013,0.20872146322299873,0
2013-09-01,0,0,2,0,2013,0.21326797906727063,0
2013-09-02,0,0,2,0,2013,0.18738591909011085,0
2013-09-03,1,0,2,0,2013,0.16693350805195764,0
2013-09-04,0,1,2,1,2013,0.3225795149017145,0
2013-09-05,0,0,1,1,2013,0.14479176503636496,0
2013-09-06,0,0,1,1,2013,0.10875737007340061,0
2013-09-07,0,0,1,0,2013,0.14419636828849505,0
2013-09-08,0,0,1,0,2013,0.21061326794812246,0
2013-09-09,0,0,1,0,2013,0.22984127653478087,0
2013-09-10,1,0,1,0,2013,0.23841892353439176,0
2013-09-11,1,1,1,1,2013,0.5317551964381803,1
2013-09-12,1,1,2,2,2013,0.7342055535370494,1
2013-09-13,1,1,3,3,2013,0.7508758237961594,1
2013-09-14,1,1,4,3,2013,0.798729022722759,1
2013-09-15,1,1,5,3,2013,0.7341639635656645,1
2013-09-16,1,1,6,3,2013,0.7073151055192047,1
2013-09-17,1,1,7,3,2013,0.732972625176323,1
2013-09-18,1,1,7,3,2013,0.7922299560947011,1
2013-09-19,1,1,7,3,2013,0.8050583213383063,1
2013-09-20,1,1,7,3,2013,0.8321694505371611,1
2013-09-21,1,1,7,3,2013,0.7856774309635058,1
2013-09-22,1,1,7,3,2013,0.7191632596626657,1
2013-09-23,1,1,7,3,2013,0.35246627469200087,0
2013-09-24,1,1,7,3,2013,0.5332213696825014,1
2013-09-25,1,1,7,3,2013,0.6358620795016802,1
2013-09-26,0,1,7,3,2013,0.638208097108347,1
2013-09-27,1,0,6,2,2013,0.1839690640266124,0
2013-09-28,0,1,6,2,2013,0.3965501286376441,1
2013-09-29,0,0,5,1,2013,0.2757968610330968,0
2013-09-30,1,0,4,1,2013,0.18988068101810124,0
2013-10-01,1,1,4,1,2013,0.4003126174876696,1
2013-10-02,1,1,4,2,2013,0.6667518791277482,1
2013-10-03,0,1,4,3,2013,0.48522837440716093,1
2013-10-04,0,0,4,2,2013,0.21882737917617565,0
2013-10-05,0,0,3,1,2013,0.31083705115502364,0
2013-10-06,0,0,3,0,2013,0.3061539302555677,0
2013-10-07,0,0,3,0,2013,0.2420312328781547,0
2013-10-08,0,0,2,0,2013,0.24361234102392443,0
2013-10-09,0,0,1,0,2013,0.15189991864505564,0
2013-10-10,0,0,0,0,2013,0.1653728167407817,0
2013-10-11,0,0,0,0,2013,0.26185391792976603,0
2013-10-12,0,0,0,0,2013,0.21842061939394578,0
2013-10-13,0,0,0,0,2013,0.24961488444649033,0
2013-10-14,0,0,0,0,2013,0.2079796319972934,0
2013-10-15,0,0,0,0,2013,0.208218700891297,0
2013-10-16,0,0,0,0,2013,0.12401934359357988,0
2013-10-17,0,0,0,0,2013,0.1291182710692425,0
2013-10-18,0,0,0,0,2013,0.10269989531032679,0
2013-10-19,0,0,0,0,2013,0.1192711028582125,0
2013-10-20,0,0,0,0,2013,0.10442351210737696,0
2013-10-21,0,0,0,0,2013,0.09195565904272596,0
2013-10-22,0,0,0,0,2013,0.08752308716398784,0
2013-10-23,0,0,0,0,2013,0.11113704576591213,0
2013-10-24,0,0,0,0,2013,0.09785886747170094,0
2013-10-25,0,0,0,0,2013,0.0850455247670939,0
2013-10-26,0,0,0,0,2013,0.08197775754475044,0
2013-10-27,0,0,0,0,2013,0.06896621374079435,0
2013-10-28,0,0,0,0,2013,0.03307391857353349,0
2013-10-29,0,0,0,0,2013,0.02967667374815427,0
2013-10-30,0,0,0,0,2013,0.044118711613866074,0
2013-10-31,0,0,0,0,2013,0.04417553965557208,0
2013-11-01,0,0,0,0,2013,0.045101498869360504,0
2013-11-02,0,0,0,0,2013,0.04904833815961334,0
2013-11-03,0,0,0,0,2013,0.04022524282883078,0
2013-11-04,0,0,0,0,2013,0.03311770713325581,0
2013-11-05,0,0,0,0,2013,0.026485128236968504,0
2013-11-06,0,0,0,0,2013,0.040394573681006817,0
2013-11-07,0,0,0,0,2013,0.030307484056798437,0
2013-11-08,0,0,0,0,2013,0.03561830307200304,0
2013-11-09,0,0,0,0,2013,0.048512602225724136,0
2013-11-10,0,0,0,0,2013,0.03905247275536888,0
2013-11-11,0,0,0,0,2013,0.03138183426252573,0
2013-11-12,0,0,0,0,2013,0.027727669944480896,0
2013-11-13,0,0,0,0,2013,0.03493033355710838,0
2013-11-14,0,0,0,0,2013,0.035275708275129845,0
2013-11-15,0,0,0,0,2013,0.026639093655330206,0
2013-11-16,0,0,0,0,2013,0.027375982430658367,0
2013-11-17,0,0,0,0,2013,0.02319458237414942,0
2013-11-18,0,0,0,0,2013,0.019201965730441063,0
2013-11-19,0,0,0,0,2013,0.013287030967671518,0
2013-11-20,0,0,0,0,2013,0.01202613507154904,0
2013-11-22,0,0,0,0,2013,0.023260215076071154,0
2013-11-23,0,0,0,0,2013,0.02371792735241119,0
2013-11-24,0,0,0,0,2013,0.03401239941610121,0
2013-11-25,1,0,0,0,2013,0.025470110131442267,0
2013-11-26,0,1,1,1,2013,0.06602893586791074,0
2013-11-27,0,0,1,1,2013,0.0380614189119028,0
2013-11-28,0,0,1,1,2013,0.025246621168963833,0
2013-11-29,0,0,1,0,2013,0.014084966165628026,0
2013-11-30,0,0,1,0,2013,0.014799788121972694,0
2013-12-01,0,0,1,0,2013,0.02037768705152136,0
2013-12-02,0,0,1,0,2013,0.01565876740299826,0
2013-12-03,0,0,0,0,2013,0.012380099999963222,0
2013-12-04,0,0,0,0,2013,0.009580146620223197,0
2013-12-05,0,0,0,0,2013,0.01341558310173062,0
2013-12-06,0,0,0,0,2013,0.01232112372653508,0
2013-12-07,0,0,0,0,2013,0.010362215059506293,0
2013-12-09,0,0,0,0,2013,0.022498753569909824,0
2013-12-10,0,0,0,0,2013,0.02744080640456715,0
2013-12-11,0,0,0,0,2013,0.033253337502843164,0
2013-12-12,0,0,0,0,2013,0.03800163621447732,0
2013-12-13,0,0,0,0,2013,0.037965366864897106,0
2013-12-14,0,0,0,0,2013,0.045398767015338654,0
2013-12-15,0,0,0,0,2013,0.055255382317666406,0
2013-12-16,0,0,0,0,2013,0.03443454824159733,0
2013-12-17,0,0,0,0,2013,0.028221632186471945,0
2013-12-18,0,0,0,0,2013,0.025153639870112276,0
2013-12-19,0,0,0,0,2013,0.010652858285024516,0
2013-12-20,0,0,0,0,2013,0.040825668108865266,0
2013-12-21,0,0,0,0,2013,0.02044235348822561,0
2013-12-22,0,0,0,0,2013,0.025489874463084896,0
2013-12-23,0,0,0,0,2013,0.016356116178260216,0
2013-12-24,0,0,0,0,2013,0.020368549919822086,0
2013-12-26,0,0,0,0,2013,0.0211978605925638,0
2013-12-27,0,0,0,0,2013,0.036396801255239156,0
2013-12-28,0,0,0,0,2013,0.046553358429067736,0
2013-12-29,0,0,0,0,2013,0.049346529030305585,0
2013-12-30,0,0,0,0,2013,0.048150955170862986,0
2013-12-31,0,0,0,0,2013,0.05162025719337912,0
2014-01-01,0,0,0,0,2014,0.028174541521055568,0
2014-01-02,0,0,0,0,2014,0.016231369959157266,0
2014-01-03,0,0,0,0,2014,0.018107015007022494,0
2014-01-04,0,0,0,0,2014,0.026494942655171567,0
2014-01-05,0,0,0,0,2014,0.03622011434658131,0
2014-01-06,0,0,0,0,2014,0.03654608828381231,0
2014-01-07,0,0,0,0,2014,0.047809906892786504,0
2014-01-08,0,0,0,0,2014,0.052870243556660285,0
2014-01-09,0,0,0,0,2014,0.05959339374503052,0
2014-01-10,0,0,0,0,2014,0.061502233604952106,0
2014-01-11,0,0,0,0,2014,0.06275282924726888,0
2014-01-12,0,0,0,0,2014,0.07253035613636044,0
2014-01-14,0,0,0,0,2014,0.08673436837710476,0
2014-01-15,0,0,0,0,2014,0.0981116755073698,0
2014-01-16,0,0,0,0,2014,0.10920074679289649,0
2014-01-18,0,0,0,0,2014,0.1447178482282536,0
2014-01-19,0,0,0,0,2014,0.17189588663932967,0
2014-01-20,0,0,0,0,2014,0.1708561665156282,0
2014-01-21,0,0,0,0,2014,0.13015009717405984,0
2014-01-22,0,0,0,0,2014,0.10522653255722822,0
2014-01-23,0,0,0,0,2014,0.09972516114805613,0
2014-01-24,0,0,0,0,2014,0.09446446421220732,0
2014-01-25,0,0,0,0,2014,0.05889147032244536,0
2014-01-26,0,0,0,0,2014,0.02865770464206986,0
2014-01-27,0,0,0,0,2014,0.03452331483612901,0
2014-01-28,0,0,0,0,2014,0.036503907638440115,0
2014-01-29,0,0,0,0,2014,0.040980154180928555,0
2014-01-30,0,0,0,0,2014,0.03569646001129804,0
2014-01-31,0,0,0,0,2014,0.03740241631017891,0
2014-02-01,0,0,0,0,2014,0.05772032406783196,0
2014-02-02,0,0,0,0,2014,0.04029703133916938,0
2014-02-03,0,0,0,0,2014,0.04208735840942528,0
2014-02-04,0,0,0,0,2014,0.04019124893911272,0
2014-02-05,0,0,0,0,2014,0.042966917845808354,0
2014-02-06,0,0,0,0,2014,0.03701524913721056,0
2014-02-07,0,0,0,0,2014,0.04310690366597881,0
2014-02-08,0,0,0,0,2014,0.04946531296473794,0
2014-02-09,0,0,0,0,2014,0.07926061012103386,0
2014-02-10,0,0,0,0,2014,0.0937343261544238,0
2014-02-11,0,0,0,0,2014,0.07518221343968788,0
2014-02-12,0,0,0,0,2014,0.07693118548223753,0
2014-02-13,0,0,0,0,2014,0.0653078005280818,0
2014-02-14,0,0,0,0,2014,0.07912532070743616,0
2014-02-15,0,0,0,0,2014,0.10769911077580156,0
2014-02-16,1,0,0,0,2014,0.12198717347233637,0
2014-02-17,0,1,1,1,2014,0.2396663740518966,0
2014-02-18,0,0,1,1,2014,0.07940729507778749,0
2014-02-19,1,0,1,1,2014,0.05559423479855215,0
2014-02-20,0,1,2,1,2014,0.15104833914307683,0
2014-02-21,0,0,2,1,2014,0.07940016564695299,0
2014-02-22,0,0,2,1,2014,0.05271171735412436,0
2014-02-23,0,0,2,0,2014,0.06000441787808577,0
2014-02-24,0,0,1,0,2014,0.04174677284052087,0
2014-02-25,1,0,1,0,2014,0.023141527861883653,0
2014-02-26,0,1,2,1,2014,0.04944052953515605,0
2014-02-27,0,0,1,1,2014,0.02408863045893743,0
2014-03-02,0,0,1,0,2014,0.045956920327189225,0
2014-03-03,0,0,1,0,2014,0.03335497848496499,0
2014-03-04,0,0,1,0,2014,0.03629607618995503,0
2014-03-05,0,0,0,0,2014,0.041817052057059545,0
2014-03-06,0,0,0,0,2014,0.0452319111591653,0
2014-03-07,1,0,0,0,2014,0.05206462477802122,0
2014-03-08,0,1,1,1,2014,0.09685008505676873,0
2014-03-09,0,0,1,1,2014,0.09120938757549703,0
2014-03-10,0,0,1,1,2014,0.07773679297804982,0
2014-03-11,0,0,1,0,2014,0.09856867189478236,0
2014-03-12,0,0,1,0,2014,0.08714796867591597,0
2014-03-13,0,0,1,0,2014,0.09598307150223366,0
2014-03-14,0,0,1,0,2014,0.10319589894362724,0
2014-03-15,0,0,0,0,2014,0.11967575242569832,0
2014-03-16,0,0,0,0,2014,0.12433228425125199,0
2014-03-17,0,0,0,0,2014,0.11663831410083318,0
2014-03-18,0,0,0,0,2014,0.09759472403429648,0
2014-03-19,0,0,0,0,2014,0.08936366477544609,0
2014-03-20,0,0,0,0,2014,0.10060575161533569,0
2014-03-21,0,0,0,0,2014,0.10115513622577557,0
2014-03-22,0,0,0,0,2014,0.08390251503624784,0
2014-03-23,0,0,0,0,2014,0.0825749325602495,0
2014-03-24,0,0,0,0,2014,0.07852364882742119,0
2014-03-25,0,0,0,0,2014,0.0867242583978435,0
2014-03-26,0,0,0,0,2014,0.0660781055946758,0
2014-03-27,0,0,0,0,2014,0.05364262175527449,0
2014-03-28,0,0,0,0,2014,0.05846500001104397,0
2014-03-29,0,0,0,0,2014,0.0616212323095086,0
2014-03-30,0,0,0,0,2014,0.0725591423112613,0
2014-03-31,0,0,0,0,2014,0.06567769671220781,0
2014-04-01,0,0,0,0,2014,0.050179343057242365,0
2014-04-03,0,0,0,0,2014,0.07445333673093953,0
2014-04-04,0,0,0,0,2014,0.0930184728621408,0
2014-04-05,0,0,0,0,2014,0.0768790096690009,0
2014-04-06,0,0,0,0,2014,0.08566234084350417,0
2014-04-07,0,0,0,0,2014,0.08477431212536073,0
2014-04-08,0,0,0,0,2014,0.0824132379107291,0
2014-04-09,0,0,0,0,2014,0.10606961960401791,0
2014-04-10,0,0,0,0,2014,0.07835437709596119,0
2014-04-11,0,0,0,0,2014,0.09714821582207396,0
2014-04-12,0,0,0,0,2014,0.1232063663624553,0
2014-04-13,0,0,0,0,2014,0.14715399936180953,0
2014-04-14,0,0,0,0,2014,0.11061559022522226,0
2014-04-15,0,0,0,0,2014,0.13593016964390855,0
2014-04-16,0,0,0,0,2014,0.11370109287792013,0
2014-04-17,0,0,0,0,2014,0.12516308893490669,0
2014-04-18,0,0,0,0,2014,0.1239299777288969,0
2014-04-19,0,0,0,0,2014,0.13482523865383259,0
2014-04-20,0,0,0,0,2014,0.1425395891711764,0
2014-04-21,0,0,0,0,2014,0.11354379462224873,0
2014-04-22,1,0,0,0,2014,0.09897936647670998,0
2014-04-23,0,1,1,1,2014,0.1542485715367171,0
2014-04-24,0,0,1,1,2014,0.09337089777794044,0
2014-04-25,0,0,1,1,2014,0.06082863749749917,0
2014-04-26,0,0,1,0,2014,0.07153987502503474,0
2014-04-27,0,0,1,0,2014,0.08524404657407643,0
2014-04-28,0,0,1,0,2014,0.08144007198738873,0
2014-04-29,0,0,1,0,2014,0.06911415610901804,0
2014-04-30,0,0,0,0,2014,0.07188876016209103,0
2014-05-01,0,0,0,0,2014,0.09352302917959451,0
2014-05-02,0,0,0,0,2014,0.11396123941568202,0
2014-05-03,1,0,0,0,2014,0.11174401277351532,0
2014-05-04,1,1,1,1,2014,0.2287031648215185,0
2014-05-05,0,1,2,2,2014,0.3360431405184782,0
2014-05-06,0,0,2,2,2014,0.1122109831714043,0
2014-05-07,0,0,2,1,2014,0.08606951928012176,0
2014-05-08,0,0,2,0,2014,0.11209679845236549,0
2014-05-09,0,0,2,0,2014,0.10348559296184731,0
2014-05-10,0,0,2,0,2014,0.10857193438503694,0
2014-05-11,0,0,1,0,2014,0.10808959610377185,0
2014-05-12,0,0,0,0,2014,0.12213058614690599,0
2014-05-13,0,0,0,0,2014,0.11444663755480146,0
2014-05-14,0,0,0,0,2014,0.11474872340482882,0
2014-05-15,0,0,0,0,2014,0.14108025465015325,0
2014-05-16,1,0,0,0,2014,0.1555639329873463,0
2014-05-17,1,1,1,1,2014,0.3361420258630679,0
2014-05-18,0,1,2,2,2014,0.40755592223603637,1
2014-05-19,0,0,2,2,2014,0.1561019968876123,0
2014-05-20,0,0,2,1,2014,0.10649170556191641,0
2014-05-21,0,0,2,0,2014,0.1278655018092345,0
2014-05-22,1,0,2,0,2014,0.15098124283417147,0
2014-05-23,0,1,3,1,2014,0.2907831516934492,0
2014-05-24,0,0,2,1,2014,0.20479367278803162,0
2014-05-25,0,0,1,1,2014,0.16720050121709984,0
2014-05-26,0,0,1,0,2014,0.16682742888397997,0
2014-05-27,0,0,1,0,2014,0.17441328097357398,0
2014-05-28,0,0,1,0,2014,0.1604156199729815,0
2014-05-29,0,0,1,0,2014,0.18552317962875856,0
2014-05-30,0,0,0,0,2014,0.15242498120400338,0
2014-05-31,0,0,0,0,2014,0.14023382240535207,0
2014-06-01,0,0,0,0,2014,0.11225030698066296,0
2014-06-02,0,0,0,0,2014,0.12144809682938416,0
2014-06-03,0,0,0,0,2014,0.12178291857628239,0
2014-06-04,0,0,0,0,2014,0.1368359057069407,0
2014-06-05,0,0,0,0,2014,0.12619804961517403,0
2014-06-06,0,0,0,0,2014,0.13553647749950903,0
2014-06-07,0,0,0,0,2014,0.16746052076694212,0
2014-06-08,0,0,0,0,2014,0.1663439956267198,0
2014-06-09,0,0,0,0,2014,0.13755673941983496,0
2014-06-10,0,0,0,0,2014,0.16508387643787856,0
2014-06-11,0,0,0,0,2014,0.1890587884887786,0
2014-06-12,0,0,0,0,2014,0.21262464666569708,0
2014-06-13,0,0,0,0,2014,0.21530667516788565,0
2014-06-14,0,0,0,0,2014,0.22782314822228383,0
2014-06-15,0,0,0,0,2014,0.24079301296736466,0
2014-06-16,1,0,0,0,2014,0.21815863610349967,0
2014-06-17,0,1,1,1,2014,0.2978157666945834,0
2014-06-18,0,0,1,1,2014,0.20049687119630166,0
2014-06-19,0,0,1,1,2014,0.13468020271859055,0
2014-06-20,0,0,1,0,2014,0.15301888691158622,0
2014-06-21,0,0,1,0,2014,0.16208432058585895,0
2014-06-22,0,0,1,0,2014,0.15892534906276595,0
2014-06-23,0,0,1,0,2014,0.17015040782851704,0
2014-06-24,0,0,0,0,2014,0.15220983661748363,0
2014-06-25,0,0,0,0,2014,0.13585109288017364,0
2014-06-26,0,0,0,0,2014,0.16697421460550357,0
2014-06-27,0,0,0,0,2014,0.1572962781212307,0
2014-06-28,0,0,0,0,2014,0.13976515853989754,0
2014-06-29,0,0,0,0,2014,0.13554702417292755,0
2014-06-30,0,0,0,0,2014,0.13022798261969973,0
2014-07-01,0,0,0,0,2014,0.12344394819711185,0
2014-07-02,0,0,0,0,2014,0.12809670227153358,0
2014-07-03,0,0,0,0,2014,0.14399115350467592,0
2014-07-04,0,0,0,0,2014,0.18054746383116893,0
2014-07-05,0,0,0,0,2014,0.2068412007683029,0
2014-07-06,0,0,0,0,2014,0.22082480147489508,0
2014-07-07,0,0,0,0,2014,0.23008738666501025,0
2014-07-08,0,0,0,0,2014,0.2560136745302717,0
2014-07-09,0,0,0,0,2014,0.15241250744950166,0
2014-07-10,1,0,0,0,2014,0.12033510023552788,0
2014-07-11,1,1,1,1,2014,0.23918626592882322,0
2014-07-12,1,1,2,2,2014,0.23557593402491342,0
2014-07-13,1,1,3,3,2014,0.395086364506499,1
2014-07-14,1,1,4,3,2014,0.3263330951078635,0
2014-07-15,1,1,5,3,2014,0.5248157416549426,1
2014-07-16,1,1,6,3,2014,0.7408254121640567,1
2014-07-17,1,1,7,3,2014,0.7231116052970614,1
2014-07-18,1,1,7,3,2014,0.6262200178406414,1
2014-07-19,0,1,7,3,2014,0.5587849185704962,1
2014-07-20,1,0,6,2,2014,0.40450933470100214,1
2014-07-21,1,1,6,2,2014,0.6251253281627698,1
2014-07-22,1,1,6,2,2014,0.9107384890148267,1
2014-07-23,1,1,6,3,2014,0.8990378747624354,1
2014-07-24,1,1,6,3,2014,0.9156964220891283,1
2014-07-25,1,1,6,3,2014,0.9175040452247658,1
2014-07-26,1,1,6,3,2014,0.847885016275212,1
2014-07-27,1,1,7,3,2014,0.9056780334888606,1
2014-07-28,1,1,7,3,2014,0.9035698758888501,1
2014-07-29,1,1,7,3,2014,0.9061882792953007,1
2014-07-30,1,1,7,3,2014,0.5984432012805507,1
2014-07-31,1,1,7,3,2014,0.8700812165989568,1
2014-08-01,1,1,7,3,2014,0.8604979598234502,1
2014-08-02,1,1,7,3,2014,0.8884432709579323,1
2014-08-03,1,1,7,3,2014,0.9206799889645619,1
2014-08-04,1,1,7,3,2014,0.8892600579530865,1
2014-08-05,1,1,7,3,2014,0.9138203324560891,1
2014-08-06,1,1,7,3,2014,0.9235720957518697,1
2014-08-07,1,1,7,3,2014,0.925499675823492,1
2014-08-08,1,1,7,3,2014,0.9173576884400761,1
2014-08-09,1,1,7,3,2014,0.9278434632488999,1
2014-08-10,1,1,7,3,2014,0.8920508772424132,1
2014-08-11,1,1,7,3,2014,0.8488759419754249,1
2014-08-12,1,1,7,3,2014,0.8785938806313724,1
2014-08-13,1,1,7,3,2014,0.9131446167078833,1
2014-08-14,1,1,7,3,2014,0.9133044115004567,1
2014-08-15,1,1,7,3,2014,0.9036895629555116,1
2014-08-16,1,1,7,3,2014,0.8769653643092846,1
2014-08-17,1,1,7,3,2014,0.6749431721906117,1
2014-08-18,1,1,7,3,2014,0.7109935191968859,1
2014-08-19,1,1,7,3,2014,0.8828359701284747,1
2014-08-20,1,1,7,3,2014,0.8787851482776222,1
2014-08-21,1,1,7,3,2014,0.8778853286735373,1
2014-08-22,1,1,7,3,2014,0.8536446880899357,1
2014-08-23,1,1,7,3,2014,0.4363842852559221,1
2014-08-24,1,1,7,3,2014,0.6162261514358126,1
2014-08-25,1,1,7,3,2014,0.7027101365818024,1
2014-08-26,0,1,7,3,2014,0.7950368051858477,1
2014-08-27,1,0,6,2,2014,0.2794957762326892,0
2014-08-28,1,1,6,2,2014,0.6730891232843695,1
2014-08-29,1,1,6,2,2014,0.6092906609401464,1
2014-08-30,1,1,6,3,2014,0.6750083499842129,1
2014-08-31,1,1,6,3,2014,0.5653971833812034,1
2014-09-01,1,1,6,3,2014,0.7167123326228478,1
2014-09-02,1,1,6,3,2014,0.7272628638045174,1
2014-09-03,1,1,7,3,2014,0.8352583985499875,1
2014-09-04,1,1,7,3,2014,0.8406529615748567,1
2014-09-05,1,1,7,3,2014,0.8583908344909648,1
2014-09-06,1,1,7,3,2014,0.8939199408198762,1
2014-09-07,1,1,7,3,2014,0.904065064741579,1
2014-09-08,1,1,7,3,2014,0.840835007344495,1
2014-09-09,1,1,7,3,2014,0.9108215359962918,1
2014-09-10,1,1,7,3,2014,0.9202518934691146,1
2014-09-11,1,1,7,3,2014,0.9123304509497173,1
2014-09-12,1,1,7,3,2014,0.9004087327207985,1
2014-09-13,1,1,7,3,2014,0.8890685400936332,1
2014-09-14,1,1,7,3,2014,0.8974873738929375,1
2014-09-15,1,1,7,3,2014,0.9058296390650693,1
2014-09-16,1,1,7,3,2014,0.9208393935030548,1
2014-09-17,1,1,7,3,2014,0.9109157311616922,1
2014-09-18,1,1,7,3,2014,0.9003691024279017,1
2014-09-19,1,1,7,3,2014,0.8993764906496533,1
2014-09-20,1,1,7,3,2014,0.8899775820519286,1
2014-09-21,1,1,7,3,2014,0.858274592508076,1
2014-09-22,1,1,7,3,2014,0.8203545035681828,1
2014-09-23,1,1,7,3,2014,0.8367170580434294,1
2014-09-24,1,1,7,3,2014,0.8309363698003445,1
2014-09-25,1,1,7,3,2014,0.817848771487559,1
2014-09-26,1,1,7,3,2014,0.8025801190317807,1
2014-09-27,1,1,7,3,2014,0.5497083132387116,1
2014-09-28,1,1,7,3,2014,0.7640678054464606,1
2014-09-29,1,1,7,3,2014,0.7767651594021922,1
2014-09-30,1,1,7,3,2014,0.785125577774511,1
2014-10-01,1,1,7,3,2014,0.6229259436995542,1
2014-10-02,1,1,7,3,2014,0.7631607451045552,1
2014-10-03,1,1,7,3,2014,0.7240173496542821,1
2014-10-04,1,1,7,3,2014,0.8049158703117297,1
2014-10-05,1,1,7,3,2014,0.5742189170993379,1
2014-10-06,1,1,7,3,2014,0.8088299094286243,1
2014-10-07,1,1,7,3,2014,0.7309433669829437,1
2014-10-08,1,1,7,3,2014,0.8305998327990319,1
2014-10-09,1,1,7,3,2014,0.776656326705827,1
2014-10-10,1,1,7,3,2014,0.5682940715292989,1
2014-10-11,1,1,7,3,2014,0.8218029845641095,1
2014-10-12,1,1,7,3,2014,0.8315717182420738,1
2014-10-13,1,1,7,3,2014,0.8222091168908969,1
2014-10-14,1,1,7,3,2014,0.8123744461641584,1
2014-10-15,1,1,7,3,2014,0.8120868926793552,1
2014-10-16,1,1,7,3,2014,0.8110325511452874,1
2014-10-17,1,1,7,3,2014,0.7949022768095181,1
2014-10-18,1,1,7,3,2014,0.7841874848911948,1
2014-10-19,1,1,7,3,2014,0.7899962250101484,1
2014-10-20,1,1,7,3,2014,0.75114075488171,1
2014-10-21,1,1,7,3,2014,0.7520936043763142,1
2014-10-22,1,1,7,3,2014,0.4612825511906683,1
2014-10-23,1,1,7,3,2014,0.6521138043593014,1
2014-10-24,1,1,7,3,2014,0.5998288068693182,1
2014-10-25,1,1,7,3,2014,0.6961362527165404,1
2014-10-26,1,1,7,3,2014,0.7181792493584028,1
2014-10-27,1,1,7,3,2014,0.37356579246123994,1
2014-10-28,1,1,7,3,2014,0.5512283084858819,1
2014-10-29,1,1,7,3,2014,0.4099974409921908,1
2014-10-30,0,1,7,3,2014,0.5484686011188863,1
2014-10-31,1,0,6,2,2014,0.2019232283300924,0
2014-11-01,1,1,6,2,2014,0.25194958125241096,0
2014-11-02,1,1,6,2,2014,0.3200238384794306,0
2014-11-03,1,1,6,3,2014,0.2590153543988408,0
2014-11-04,1,1,6,3,2014,0.2156795069906558,0
2014-11-05,1,1,6,3,2014,0.14670723570859395,0
2014-11-06,1,1,6,3,2014,0.17334482055476133,0
2014-11-07,1,1,7,3,2014,0.15304684309750372,0
2014-11-08,0,1,7,3,2014,0.19806170773960363,0
2014-11-09,1,0,6,2,2014,0.1137332675029284,0
2014-11-10,1,1,6,2,2014,0.4126832915572026,1
2014-11-11,1,1,6,2,2014,0.3113310194940348,0
2014-11-12,1,1,6,3,2014,0.19601997571457877,0
2014-11-13,1,1,6,3,2014,0.23238538360479882,0
2014-11-14,1,1,6,3,2014,0.23967517556171786,0
2014-11-15,1,1,6,3,2014,0.21458081383237207,0
2014-11-16,1,1,7,3,2014,0.11767714969140568,0
2014-11-17,0,1,7,3,2014,0.166382068194152,0
2014-11-18,0,0,6,2,2014,0.06769360039783369,0
2014-11-19,0,0,5,1,2014,0.03987168635502737,0
2014-11-20,1,0,4,0,2014,0.04927834814163841,0
2014-11-21,0,1,4,1,2014,0.1032446508966185,0
2014-11-22,1,0,3,1,2014,0.05178789860970708,0
2014-11-23,1,1,3,2,2014,0.15508760971669622,0
2014-11-24,1,1,3,2,2014,0.2849766972555213,0
2014-11-25,1,1,4,3,2014,0.19531274362568443,0
2014-11-26,1,1,5,3,2014,0.24925442494666605,0
2014-11-27,0,1,6,3,2014,0.21821669408167996,0
2014-11-28,0,0,5,2,2014,0.057223077209098604,0
2014-11-29,0,0,5,1,2014,0.041414469809823905,0
2014-11-30,0,0,4,0,2014,0.04832365692199894,0
2014-12-01,0,0,3,0,2014,0.057826977684840825,0
2014-12-03,0,0,1,0,2014,0.07667011193033078,0
2014-12-04,0,0,0,0,2014,0.06914520505070826,0
2014-12-05,0,0,0,0,2014,0.06115636975891824,0
2014-12-06,0,0,0,0,2014,0.06575637115464737,0
2014-12-07,1,0,0,0,2014,0.02420711221714283,0
2014-12-08,1,1,1,1,2014,0.10850934825741812,0
2014-12-09,0,1,2,2,2014,0.09402635022939608,0
2014-12-10,0,0,2,2,2014,0.01984227495768383,0
2014-12-11,0,0,2,1,2014,0.012261300420302063,0
2014-12-13,0,0,2,0,2014,0.018542634750466653,0
2014-12-14,0,0,2,0,2014,0.017730179715869057,0
2014-12-15,0,0,1,0,2014,0.01165232122717266,0
2014-12-20,0,1,1,1,2014,0.04433414393287327,0
2014-12-21,1,0,1,1,2014,0.053409103156483846,0
2014-12-22,1,1,2,2,2014,0.09781181679725477,0
2014-12-23,1,1,3,2,2014,0.12420959836981499,0
2014-12-24,1,1,4,3,2014,0.17062592270861857,0
2014-12-26,1,1,5,2,2014,0.034775038366632156,0
2014-12-27,1,1,5,2,2014,0.1839462361219754,0
2014-12-28,1,1,6,2,2014,0.12198601158140784,0
2014-12-29,1,1,6,3,2014,0.13612548997527887,0
2014-12-30,1,1,6,3,2014,0.13655144442682765,0
2015-01-01,0,1,5,2,2015,0.4287924411656245,1
2015-01-02,1,0,5,1,2015,0.3043250150065101,0
2015-01-03,0,1,5,1,2015,0.7924872743411592,1
2015-01-04,0,0,4,1,2015,0.7442389308410478,1
2015-01-05,0,0,3,1,2015,0.6921261552201377,1
2015-01-06,1,0,2,0,2015,0.695189376268857,1
2015-01-07,0,1,2,1,2015,0.8984986685458138,1
2015-01-08,0,0,2,1,2015,0.5698504355802775,1
2015-01-09,0,0,2,1,2015,0.47927136523523395,1
2015-01-10,0,0,1,0,2015,0.6028190032147099,1
2015-01-11,0,0,1,0,2015,0.5817886971924195,1
2015-01-12,1,0,1,0,2015,0.39249126157734465,1
2015-01-13,1,1,2,1,2015,0.67573101888931,1
2015-01-14,1,1,2,2,2015,0.8714529603806359,1
2015-01-15,1,1,3,3,2015,0.7448405306865824,1
2015-01-16,1,1,4,3,2015,0.7013296610706509,1
2015-01-17,1,1,5,3,2015,0.38633604114981496,1
2015-01-18,1,1,6,3,2015,0.508883291415583,1
2015-01-19,0,1,7,3,2015,0.4644454138992331,1
2015-01-20,1,0,6,2,2015,0.21143854090435987,0
2015-01-21,1,1,6,2,2015,0.5103726136923977,1
2015-01-22,1,1,6,2,2015,0.8015348792712086,1
2015-01-23,1,1,6,3,2015,0.7481446533658704,1
2015-01-24,1,1,6,3,2015,0.7573569119301968,1
2015-01-25,1,1,6,3,2015,0.7469437112657623,1
2015-01-26,1,1,6,3,2015,0.8754612859869637,1
2015-01-27,1,1,7,3,2015,0.8876979534880283,1
2015-01-28,1,1,7,3,2015,0.8909771270079307,1
2015-01-29,1,1,7,3,2015,0.5724174712312147,1
2015-01-30,1,1,7,3,2015,0.5664520041472294,1
2015-01-31,1,1,7,3,2015,0.8679691131096754,1
2015-02-01,1,1,7,3,2015,0.8578087587563309,1
2015-02-02,1,1,7,3,2015,0.7766133753392488,1
2015-02-03,1,1,7,3,2015,0.8320190062503241,1
2015-02-04,1,1,7,3,2015,0.870300681261386,1
2015-02-05,1,1,7,3,2015,0.8927023993585597,1
2015-02-06,1,1,7,3,2015,0.7398044230944644,1
2015-02-07,1,1,7,3,2015,0.74964999476667,1
2015-02-08,1,1,7,3,2015,0.8291800648709309,1
2015-02-09,1,1,7,3,2015,0.8442183926581426,1
2015-02-10,1,1,7,3,2015,0.5716327721782419,1
2015-02-11,1,1,7,3,2015,0.8150268200756011,1
2015-02-12,1,1,7,3,2015,0.8382730173412863,1
2015-02-13,1,1,7,3,2015,0.7518558536361453,1
2015-02-14,1,1,7,3,2015,0.7584318407318154,1
2015-02-15,0,1,7,3,2015,0.7560156314471127,1
2015-02-16,1,0,6,2,2015,0.3650567929760928,1
2015-02-17,1,1,6,2,2015,0.6052848864900225,1
2015-02-18,0,1,6,2,2015,0.5733801438713915,1
2015-02-19,0,0,5,2,2015,0.2979795762423871,0
2015-02-20,0,0,4,1,2015,0.23076263389675247,0
2015-02-21,0,0,3,0,2015,0.2550081682378491,0
2015-02-22,0,0,2,0,2015,0.23549449501552677,0
2015-02-23,0,0,2,0,2015,0.21888183380235363,0
2015-02-24,0,0,1,0,2015,0.1814688368900458,0
2015-02-25,1,0,0,0,2015,0.18450156205800994,0
2015-02-26,1,1,1,1,2015,0.38469460280691925,1
2015-02-27,0,1,2,2,2015,0.4805981697407506,1
2015-02-28,0,0,2,2,2015,0.2192188338149816,0
2015-03-01,0,0,2,1,2015,0.13248618407804225,0
2015-03-02,1,0,2,0,2015,0.14512579071466283,0
2015-03-03,0,1,3,1,2015,0.27730743409397746,0
2015-03-04,0,0,3,1,2015,0.13212464874997715,0
2015-03-05,0,0,2,1,2015,0.09858500720263724,0
2015-03-06,0,0,1,0,2015,0.10547787842489448,0
2015-03-07,0,0,1,0,2015,0.1297503441654096,0
2015-03-08,0,0,1,0,2015,0.12379316496581974,0
2015-03-09,0,0,1,0,2015,0.11249870144030678,0
2015-03-10,0,0,0,0,2015,0.09983702709564324,0
2015-03-11,0,0,0,0,2015,0.09879180136902574,0
2015-03-12,0,0,0,0,2015,0.07801192352971925,0
2015-03-13,0,0,0,0,2015,0.06433030447211115,0
2015-03-14,0,0,0,0,2015,0.061107581821986605,0
2015-03-15,0,0,0,0,2015,0.07400491880466238,0
2015-03-16,0,0,0,0,2015,0.05602285661147133,0
2015-03-17,0,0,0,0,2015,0.04171420721242211,0
2015-03-18,0,0,0,0,2015,0.03938929007665567,0
2015-03-19,0,0,0,0,2015,0.04457505386611464,0
2015-03-20,0,0,0,0,2015,0.04457611802054884,0
2015-03-21,0,0,0,0,2015,0.045845178135518104,0
2015-03-22,1,0,0,0,2015,0.05451271162225452,0
2015-03-23,0,1,1,1,2015,0.20421396124125568,0
2015-03-24,0,0,1,1,2015,0.0943410775145695,0
2015-03-25,0,0,1,1,2015,0.06754776769882112,0
2015-03-26,0,0,1,0,2015,0.08220904661771537,0
2015-03-27,0,0,1,0,2015,0.09495940321935195,0
2015-03-28,0,0,1,0,2015,0.10730659033428334,0
2015-03-29,1,0,1,0,2015,0.11866288423481937,0
2015-03-30,1,1,1,1,2015,0.3468791982347524,1
2015-03-31,0,1,2,2,2015,0.5550941316855135,1
2015-04-01,1,0,2,2,2015,0.17873578155942432,0
2015-04-02,1,1,3,2,2015,0.34012248841196774,0
2015-04-03,1,1,4,2,2015,0.3781777954942301,1
2015-04-04,0,1,5,3,2015,0.45380563645037014,1
2015-04-05,0,0,5,2,2015,0.23188857343275693,0
2015-04-06,0,0,4,1,2015,0.14967033014567308,0
2015-04-07,0,0,3,0,2015,0.1630335042197943,0
2015-04-08,0,0,3,0,2015,0.15178892409575448,0
2015-04-09,1,0,2,0,2015,0.1410550525170368,0
2015-04-10,0,1,2,1,2015,0.507441846833954,1
2015-04-11,1,0,1,1,2015,0.2381637087748623,0
2015-04-12,0,1,2,2,2015,0.399099757537126,1
2015-04-13,0,0,2,1,2015,0.20685557171075108,0
2015-04-14,0,0,2,1,2015,0.11523384229856992,0
2015-04-15,1,0,2,0,2015,0.12510979358662722,0
2015-04-16,0,1,3,1,2015,0.22953803018973315,0
2015-04-17,0,0,2,1,2015,0.12164112614691976,0
2015-04-18,0,0,2,1,2015,0.07913614312124984,0
2015-04-19,0,0,1,0,2015,0.10696708707491535,0
2015-04-20,0,0,1,0,2015,0.09430967675728463,0
2015-04-21,0,0,1,0,2015,0.11151678491672004,0
2015-04-22,0,0,1,0,2015,0.10035469993744008,0
2015-04-23,0,0,0,0,2015,0.117584373757398,0
2015-04-24,0,0,0,0,2015,0.10326123281639815,0
2015-04-25,0,0,0,0,2015,0.12554286724479977,0
2015-04-26,0,0,0,0,2015,0.11789101249875805,0
2015-04-27,1,0,0,0,2015,0.08945618497095108,0
2015-04-28,0,1,1,1,2015,0.2712350995689697,0
2015-04-29,0,0,1,1,2015,0.1683000877251617,0
2015-04-30,0,0,1,1,2015,0.12259224181331041,0
2015-05-01,0,0,1,0,2015,0.1250998964044958,0
2015-05-02,0,0,1,0,2015,0.16243304128098843,0
2015-05-03,0,0,1,0,2015,0.19051331042419967,0
2015-05-04,0,0,1,0,2015,0.15109530071473531,0
2015-05-05,0,0,0,0,2015,0.13063869863445424,0
2015-05-06,0,0,0,0,2015,0.1090163913576494,0
2015-05-07,0,0,0,0,2015,0.10287652120915204,0
2015-05-09,1,0,0,0,2015,0.1479423918331517,0
2015-05-10,0,1,1,1,2015,0.4929508100243476,1
2015-05-11,0,0,1,1,2015,0.27792173819242955,0
2015-05-12,0,0,1,1,2015,0.18253281010261654,0
2015-05-13,1,0,1,0,2015,0.17802119952842327,0
2015-05-14,0,1,2,1,2015,0.3847221865297593,1
2015-05-16,1,0,2,1,2015,0.1564471452540632,0
2015-05-17,1,1,2,1,2015,0.4565327153040509,1
2015-05-18,1,1,3,2,2015,0.5305450702850072,1
2015-05-19,1,1,4,3,2015,0.5380949995792802,1
2015-05-20,0,1,5,3,2015,0.726012573243271,1
2015-05-21,1,0,4,2,2015,0.34864479396954123,1
2015-05-22,1,1,5,2,2015,0.6832482119944709,1
2015-05-23,0,1,6,2,2015,0.5399030127834489,1
2015-05-24,0,0,5,2,2015,0.359916262539604,1
2015-05-25,1,0,4,1,2015,0.3226905822893322,0
2015-05-26,0,1,4,1,2015,0.5814627433846353,1
2015-05-27,0,0,3,1,2015,0.42546167609992536,1
2015-05-28,1,0,3,1,2015,0.3318109404139513,0
2015-05-29,1,1,3,1,2015,0.8695285444721599,1
2015-05-30,1,1,3,2,2015,0.9420235525065724,1
2015-05-31,1,1,4,3,2015,0.9508505674075625,1
2015-06-01,1,1,5,3,2015,0.6874200501645039,1
2015-06-02,0,1,5,3,2015,0.6376036146663606,1
2015-06-03,0,0,5,2,2015,0.3943233660331861,1
2015-06-04,0,0,5,1,2015,0.3156125431452164,0
2015-06-05,1,0,4,0,2015,0.32653427847775246,0
2015-06-06,1,1,4,1,2015,0.5219492253409999,1
2015-06-07,1,1,4,2,2015,0.6404343333891407,1
2015-06-08,1,1,4,3,2015,0.5599441114681996,1
2015-06-09,0,1,4,3,2015,0.5546501243300715,1
2015-06-10,0,0,4,2,2015,0.35058237551875837,1
2015-06-11,0,0,4,1,2015,0.29370308048012367,0
2015-06-12,1,0,4,0,2015,0.26677816132893606,0
2015-06-13,0,1,4,1,2015,0.5961319177596374,1
2015-06-14,0,0,3,1,2015,0.3748724019616609,1
2015-06-15,0,0,2,1,2015,0.2377318026575662,0
2015-06-16,1,0,1,0,2015,0.2081637791597392,0
2015-06-17,1,1,2,1,2015,0.3589265026200323,1
2015-06-18,1,1,3,2,2015,0.599432424077586,1
2015-06-19,1,1,4,3,2015,0.5548569901048138,1
2015-06-20,1,1,4,3,2015,0.4599141919059079,1
2015-06-21,1,1,5,3,2015,0.42325365154241545,1
2015-06-22,1,1,6,3,2015,0.5608921391014686,1
2015-06-23,0,1,7,3,2015,0.3977830073929639,1
2015-06-24,0,0,6,2,2015,0.2858622123607416,0
2015-06-25,1,0,5,1,2015,0.26197360774253203,0
2015-06-26,1,1,5,1,2015,0.562638669522257,1
2015-06-27,1,1,5,2,2015,0.7339525744338988,1
2015-06-28,1,1,5,3,2015,0.8007512339904056,1
2015-06-29,1,1,5,3,2015,0.9089836683625392,1
2015-06-30,1,1,5,3,2015,0.826296051594958,1
2015-07-01,1,1,6,3,2015,0.9327096336347019,1
2015-07-02,1,1,7,3,2015,0.9333809153836078,1
2015-07-03,1,1,7,3,2015,0.8657407353008073,1
2015-07-04,1,1,7,3,2015,0.9048505750360863,1
2015-07-05,1,1,7,3,2015,0.7822246397728332,1
2015-07-06,1,1,7,3,2015,0.7372140003695307,1
2015-07-07,1,1,7,3,2015,0.9086549436184772,1
2015-07-08,1,1,7,3,2015,0.9058479641345537,1
2015-07-09,1,1,7,3,2015,0.9388187556976465,1
2015-07-10,1,1,7,3,2015,0.8993765247062853,1
2015-07-11,1,1,7,3,2015,0.9287929321858005,1
2015-07-12,1,1,7,3,2015,0.9517372892705176,1
2015-07-13,1,1,7,3,2015,0.919298184985005,1
2015-07-14,1,1,7,3,2015,0.9243400597997775,1
2015-07-15,1,1,7,3,2015,0.8981919850170828,1
2015-07-16,1,1,7,3,2015,0.913633542308352,1
2015-07-17,1,1,7,3,2015,0.896692211116888,1
2015-07-18,1,1,7,3,2015,0.9296794675051037,1
2015-07-19,1,1,7,3,2015,0.8232499347755355,1
2015-07-20,1,1,7,3,2015,0.9622821577288929,1
2015-07-21,1,1,7,3,2015,0.9640572550319123,1
2015-07-22,1,1,7,3,2015,0.971313116656947,1
2015-07-23,1,1,7,3,2015,0.9690582225007303,1
2015-07-24,1,1,7,3,2015,0.9560283422435131,1
2015-07-25,1,1,7,3,2015,0.9438867121843237,1
2015-07-26,1,1,7,3,2015,0.9674574579307889,1
2015-07-27,1,1,7,3,2015,0.9732814998378392,1
2015-07-28,1,1,7,3,2015,0.9706918984754556,1
2015-07-29,1,1,7,3,2015,0.9700240177774713,1
2015-07-30,1,1,7,3,2015,0.976478655345769,1
2015-07-31,1,1,7,3,2015,0.9798414364418478,1
2015-08-01,1,1,7,3,2015,0.9821303660805134,1
2015-08-02,1,1,7,3,2015,0.9597794702423321,1
2015-08-03,1,1,7,3,2015,0.9643883742429913,1
2015-08-04,1,1,7,3,2015,0.9664375963041975,1
2015-08-05,1,1,7,3,2015,0.9698263169209643,1
2015-08-06,1,1,7,3,2015,0.9743122526916594,1
2015-08-07,1,1,7,3,2015,0.9595593185646552,1
2015-08-08,1,1,7,3,2015,0.96946021114417,1
2015-08-09,1,1,7,3,2015,0.9403235371845141,1
2015-08-10,1,1,7,3,2015,0.9584366957744805,1
2015-08-11,1,1,7,3,2015,0.9523163942813491,1
2015-08-12,1,1,7,3,2015,0.955497314746692,1
2015-08-13,1,1,7,3,2015,0.9378798398584828,1
2015-08-14,1,1,7,3,2015,0.9503620422887666,1
2015-08-15,1,1,7,3,2015,0.9513010729712018,1
2015-08-16,1,1,7,3,2015,0.8642520072400836,1
2015-08-17,1,1,7,3,2015,0.912489703779749,1
2015-08-18,1,1,7,3,2015,0.8986465766688884,1
2015-08-19,1,1,7,3,2015,0.8927864815957893,1
2015-08-20,1,1,7,3,2015,0.8772336477582835,1
2015-08-21,1,1,7,3,2015,0.9113263264514349,1
2015-08-22,1,1,7,3,2015,0.9499002943556089,1
2015-08-23,1,1,7,3,2015,0.8578307213557359,1
2015-08-24,1,1,7,3,2015,0.9254566888191424,1
2015-08-25,1,1,7,3,2015,0.9291762874242888,1
2015-08-26,1,1,7,3,2015,0.9537715665484663,1
2015-08-27,1,1,7,3,2015,0.9444537467973765,1
2015-08-28,1,1,7,3,2015,0.9818054728683544,1
2015-08-29,1,1,7,3,2015,0.9856497352730622,1
2015-08-30,1,1,7,3,2015,0.9900537496643391,1
2015-08-31,1,1,7,3,2015,0.9924131617143512,1
2015-09-01,1,1,7,3,2015,0.9912908823098396,1
2015-09-02,1,1,7,3,2015,0.9873544798239366,1
2015-09-03,1,1,7,3,2015,0.9900626755640972,1
2015-09-04,1,1,7,3,2015,0.9806389826089273,1
2015-09-05,1,1,7,3,2015,0.9914599823802189,1
2015-09-06,1,1,7,3,2015,0.9693021588399154,1
2015-09-07,1,1,7,3,2015,0.9539624802811268,1
2015-09-08,1,1,7,3,2015,0.9658312385450576,1
2015-09-09,1,1,7,3,2015,0.967771770430394,1
2015-09-10,1,1,7,3,2015,0.9561898158912652,1
2015-09-11,1,1,7,3,2015,0.8381544289399198,1
2015-09-12,1,1,7,3,2015,0.8729755672897342,1
2015-09-13,1,1,7,3,2015,0.9077997440197016,1
2015-09-14,1,1,7,3,2015,0.9282660730099551,1
2015-09-15,1,1,7,3,2015,0.9562841278027407,1
2015-09-16,1,1,7,3,2015,0.8887046129306323,1
2015-09-17,1,1,7,3,2015,0.9719273693154159,1
2015-09-18,1,1,7,3,2015,0.9847946277662276,1
2015-09-19,1,1,7,3,2015,0.9846789549830335,1
2015-09-20,1,1,7,3,2015,0.980140100816972,1
2015-09-21,1,1,7,3,2015,0.9867404842964171,1
2015-09-22,1,1,7,3,2015,0.9837001008777687,1
2015-09-23,1,1,7,3,2015,0.9706378965434532,1
2015-09-24,1,1,7,3,2015,0.9762241407186703,1
2015-09-25,1,1,7,3,2015,0.9727808174298931,1
2015-09-26,1,1,7,3,2015,0.9710976015013959,1
2015-09-27,1,1,7,3,2015,0.9832529816431546,1
2015-09-28,1,1,7,3,2015,0.9823980279547221,1
2015-09-29,1,1,7,3,2015,0.9783445181658711,1
2015-09-30,1,1,7,3,2015,0.9764309883238569,1
2015-10-01,1,1,7,3,2015,0.9590548798836251,1
2015-10-02,1,1,7,3,2015,0.958087031330365,1
2015-10-03,1,1,7,3,2015,0.9363643496782821,1
2015-10-04,1,1,7,3,2015,0.9458666164503879,1
2015-10-05,1,1,7,3,2015,0.8817955834383826,1
2015-10-06,1,1,7,3,2015,0.8846691669998533,1
2015-10-07,1,1,7,3,2015,0.8627127458967937,1
2015-10-08,1,1,7,3,2015,0.8815757115476895,1
2015-10-09,1,1,7,3,2015,0.8596237686972774,1
2015-10-10,1,1,7,3,2015,0.773132395938009,1
2015-10-11,1,1,7,3,2015,0.7182420059100804,1
2015-10-12,1,1,7,3,2015,0.8944597055501365,1
2015-10-13,1,1,7,3,2015,0.8985819948189372,1
2015-10-14,1,1,7,3,2015,0.888154050531845,1
2015-10-15,1,1,7,3,2015,0.8795788694853895,1
2015-10-16,1,1,7,3,2015,0.8408435935226449,1
2015-10-17,1,1,7,3,2015,0.730283846810296,1
2015-10-18,1,1,7,3,2015,0.8221408914887811,1
2015-10-19,1,1,7,3,2015,0.9243816799113383,1
2015-10-20,1,1,7,3,2015,0.8475626842006553,1
2015-10-21,1,1,7,3,2015,0.8007232370518103,1
2015-10-22,1,1,7,3,2015,0.8845997620266384,1
2015-10-23,1,1,7,3,2015,0.9546319131693468,1
2015-10-24,1,1,7,3,2015,0.9512443860095097,1
2015-10-25,1,1,7,3,2015,0.9594820176037645,1
2015-10-26,1,1,7,3,2015,0.9670933331224006,1
2015-10-27,1,1,7,3,2015,0.9721857737248197,1
2015-10-28,1,1,7,3,2015,0.8845733654218043,1
2015-10-29,1,1,7,3,2015,0.8369682419318434,1
2015-10-30,1,1,7,3,2015,0.9053574530547732,1
2015-10-31,1,1,7,3,2015,0.8977735827668307,1
2015-11-01,1,1,7,3,2015,0.8818188270502219,1
2015-11-02,0,1,7,3,2015,0.8361448994730972,1
2015-11-03,0,0,6,2,2015,0.4936535590242853,1
2015-11-04,0,0,5,1,2015,0.35228815535358154,1
2015-11-05,1,0,4,0,2015,0.3152114144052296,0
2015-11-06,1,1,4,1,2015,0.6713938393726055,1
2015-11-07,1,1,4,2,2015,0.6929508038256318,1
2015-11-08,1,1,4,3,2015,0.7232997967681368,1
2015-11-09,1,1,4,3,2015,0.6201926733584451,1
2015-11-11,1,1,5,2,2015,0.393308291360551,1
2015-11-12,0,1,6,2,2015,0.6884121915274737,1
2015-11-13,1,0,5,1,2015,0.5197057065307109,1
2015-11-14,1,1,5,2,2015,0.755389516282327,1
2015-11-15,0,1,5,2,2015,0.8578617822358828,1
2015-11-17,0,0,3,1,2015,0.5904940889364858,1
2015-11-18,1,0,3,0,2015,0.46235887050594965,1
2015-11-19,1,1,3,1,2015,0.6438733201530266,1
2015-11-20,0,1,4,2,2015,0.8803561605680893,1
2015-11-21,1,0,3,2,2015,0.5375176655365437,1
2015-11-22,1,1,3,2,2015,0.7393809207872648,1
2015-11-23,0,1,4,2,2015,0.7671032445912821,1
2015-11-24,1,0,4,2,2015,0.3212184926205719,0
2015-11-27,1,1,3,1,2015,0.43120502977791203,1
2015-11-28,1,1,4,1,2015,0.7695057675931313,1
2015-11-29,1,1,4,2,2015,0.8161611821901676,1
2015-11-30,1,1,4,3,2015,0.7735915085683857,1
2015-12-01,1,1,5,3,2015,0.8325812647347254,1
2015-12-02,1,1,5,3,2015,0.9245675514183552,1
2015-12-03,0,1,6,3,2015,0.7779437234139223,1
2015-12-04,0,0,6,2,2015,0.24140515927696957,0
2015-12-05,1,0,5,1,2015,0.2316742836096096,0
2015-12-06,1,1,5,1,2015,0.521682370798567,1
2015-12-07,0,1,5,2,2015,0.5195876396688734,1
2015-12-08,0,0,4,2,2015,0.2664729326558737,0
2015-12-09,0,0,3,1,2015,0.17100087704126066,0
2015-12-10,0,0,2,0,2015,0.15424982360071196,0
2015-12-12,0,0,2,0,2015,0.19817999041291234,0
2015-12-13,1,0,1,0,2015,0.25088687457652775,0
2015-12-15,0,1,1,1,2015,0.3613578083622897,1
2015-12-16,1,0,1,1,2015,0.28496044500682155,0
2015-12-17,0,1,2,1,2015,0.6619237478179729,1
2015-12-18,1,0,2,1,2015,0.3774290372631576,1
2015-12-19,0,1,3,2,2015,0.6274596828877758,1
2015-12-20,0,0,3,1,2015,0.34573320890488685,1
2015-12-21,0,0,2,1,2015,0.303221894569568,0
2015-12-23,0,0,2,0,2015,0.29073627416242176,0
2015-12-24,1,0,1,0,2015,0.283013934422163,0
2015-12-26,0,1,1,1,2015,0.46521013845756115,1
2015-12-27,1,0,1,1,2015,0.493802592174402,1
2015-12-28,0,1,2,1,2015,0.8790694191585382,1
2015-12-29,0,0,2,1,2015,0.6861422687044428,1
2015-12-30,0,0,2,1,2015,0.45005592663634714,1
2015-12-31,0,0,2,0,2015,0.4054208545681268,1
2016-01-01,1,0,1,0,2016,0.23017092508179973,0
2016-01-02,1,1,2,1,2016,0.38129729629130854,0
2016-01-03,1,1,3,2,2016,0.3526155570753203,0
2016-01-14,0,1,3,2,2016,0.5006524427220856,1
2016-01-15,0,0,3,2,2016,0.20915844633303565,0
2016-01-16,0,0,3,1,2016,0.16469376688376475,0
2016-01-17,1,0,2,0,2016,0.16259657700767416,0
2016-01-18,1,1,3,1,2016,0.3202546547515716,0
2016-01-19,0,1,4,2,2016,0.39623332853726645,0
2016-01-20,0,0,3,2,2016,0.2295437916912998,0
2016-01-21,0,0,2,1,2016,0.22576469412605063,0
2016-01-22,0,0,2,0,2016,0.23769459565592121,0
2016-01-23,0,0,2,0,2016,0.26205282516159883,0
2016-01-24,0,0,2,0,2016,0.2183080108754015,0
2016-01-26,0,0,0,0,2016,0.3248960245429722,0
2016-01-27,0,0,0,0,2016,0.28422319505085947,0
2016-01-28,0,0,0,0,2016,0.2472677406712144,0
2016-01-29,0,0,0,0,2016,0.23114145569704353,0
2016-01-30,0,0,0,0,2016,0.25941660748473766,0
2016-02-02,0,0,0,0,2016,0.21358222507660535,0
2016-02-03,0,0,0,0,2016,0.17800872103817564,0
2016-02-04,0,0,0,0,2016,0.19158150315240435,0
2016-02-05,0,0,0,0,2016,0.18424417906466325,0
2016-02-06,0,0,0,0,2016,0.16260753767334304,0
2016-02-07,0,0,0,0,2016,0.19979764230287686,0
2016-02-08,0,0,0,0,2016,0.13444173629672995,0
2016-02-09,1,0,0,0,2016,0.0885278497152457,0
2016-02-10,0,1,1,1,2016,0.4311112628111469,0
2016-02-11,0,0,1,1,2016,0.165640610239186,0
2016-02-12,0,0,1,1,2016,0.14430577465665337,0
2016-02-13,0,0,1,0,2016,0.16107724036377502,0
2016-02-14,0,0,1,0,2016,0.14522974661767168,0
2016-02-15,0,0,1,0,2016,0.1470505560284536,0
2016-02-16,0,0,1,0,2016,0.15429927177126204,0
2016-02-17,0,0,0,0,2016,0.13611981802065598,0
2016-02-18,0,0,0,0,2016,0.1137550350694848,0
2016-02-19,0,0,0,0,2016,0.13912869268767264,0
2016-02-20,0,0,0,0,2016,0.16903480976305676,0
2016-02-21,0,0,0,0,2016,0.1522034683074373,0
2016-02-22,0,0,0,0,2016,0.13263880566493202,0
2016-02-23,0,0,0,0,2016,0.12936854773100465,0
2016-02-24,1,0,0,0,2016,0.11218702647884068,0
2016-02-25,0,1,1,1,2016,0.19117330457091064,0
2016-02-26,0,0,1,1,2016,0.09950453940781699,0
2016-02-27,0,0,1,1,2016,0.08991506678695485,0
2016-02-28,0,0,1,0,2016,0.06495363806869549,0
2016-02-29,0,0,1,0,2016,0.07691731191346123,0
2016-03-01,0,0,1,0,2016,0.07329292282561062,0
2016-03-02,0,0,1,0,2016,0.06316792555923473,0
2016-03-03,0,0,0,0,2016,0.04810057247150654,0
2016-03-04,0,0,0,0,2016,0.04307570662668768,0
2016-03-05,0,0,0,0,2016,0.05007899300039452,0
2016-03-06,0,0,0,0,2016,0.024205313169115762,0
2016-03-08,0,0,0,0,2016,0.0428549843263708,0
2016-03-09,0,0,0,0,2016,0.07250016716387885,0
2016-03-10,0,0,0,0,2016,0.06508387751506506,0
2016-03-11,0,0,0,0,2016,0.05801249838282247,0
2016-03-12,0,0,0,0,2016,0.05585185975896564,0
2016-03-13,0,0,0,0,2016,0.035001798600350596,0
2016-03-14,0,0,0,0,2016,0.05167792542926594,0
2016-03-15,0,0,0,0,2016,0.04190703186488016,0
2016-03-16,0,0,0,0,2016,0.05400617803678468,0
2016-03-17,0,0,0,0,2016,0.05865960369648804,0
2016-03-18,0,0,0,0,2016,0.06681250685714303,0
2016-03-19,0,0,0,0,2016,0.06592577421246548,0
2016-03-20,0,0,0,0,2016,0.07769259554884941,0
2016-03-21,1,0,0,0,2016,0.08418409922516538,0
2016-03-23,1,1,1,1,2016,0.19976924070514934,0
2016-03-24,1,1,2,2,2016,0.36955197457069566,0
2016-03-25,0,1,3,2,2016,0.4218596646793285,0
2016-03-26,0,0,3,2,2016,0.2627626574971378,0
2016-03-27,0,0,3,1,2016,0.20602413654675772,0
2016-03-28,0,0,3,0,2016,0.15337945812758952,0
2016-03-29,0,0,2,0,2016,0.1170606340029391,0
2016-03-30,0,0,2,0,2016,0.11990692101014473,0
2016-03-31,0,0,1,0,2016,0.12111623782579693,0
2016-04-01,0,0,0,0,2016,0.11508899940285622,0
2016-04-02,0,0,0,0,2016,0.12045655720193472,0
2016-04-03,0,0,0,0,2016,0.09538654860889845,0
2016-04-04,0,0,0,0,2016,0.1019351056109071,0
2016-04-05,0,0,0,0,2016,0.08535898475008134,0
2016-04-06,0,0,0,0,2016,0.08892762950338215,0
2016-04-07,0,0,0,0,2016,0.06791998897108331,0
2016-04-08,0,0,0,0,2016,0.061631747082585654,0
2016-04-09,0,0,0,0,2016,0.060011703679664526,0
2016-04-10,1,0,0,0,2016,0.06163449339026278,0
2016-04-11,0,1,1,1,2016,0.16240463897318486,0
2016-04-12,0,0,1,1,2016,0.08882659531310522,0
2016-04-13,0,0,1,1,2016,0.07835224314694146,0
2016-04-14,1,0,1,0,2016,0.06074335222995733,0
2016-04-16,0,1,2,1,2016,0.1784226702259373,0
2016-04-17,0,0,2,1,2016,0.20654072457273473,0
2016-04-18,0,0,1,0,2016,0.21663808071267426,0
2016-04-19,0,0,1,0,2016,0.2283477546232262,0
2016-04-20,0,0,1,0,2016,0.23998357331633946,0
2016-04-21,0,0,1,0,2016,0.22439473376305005,0
2016-04-22,0,0,0,0,2016,0.18015172993425185,0
2016-04-23,0,0,0,0,2016,0.14545058350650802,0
2016-04-24,0,0,0,0,2016,0.12777368484498766,0
2016-04-25,0,0,0,0,2016,0.0663871171130647,0
2016-04-26,0,0,0,0,2016,0.0912805476059061,0
2016-04-27,0,0,0,0,2016,0.08127252158153261,0
2016-04-28,0,0,0,0,2016,0.07309781616453888,0
2016-04-29,0,0,0,0,2016,0.08135300090234665,0
2016-04-30,0,0,0,0,2016,0.08830834181276308,0
2016-05-01,1,0,0,0,2016,0.1071016364379802,0
2016-05-02,0,1,1,1,2016,0.46123307724448276,0
2016-05-03,0,0,1,1,2016,0.17367720149220622,0
2016-05-04,0,0,1,1,2016,0.15453536554848651,0
2016-05-05,1,0,1,0,2016,0.1599581975847449,0
2016-05-06,0,1,2,1,2016,0.44882541193220155,0
2016-05-07,0,0,2,1,2016,0.22369222999815846,0
2016-05-08,0,0,2,1,2016,0.17678040465879932,0
2016-05-09,0,0,1,0,2016,0.14745009042290014,0
2016-05-10,0,0,1,0,2016,0.1467640395109872,0
2016-05-11,0,0,1,0,2016,0.15034351176053132,0
2016-05-12,0,0,1,0,2016,0.14786772440710333,0
2016-05-13,0,0,0,0,2016,0.14574184295128303,0
2016-05-14,1,0,0,0,2016,0.16529543660456744,0
2016-05-15,1,1,1,1,2016,0.3544991563420953,0
2016-05-16,0,1,2,2,2016,0.32947681317461047,0
2016-05-17,0,0,2,2,2016,0.1838232945397777,0
2016-05-18,0,0,2,1,2016,0.1670254039079727,0
2016-05-19,0,0,2,0,2016,0.1760555436391365,0
2016-05-20,0,0,2,0,2016,0.15026823289721578,0
2016-05-21,0,0,2,0,2016,0.15249775669567556,0
2016-05-22,0,0,1,0,2016,0.15487427184399288,0
2016-05-23,0,0,0,0,2016,0.1505301991757865,0
2016-05-24,0,0,0,0,2016,0.14367941183700267,0
2016-05-25,0,0,0,0,2016,0.11859075471478443,0
2016-05-26,0,0,0,0,2016,0.13692003944809125,0
2016-05-27,0,0,0,0,2016,0.13499541447930452,0
2016-05-28,0,0,0,0,2016,0.1501474864390823,0
2016-05-29,0,0,0,0,2016,0.12570388511257735,0
2016-05-30,0,0,0,0,2016,0.09698064207082747,0
2016-05-31,0,0,0,0,2016,0.09274488968747885,0
2016-06-01,0,0,0,0,2016,0.09399027597125417,0
2016-06-02,0,0,0,0,2016,0.09057688575752264,0
2016-06-03,0,0,0,0,2016,0.09084445165430262,0
2016-06-04,1,0,0,0,2016,0.1014882721382045,0
2016-06-05,0,1,1,1,2016,0.29298015370484315,0
2016-06-06,0,0,1,1,2016,0.09895972485046299,0
2016-06-07,0,0,1,1,2016,0.0837523055639299,0
2016-06-08,0,0,1,0,2016,0.08084124868900378,0
2016-06-09,0,0,1,0,2016,0.08178524709101115,0
2016-06-10,0,0,1,0,2016,0.08143943344802351,0
2016-06-11,0,0,1,0,2016,0.07533662842592452,0
2016-06-12,0,0,0,0,2016,0.08459466222054783,0
2016-06-13,1,0,0,0,2016,0.08367510050559296,0
2016-06-14,0,1,1,1,2016,0.206923425244998,0
2016-06-15,0,0,1,1,2016,0.09808349914646004,0
2016-06-16,0,0,1,1,2016,0.10695294361253121,0
2016-06-17,1,0,1,0,2016,0.10954095501709292,0
2016-06-18,0,1,2,1,2016,0.21588923290795015,0
2016-06-19,0,0,2,1,2016,0.1151869749715976,0
2016-06-20,0,0,2,1,2016,0.10725643774963022,0
2016-06-21,0,0,1,0,2016,0.12195901108779489,0
2016-06-22,1,0,1,0,2016,0.14090248570187025,0
2016-06-23,1,1,2,1,2016,0.35292980922480427,0
2016-06-24,1,1,3,2,2016,0.5183476296917845,1
2016-06-25,0,1,3,3,2016,0.5208612236699767,1
2016-06-26,1,0,3,2,2016,0.2741410135715252,0
2016-06-27,0,1,4,2,2016,0.40995467589156714,0
2016-06-28,0,0,4,1,2016,0.22838560148446677,0
2016-06-29,1,0,4,1,2016,0.1940752656196563,0
2016-06-30,0,1,4,1,2016,0.38799722625264454,0
2016-07-01,0,0,3,1,2016,0.2227049051979351,0
2016-07-02,1,0,2,1,2016,0.1972211975445261,0
2016-07-03,0,1,3,1,2016,0.5671812847383529,1
2016-07-04,1,0,2,1,2016,0.25998961489015177,0
2016-07-05,0,1,3,2,2016,0.6626534874091222,1
2016-07-06,1,0,3,1,2016,0.37774202581507627,0
2016-07-07,1,1,3,2,2016,0.5601158123652991,1
2016-07-08,1,1,4,2,2016,0.6476828627140133,1
2016-07-09,1,1,5,3,2016,0.8733535296269624,1
2016-07-10,1,1,5,3,2016,0.7542007204340088,1
2016-07-11,1,1,6,3,2016,0.7248161909107411,1
2016-07-12,1,1,6,3,2016,0.9484634695242292,1
2016-07-13,1,1,7,3,2016,0.9824616367994069,1
2016-07-14,1,1,7,3,2016,0.990905022496495,1
2016-07-15,1,1,7,3,2016,0.993196424113612,1
2016-07-16,0,1,7,3,2016,0.9490876329306831,1
2016-07-17,1,0,6,2,2016,0.8814263075007104,1
2016-07-18,1,1,6,2,2016,0.994107764131634,1
2016-07-19,1,1,6,2,2016,0.9938160838420361,1
2016-07-20,1,1,6,3,2016,0.9710787378184224,1
2016-07-21,1,1,6,3,2016,0.9866494107390117,1
2016-07-22,1,1,6,3,2016,0.9910608401606456,1
2016-07-23,1,1,6,3,2016,0.9917588022569223,1
2016-07-24,1,1,7,3,2016,0.9949296986622228,1
2016-07-25,1,1,7,3,2016,0.9760666126534773,1
2016-07-26,1,1,7,3,2016,0.937135085320931,1
2016-07-27,1,1,7,3,2016,0.9750526977350823,1
2016-07-28,1,1,7,3,2016,0.9574395501257882,1
2016-07-29,1,1,7,3,2016,0.9761724250716869,1
2016-07-30,1,1,7,3,2016,0.9432641280951054,1
2016-07-31,0,1,7,3,2016,0.95955809022619,1
2016-08-01,0,0,6,2,2016,0.726089744505898,1
2016-08-02,0,0,5,1,2016,0.6810482981125079,1
2016-08-03,0,0,4,0,2016,0.6573459780153009,1
2016-08-04,0,0,3,0,2016,0.6404163311240352,1
2016-08-05,1,0,2,0,2016,0.6038533959568169,1
2016-08-06,1,1,2,1,2016,0.8689708938249601,1
2016-08-07,1,1,2,2,2016,0.7752910229115978,1
2016-08-08,1,1,3,3,2016,0.8170754383190768,1
2016-08-09,1,0,3,2,2016,0.55119627572419,1
2016-08-10,1,1,5,3,2016,0.8139137662701056,1
2016-08-11,1,1,6,3,2016,0.8503310340253925,1
2016-08-12,1,1,7,3,2016,0.8610656257344639,1
2016-08-13,1,1,7,3,2016,0.7234329739925721,1
2016-08-14,1,1,7,3,2016,0.866507438150125,1
2016-08-15,1,1,7,3,2016,0.8480794536846888,1
2016-08-16,1,1,7,3,2016,0.8352792302502268,1
2016-08-17,0,1,7,3,2016,0.817920113646506,1
2016-08-18,0,0,6,2,2016,0.6508749367675183,1
2016-08-19,1,0,5,1,2016,0.6237482175770442,1
2016-08-20,0,1,5,1,2016,0.795594991888209,1
2016-08-21,0,0,4,1,2016,0.6067131105991055,1
2016-08-22,1,0,3,1,2016,0.5522286111209845,1
2016-08-23,1,1,3,1,2016,0.8428238912586112,1
2016-08-24,1,1,3,2,2016,0.7403301578619865,1
2016-08-25,1,1,4,3,2016,0.695905909271814,1
2016-08-26,0,1,5,3,2016,0.753444315141387,1
2016-08-27,0,0,4,2,2016,0.4686400604493377,0
2016-08-28,1,0,4,1,2016,0.34134934038002307,0
2016-08-29,1,1,5,1,2016,0.9145600052053346,1
2016-08-30,0,1,5,2,2016,0.7210344753565474,1
2016-08-31,1,0,4,2,2016,0.4929125267679734,0
2016-09-01,1,1,4,2,2016,0.7411589912812893,1
2016-09-02,1,1,4,2,2016,0.8033760181376043,1
2016-09-03,1,1,5,3,2016,0.7318048131213251,1
2016-09-04,1,1,6,3,2016,0.8319124894705074,1
2016-09-05,1,1,6,3,2016,0.7349854421505481,1
2016-09-06,1,1,6,3,2016,0.7586180224957852,1
2016-09-07,1,1,7,3,2016,0.7710354344774333,1
2016-09-08,1,1,7,3,2016,0.6392750801590723,1
2016-09-09,1,1,7,3,2016,0.780987541642206,1
2016-09-10,1,1,7,3,2016,0.9131515404215479,1
2016-09-11,0,1,7,3,2016,0.9290838982139517,1
2016-09-12,0,0,6,2,2016,0.6130243644702468,1
2016-09-13,1,0,5,1,2016,0.5544696365922112,1
2016-09-14,1,1,5,1,2016,0.796909641942787,1
2016-09-15,0,1,5,2,2016,0.8772365735958747,1
2016-09-16,0,0,4,2,2016,0.5645314918563513,1
2016-09-17,1,0,3,1,2016,0.45258346666433574,0
2016-09-18,1,1,3,1,2016,0.6236481987967206,1
2016-09-19,0,1,4,2,2016,0.5709784780232177,1
2016-09-20,0,0,4,2,2016,0.2923886861956111,0
2016-09-21,1,0,3,1,2016,0.2546158846575063,0
2016-09-22,0,1,3,1,2016,0.4200752689988479,0
2016-09-23,1,0,3,1,2016,0.19777923630757777,0
2016-09-24,0,1,4,2,2016,0.3238637181376363,0
2016-09-25,0,0,3,1,2016,0.1907611671477086,0
2016-09-26,0,0,2,1,2016,0.1553915343540213,0
2016-09-27,0,0,2,0,2016,0.1544419517865223,0
2016-09-28,0,0,2,0,2016,0.1409796964635911,0
2016-09-29,0,0,1,0,2016,0.12179811933029717,0
2016-09-30,1,0,1,0,2016,0.14846555474691878,0
2016-10-01,1,1,1,1,2016,0.8776756895720725,1
2016-10-02,0,1,2,2,2016,0.630616588711589,1
2016-10-03,1,0,2,2,2016,0.4414929618854441,0
2016-10-04,0,1,3,2,2016,0.7409596834325398,1
2016-10-05,0,0,3,1,2016,0.47916317474289377,0
2016-10-06,1,0,3,1,2016,0.4065339580568456,0
2016-10-07,1,1,4,1,2016,0.6381136838437904,1
2016-10-08,1,1,4,2,2016,0.6677475889483188,1
2016-10-09,1,1,4,3,2016,0.8273418513342756,1
2016-10-10,1,1,5,3,2016,0.5965987401598019,1
2016-10-11,1,1,5,3,2016,0.598357414947644,1
2016-10-12,0,1,6,3,2016,0.887321861803869,1
2016-10-13,0,0,6,2,2016,0.4405133820254534,0
2016-10-14,1,0,5,1,2016,0.4280085500050318,0
2016-10-15,0,1,5,1,2016,0.6019675510891258,1
2016-10-16,0,0,4,1,2016,0.40215610545747976,0
2016-10-17,0,0,3,1,2016,0.30968122312898017,0
2016-10-18,0,0,2,0,2016,0.3045560033501761,0
2016-10-19,0,0,1,0,2016,0.22087499802073063,0
2016-10-20,0,0,1,0,2016,0.19317168015944963,0
2016-10-21,0,0,1,0,2016,0.17723861804212798,0
2016-10-22,0,0,0,0,2016,0.15927759594564853,0
2016-10-23,0,0,0,0,2016,0.11954439269048443,0
2016-10-24,0,0,0,0,2016,0.07389448652033426,0
2016-10-25,0,0,0,0,2016,0.06978942207251825,0
2016-10-26,0,0,0,0,2016,0.05874406250808793,0
2016-10-27,0,0,0,0,2016,0.05354639928409602,0
2016-10-28,0,0,0,0,2016,0.04829721947779367,0
2016-10-29,0,0,0,0,2016,0.0445260801933342,0
2016-10-30,1,0,0,0,2016,0.033971106128127565,0
2016-10-31,0,1,1,1,2016,0.06257719358186956,0
2016-11-01,0,0,1,1,2016,0.029433376534430858,0
2016-11-02,0,0,1,1,2016,0.027838823327243436,0
2016-11-03,0,0,1,0,2016,0.03335769571819363,0
2016-11-04,0,0,1,0,2016,0.03480978827299975,0
2016-11-05,0,0,1,0,2016,0.05890588713162742,0
2016-11-06,0,0,1,0,2016,0.06119918440982748,0
2016-11-07,0,0,0,0,2016,0.057338614835880375,0
2016-11-08,0,0,0,0,2016,0.0621814075519022,0
2016-11-09,0,0,0,0,2016,0.0627237329374976,0
2016-11-10,0,0,0,0,2016,0.06372763078248798,0
2016-11-11,0,0,0,0,2016,0.062398225238895856,0
2016-11-12,0,0,0,0,2016,0.06738202070327802,0
2016-11-13,1,0,0,0,2016,0.05664529730399904,0
2016-11-14,1,1,1,1,2016,0.3532311369454859,0
2016-11-15,1,1,2,2,2016,0.3565754320160228,0
2016-11-16,0,1,3,3,2016,0.2946529921924955,0
2016-11-17,0,0,3,2,2016,0.11604486761247579,0
2016-11-18,0,0,3,1,2016,0.10162616458789611,0
2016-11-19,0,0,3,0,2016,0.11637481818744591,0
2016-11-20,0,0,3,0,2016,0.10817987276753677,0
2016-11-21,0,0,2,0,2016,0.05076173799915612,0
2016-11-22,0,0,1,0,2016,0.06734270634226423,0
2016-11-23,0,0,0,0,2016,0.057624649313985414,0
2016-11-24,0,0,0,0,2016,0.04413754432229853,0
2016-11-25,1,0,0,0,2016,0.04749040991998773,0
2016-11-26,0,1,1,1,2016,0.15956024113664746,0
2016-11-28,0,0,1,1,2016,0.058406609925065585,0
2016-11-30,0,0,1,0,2016,0.08732616205984232,0
2016-12-01,0,0,1,0,2016,0.108725530302885,0
2016-12-02,0,0,1,0,2016,0.06446341879939592,0
2016-12-03,0,0,0,0,2016,0.06050340450105022,0
2016-12-04,0,0,0,0,2016,0.07277745552355902,0
2016-12-05,0,0,0,0,2016,0.04220981638253713,0
2016-12-06,0,0,0,0,2016,0.04415600256564173,0
2016-12-07,0,0,0,0,2016,0.028417460574589267,0
2016-12-08,0,0,0,0,2016,0.02900064837017504,0
2016-12-09,0,0,0,0,2016,0.02819320258426457,0
2016-12-10,0,0,0,0,2016,0.026405017607463204,0
2016-12-11,0,0,0,0,2016,0.029911213485408497,0
2016-12-12,0,0,0,0,2016,0.030340236049251013,0
2016-12-13,0,0,0,0,2016,0.03055150704255242,0
2016-12-14,0,0,0,0,2016,0.030091570942383593,0
2016-12-15,0,0,0,0,2016,0.029562434273447603,0
2016-12-17,0,0,0,0,2016,0.044140015719795034,0
2016-12-18,0,0,0,0,2016,0.05200268774680545,0
2016-12-19,0,0,0,0,2016,0.03891331414231911,0
2016-12-20,0,0,0,0,2016,0.03877941142044202,0
2016-12-21,0,0,0,0,2016,0.041370972104016995,0
2016-12-23,0,0,0,0,2016,0.07341444617955374,0
2016-12-30,1,1,2,2,2016,0.21426782291358107,0
2016-12-31,0,1,3,3,2016,0.45977411611556734,0
2017-01-01,0,0,3,2,2017,0.09173840228856102,0
2017-01-02,0,0,3,1,2017,0.05389297720906945,0
2017-01-03,0,0,3,0,2017,0.051895809340841786,0
2017-01-04,0,0,3,0,2017,0.04998558907719443,0
2017-01-05,1,0,2,0,2017,0.03975398871769544,0
2017-01-06,1,1,2,1,2017,0.2127048987722234,0
2017-01-07,1,1,2,2,2017,0.17712716574038453,0
2017-01-08,1,1,3,3,2017,0.25838206542358516,0
2017-01-09,0,1,4,3,2017,0.3618080745632784,1
2017-01-10,0,0,4,2,2017,0.13732224120578598,0
2017-01-11,0,0,4,1,2017,0.09727490459219831,0
2017-01-12,1,0,4,0,2017,0.08285876450824409,0
2017-01-13,1,1,4,1,2017,0.1941974876687349,0
2017-01-14,1,1,4,2,2017,0.3000691453415032,0
2017-01-15,0,1,4,3,2017,0.24211393146975452,0
2017-01-16,1,0,3,2,2017,0.12085710881185299,0
2017-01-17,0,1,4,2,2017,0.3143403922801154,0
2017-01-18,0,0,4,1,2017,0.10239438393375912,0
2017-01-30,0,0,1,0,2017,0.12823150392929286,0
2017-01-31,0,0,1,0,2017,0.09638834853195351,0
2017-02-01,0,0,1,0,2017,0.07100772876360388,0
2017-02-02,0,0,1,0,2017,0.07171986187823629,0
2017-02-03,1,0,0,0,2017,0.07194775462533064,0
2017-02-04,0,1,1,1,2017,0.14825609690507688,0
2017-02-05,0,0,1,1,2017,0.08736465574613704,0
2017-02-06,0,0,1,1,2017,0.08979525880735195,0
2017-02-07,0,0,1,0,2017,0.08714607995218106,0
2017-02-08,0,0,1,0,2017,0.08280456420482145,0
2017-02-09,0,0,1,0,2017,0.08466699441132831,0
2017-02-10,0,0,1,0,2017,0.07236603288348453,0
2017-02-11,0,0,0,0,2017,0.07121245145778878,0
2017-02-12,0,0,0,0,2017,0.06871946852579137,0
2017-02-13,0,0,0,0,2017,0.06984259544799624,0
2017-02-14,0,0,0,0,2017,0.054689519708059464,0
2017-02-15,0,0,0,0,2017,0.052073120965641255,0
2017-02-16,0,0,0,0,2017,0.04928991597444983,0
2017-02-19,0,0,0,0,2017,0.06788852541176696,0
2017-02-20,0,0,0,0,2017,0.07257935420891827,0
2017-02-21,0,0,0,0,2017,0.062050859622039566,0
2017-02-22,0,0,0,0,2017,0.0666585288128218,0
2017-02-23,0,0,0,0,2017,0.05708156930200022,0
2017-02-24,0,0,0,0,2017,0.05755762623192247,0
2017-02-25,0,0,0,0,2017,0.053711993015824515,0
2017-02-26,0,0,0,0,2017,0.04553130718284342,0
2017-03-01,0,0,0,0,2017,0.09210063350555929,0
2017-03-02,0,0,0,0,2017,0.09887608748146558,0
2017-03-03,1,0,0,0,2017,0.10986553185730435,0
2017-03-04,0,1,1,1,2017,0.4275299714150779,1
2017-03-05,0,0,1,1,2017,0.11028569694670881,0
2017-03-06,0,0,1,1,2017,0.11020405641485025,0
2017-03-07,0,0,1,0,2017,0.08932117039122181,0
2017-03-08,0,0,1,0,2017,0.07057063172959567,0
2017-03-09,0,0,1,0,2017,0.07513259014096456,0
2017-03-10,0,0,1,0,2017,0.07940421704323306,0
2017-03-11,0,0,0,0,2017,0.07029673594174642,0
2017-03-12,0,0,0,0,2017,0.05802737928143531,0
2017-03-13,0,0,0,0,2017,0.07596624064928947,0
2017-03-14,0,0,0,0,2017,0.07364865221689858,0
2017-03-15,0,0,0,0,2017,0.06241841671526573,0
2017-03-16,0,0,0,0,2017,0.0756232738475,0
2017-03-17,1,0,0,0,2017,0.07351654049126975,0
2017-03-18,0,1,1,1,2017,0.17621970563347653,0
2017-03-19,0,0,1,1,2017,0.09365401329122015,0
2017-03-20,0,0,1,1,2017,0.07187429137704965,0
2017-03-21,0,0,1,0,2017,0.05757076301798101,0
2017-03-22,0,0,1,0,2017,0.05506004472968385,0
2017-03-23,0,0,1,0,2017,0.044780429560807807,0
2017-03-24,0,0,1,0,2017,0.0563882746818966,0
2017-03-25,0,0,0,0,2017,0.07624710048761568,0
2017-03-26,0,0,0,0,2017,0.08926439454919355,0
2017-03-27,0,0,0,0,2017,0.07154158276804162,0
2017-03-28,0,0,0,0,2017,0.08544269429922671,0
2017-03-29,0,0,0,0,2017,0.10262389756465232,0
2017-03-30,0,0,0,0,2017,0.08246410780915907,0
2017-03-31,0,0,0,0,2017,0.05827838508822892,0
2017-04-01,0,0,0,0,2017,0.0694112781080349,0
2017-04-02,0,0,0,0,2017,0.08968007383000053,0
2017-04-03,0,0,0,0,2017,0.08747526674633001,0
2017-04-04,0,0,0,0,2017,0.08955056831665076,0
2017-04-05,0,0,0,0,2017,0.10159127970738509,0
2017-04-06,0,0,0,0,2017,0.1101611812094555,0
2017-04-07,0,0,0,0,2017,0.10732168873133842,0
2017-04-08,0,0,0,0,2017,0.09283477875184179,0
2017-04-09,0,0,0,0,2017,0.1202884016850659,0
2017-04-10,0,0,0,0,2017,0.09849472299943254,0
2017-04-11,0,0,0,0,2017,0.09466890208723022,0
2017-04-12,0,0,0,0,2017,0.077764745857127,0
2017-04-13,0,0,0,0,2017,0.0875809050946111,0
2017-04-14,0,0,0,0,2017,0.09364215355834242,0
2017-04-15,0,0,0,0,2017,0.10779713766779699,0
2017-04-16,0,0,0,0,2017,0.10663802647795594,0
2017-04-17,0,0,0,0,2017,0.07871174624070136,0
2017-04-18,0,0,0,0,2017,0.07655053914007984,0
2017-04-19,0,0,0,0,2017,0.06504531351109824,0
2017-04-20,0,0,0,0,2017,0.06515347690316102,0
2017-04-21,0,0,0,0,2017,0.07402398373301311,0
2017-04-22,0,0,0,0,2017,0.07335599986151099,0
2017-04-23,0,0,0,0,2017,0.07030849177591773,0
2017-04-24,0,0,0,0,2017,0.07027558037646137,0
2017-04-26,0,0,0,0,2017,0.08706716446956426,0
2017-04-27,0,0,0,0,2017,0.07823852081715432,0
2017-04-28,0,0,0,0,2017,0.0714625054922487,0
2017-04-29,0,0,0,0,2017,0.08362380938109956,0
2017-04-30,0,0,0,0,2017,0.1215073575036089,0
2017-05-01,0,0,0,0,2017,0.1447856149715144,0
2017-05-02,1,0,0,0,2017,0.14147151406505848,0
2017-05-03,0,1,1,1,2017,0.2668493144560898,0
2017-05-04,0,0,1,1,2017,0.12459093581001839,0
2017-05-05,1,0,1,1,2017,0.11818631674276484,0
2017-05-06,1,1,2,1,2017,0.33091084648324404,1
2017-05-08,0,1,3,2,2017,0.1907924709520059,0
2017-05-09,0,0,3,1,2017,0.21390567100029778,0
2017-05-10,1,0,2,0,2017,0.2660563869984346,0
2017-05-11,0,1,3,1,2017,0.44257811875557773,1
2017-05-12,0,0,3,1,2017,0.29224161152215994,0
2017-05-13,0,0,2,1,2017,0.3094365465711247,0
2017-05-14,0,0,1,0,2017,0.33020334303049914,1
2017-05-15,0,0,1,0,2017,0.2206172481612591,0
2017-05-16,0,0,1,0,2017,0.21783702611419434,0
2017-05-17,0,0,1,0,2017,0.18041025242929093,0
2017-05-18,1,0,0,0,2017,0.2081358014742918,0
2017-05-19,1,1,1,1,2017,0.39771447759742246,1
2017-05-20,0,1,2,2,2017,0.458856114907142,1
2017-05-21,1,0,2,2,2017,0.272403783417481,0
2017-05-22,0,1,3,2,2017,0.3876966299701577,1
2017-05-23,0,0,3,1,2017,0.225544219312002,0
2017-05-24,1,0,3,1,2017,0.20136417589040526,0
2017-05-25,0,1,4,1,2017,0.3838063400998353,1
2017-05-26,0,0,3,1,2017,0.19841598665351454,0
2017-05-27,0,0,2,1,2017,0.2001493055845785,0
2017-05-28,1,0,2,0,2017,0.1969108460130936,0
2017-05-29,1,1,2,1,2017,0.43668258039080576,1
2017-05-30,1,1,3,2,2017,0.41413720340813376,1
2017-05-31,0,1,4,3,2017,0.4389073338941286,1
2017-06-01,1,0,3,2,2017,0.26539951153760943,0
2017-06-02,0,1,4,2,2017,0.5240270662871397,1
2017-06-03,1,0,4,1,2017,0.26466852250518347,0
2017-06-04,1,1,5,2,2017,0.43182115073199445,1
2017-06-05,0,1,5,2,2017,0.8113359839317211,1
2017-06-06,0,0,4,2,2017,0.3168010746473977,1
2017-06-07,1,0,3,1,2017,0.3038044029366187,0
2017-06-08,1,1,4,1,2017,0.41862452485958085,1
2017-06-09,0,1,4,2,2017,0.6228132806899048,1
2017-06-10,1,0,4,2,2017,0.3533727764414142,1
2017-06-11,0,1,4,2,2017,0.5635575549959518,1
2017-06-12,1,0,3,1,2017,0.2459802747732738,0
2017-06-13,0,1,4,2,2017,0.4228267045969965,1
2017-06-14,1,0,4,1,2017,0.24524248416571154,0
2017-06-15,1,1,4,2,2017,0.44318152291056795,1
2017-06-16,1,1,4,2,2017,0.9041757182037526,1
2017-06-17,1,1,5,3,2017,0.7199937918296961,1
2017-06-18,1,0,4,2,2017,0.4092522483707092,1
2017-06-19,0,0,5,2,2017,0.37025938248921886,1
2017-06-20,1,0,5,2,2017,0.37714065610490444,1
2017-06-21,0,1,6,2,2017,0.558312975262986,1
2017-06-22,0,0,5,1,2017,0.4304959805038077,1
2017-06-23,1,0,4,1,2017,0.31485899860728533,0
2017-06-24,0,1,4,1,2017,0.4982235598404216,1
2017-06-25,1,0,3,1,2017,0.348458464770821,1
2017-06-26,0,1,3,2,2017,0.5141960784938386,1
2017-06-27,0,0,3,1,2017,0.3032833568031015,0
2017-06-28,0,0,2,1,2017,0.2942315234697848,0
2017-06-29,0,0,2,0,2017,0.264771448232882,0
2017-06-30,1,0,2,0,2017,0.249587722502251,0
2017-07-01,0,1,2,1,2017,0.5616939300503697,1
2017-07-02,0,0,2,1,2017,0.29093145627693784,0
2017-07-03,1,0,1,1,2017,0.26953741446321905,0
2017-07-04,0,1,2,1,2017,0.730603499876069,1
2017-07-05,1,0,2,1,2017,0.3042227756294965,0
2017-07-06,1,1,3,2,2017,0.5148815562866403,1
2017-07-07,1,1,4,2,2017,0.6665587234478465,1
2017-07-08,1,1,4,3,2017,0.7000696497227434,1
2017-07-09,1,1,5,3,2017,0.6852801597645937,1
2017-07-10,1,0,5,2,2017,0.37809893710668846,1
2017-07-11,1,1,6,3,2017,0.8176869681435286,1
2017-07-12,0,1,7,3,2017,0.6412345134565396,1
2017-07-13,0,0,6,2,2017,0.41468425921992974,1
2017-07-14,1,0,5,1,2017,0.3608678378743211,1
2017-07-15,0,1,5,1,2017,0.6392926728946003,1
2017-07-16,1,0,4,1,2017,0.4077162002244514,1
2017-07-17,1,1,4,2,2017,0.7208973754912761,1
2017-07-18,1,1,4,2,2017,0.7321839174460528,1
2017-07-19,1,1,4,3,2017,0.7814280675219197,1
2017-07-20,1,1,5,3,2017,0.7916234046234825,1
2017-07-21,1,1,6,3,2017,0.7908355456564702,1
2017-07-22,1,1,6,3,2017,0.7045034527253553,1
2017-07-23,0,1,7,3,2017,0.7045325840826571,1
2017-07-24,0,0,6,2,2017,0.4561348737517817,1
2017-07-25,1,0,5,1,2017,0.49912409223628323,1
2017-07-26,1,1,5,1,2017,0.8478762042043657,1
2017-07-27,1,1,5,2,2017,0.764373146227646,1
2017-07-28,1,1,5,3,2017,0.9016101752014967,1
2017-07-29,1,1,5,3,2017,0.9669295418154346,1
2017-07-30,1,1,5,3,2017,0.9435098381172439,1
2017-07-31,1,1,6,3,2017,0.943410098803155,1
2017-08-01,1,1,7,3,2017,0.9516499052401781,1
2017-08-02,1,1,7,3,2017,0.9403314096963599,1
2017-08-03,1,1,7,3,2017,0.9427017895969725,1
2017-08-04,1,1,7,3,2017,0.9759531149046262,1
2017-08-05,1,1,7,3,2017,0.9818921303029857,1
2017-08-06,1,1,7,3,2017,0.9922903671944185,1
2017-08-07,1,1,7,3,2017,0.9915974467102194,1
2017-08-08,1,1,7,3,2017,0.9816474460573638,1
2017-08-09,1,1,7,3,2017,0.9784040844571245,1
2017-08-10,1,1,7,3,2017,0.9733451320724741,1
2017-08-11,1,1,7,3,2017,0.9811819683804621,1
2017-08-12,1,1,7,3,2017,0.9890646867075812,1
2017-08-13,1,1,7,3,2017,0.9880315740849742,1
2017-08-14,1,1,7,3,2017,0.9802942731579877,1
2017-08-15,1,1,7,3,2017,0.9909450019270392,1
2017-08-16,1,1,7,3,2017,0.9935244793771231,1
2017-08-17,1,1,7,3,2017,0.9841728141107922,1
2017-08-18,1,1,7,3,2017,0.9890404166981375,1
2017-08-19,1,1,7,3,2017,0.9981781702440936,1
2017-08-20,1,1,7,3,2017,0.9984681768182833,1
2017-08-21,1,1,7,3,2017,0.9977095609314207,1
2017-08-22,1,1,7,3,2017,0.9975544966961604,1
2017-08-23,1,1,7,3,2017,0.9983298059288025,1
2017-08-24,1,1,7,3,2017,0.998423598755821,1
2017-08-25,1,1,7,3,2017,0.9986140670905169,1
2017-08-26,1,1,7,3,2017,0.9984781669973272,1
2017-08-27,1,1,7,3,2017,0.9973614483267111,1
2017-08-28,1,1,7,3,2017,0.9917019627733755,1
2017-08-29,1,1,7,3,2017,0.996512749681211,1
2017-08-30,1,1,7,3,2017,0.9961253135035705,1
2017-08-31,1,1,7,3,2017,0.9885593191016853,1
2017-09-01,1,1,7,3,2017,0.9855639866763228,1
2017-09-02,1,1,7,3,2017,0.980155168280548,1
2017-09-03,1,1,7,3,2017,0.9824780683921069,1
2017-09-04,1,1,7,3,2017,0.9860223499801479,1
2017-09-05,1,1,7,3,2017,0.9672045600820259,1
2017-09-06,1,1,7,3,2017,0.8998613277462201,1
2017-09-07,1,1,7,3,2017,0.8984577557699768,1
2017-09-08,1,1,7,3,2017,0.960731556106816,1
2017-09-09,1,1,7,3,2017,0.9583704386436527,1
2017-09-10,1,1,7,3,2017,0.9467017897963937,1
2017-09-11,1,1,7,3,2017,0.9588702036845621,1
2017-09-12,1,1,7,3,2017,0.9768695976734265,1
2017-09-13,1,1,7,3,2017,0.9888083967990536,1
2017-09-14,1,1,7,3,2017,0.9895694979205215,1
2017-09-15,1,1,7,3,2017,0.9927578742947896,1
2017-09-16,1,1,7,3,2017,0.9900299898251659,1
2017-09-17,1,1,7,3,2017,0.9195058839691046,1
2017-09-18,1,1,7,3,2017,0.9802398117356977,1
2017-09-19,1,1,7,3,2017,0.9829822832985559,1
2017-09-20,1,1,7,3,2017,0.9569806999338244,1
2017-09-21,1,1,7,3,2017,0.9406252528611186,1
2017-09-22,1,1,7,3,2017,0.9385780650076011,1
2017-09-23,1,1,7,3,2017,0.9718620122861317,1
2017-09-24,0,1,7,3,2017,0.9742409019096351,1
2017-09-25,0,0,6,2,2017,0.6553441840733756,1
2017-09-26,1,0,5,1,2017,0.5995113883773933,1
2017-09-27,1,1,5,1,2017,0.8936800273154434,1
2017-09-28,1,1,5,2,2017,0.8614558131592612,1
2017-09-29,1,1,5,3,2017,0.8268566686300398,1
2017-09-30,1,1,5,3,2017,0.778117697001549,1
2017-10-01,1,1,5,3,2017,0.6627338141264688,1
2017-10-02,1,1,6,3,2017,0.85225335282772,1
2017-10-03,1,1,7,3,2017,0.8273907232990454,1
2017-10-04,0,1,7,3,2017,0.6962620385925575,1
2017-10-05,1,0,6,2,2017,0.3733880393807232,1
2017-10-06,0,1,6,2,2017,0.6749952752777544,1
2017-10-07,1,0,5,1,2017,0.392908389163812,1
2017-10-08,1,1,5,2,2017,0.8470597675350586,1
2017-10-09,1,1,5,2,2017,0.8028842106439905,1
2017-10-10,1,1,5,3,2017,0.8826692622540979,1
2017-10-11,1,1,5,3,2017,0.9865310141958923,1
2017-10-12,1,1,6,3,2017,0.9808854909020405,1
2017-10-13,1,1,6,3,2017,0.9866091029711375,1
2017-10-14,1,1,7,3,2017,0.9776304329163733,1
2017-10-15,1,1,7,3,2017,0.992225217211196,1
2017-10-16,1,1,7,3,2017,0.9831747210304878,1
2017-10-17,1,1,7,3,2017,0.9719967058415389,1
2017-10-18,1,1,7,3,2017,0.9723780233263704,1
2017-10-19,1,1,7,3,2017,0.955510811351605,1
2017-10-20,1,1,7,3,2017,0.8549331112682372,1
2017-10-21,0,1,7,3,2017,0.9507182935324373,1
2017-10-22,1,0,6,2,2017,0.718817616373892,1
2017-10-23,1,1,6,2,2017,0.8618661160732249,1
2017-10-24,1,1,6,2,2017,0.9722400403713435,1
2017-10-25,1,1,6,3,2017,0.9929693242967337,1
2017-10-26,1,1,6,3,2017,0.9948616197071928,1
2017-10-27,1,1,6,3,2017,0.9929755703224808,1
2017-10-28,1,1,6,3,2017,0.9961952437670544,1
2017-10-29,1,1,7,3,2017,0.9959347087780791,1
2017-10-30,1,1,7,3,2017,0.9942088733732465,1
2017-10-31,1,1,7,3,2017,0.9547592362364772,1
2017-11-01,1,1,7,3,2017,0.9558051496447089,1
2017-11-02,1,1,7,3,2017,0.9641764297708674,1
2017-11-03,1,1,7,3,2017,0.9684682010432893,1
2017-11-04,1,1,7,3,2017,0.9389483718758547,1
2017-11-05,0,1,7,3,2017,0.9297268789256672,1
2017-11-06,0,0,6,2,2017,0.6119664381195903,1
2017-11-07,0,0,5,1,2017,0.5569108126924249,1
2017-11-08,0,0,4,0,2017,0.48392887220785386,1
2017-11-09,0,0,3,0,2017,0.46340007542370787,1
2017-11-10,0,0,2,0,2017,0.4308954854961889,1
2017-11-11,0,0,1,0,2017,0.4298548904420809,1
2017-11-12,1,0,0,0,2017,0.34440445266631203,1
2017-11-13,0,1,1,1,2017,0.48486761151612773,1
2017-11-14,0,0,1,1,2017,0.22666954260756111,0
2017-11-15,0,0,1,1,2017,0.20665679483697902,0
2017-11-16,0,0,1,0,2017,0.17565392144373884,0
2017-11-17,0,0,1,0,2017,0.15774301554337766,0
2017-11-18,0,0,1,0,2017,0.1594610046360452,0
2017-11-19,0,0,1,0,2017,0.12655055251524086,0
2017-11-20,0,0,0,0,2017,0.09399497033756446,0
2017-11-21,1,0,0,0,2017,0.09204678637474817,0
2017-11-22,0,1,1,1,2017,0.34481272825804227,1
2017-11-23,0,0,1,1,2017,0.11658635368425967,0
2017-11-24,1,0,1,1,2017,0.10386693203641287,0
2017-11-25,0,1,2,1,2017,0.6918652630752153,1
2017-11-26,1,0,2,1,2017,0.1977209508691097,0
2017-11-27,0,1,3,2,2017,0.47473707244187846,1
2017-11-28,0,0,3,1,2017,0.1498923611257057,0
2017-11-29,1,0,2,1,2017,0.1519612906047535,0
2017-11-30,0,1,3,1,2017,0.5570937598044392,1
2017-12-01,0,0,3,1,2017,0.14512205593458524,0
2017-12-02,0,0,2,1,2017,0.14155008534127517,0
2017-12-03,1,0,2,0,2017,0.105039364147839,0
2017-12-04,1,1,2,1,2017,0.15401887859505556,0
2017-12-05,1,1,3,2,2017,0.1676956753488275,0
2017-12-06,0,1,4,3,2017,0.4021714001808391,1
2017-12-07,1,0,3,2,2017,0.06088372705408646,0
2017-12-08,1,1,4,2,2017,0.6881654488741509,1
2017-12-09,1,1,5,2,2017,0.504867367094797,1
2017-12-10,1,1,6,3,2017,0.4149465670100111,1
2017-12-11,0,1,6,3,2017,0.6615047272670853,1
2017-12-12,0,0,5,2,2017,0.19231653331220383,0
2017-12-13,0,0,4,1,2017,0.17918953113060246,0
2017-12-14,0,0,4,0,2017,0.14715622440711715,0
2017-12-15,0,0,3,0,2017,0.09679357460927032,0
2017-12-16,0,0,2,0,2017,0.13713997340481512,0
2017-12-17,0,0,1,0,2017,0.12342000123324542,0
2017-12-18,0,0,0,0,2017,0.05829962545668008,0
2017-12-19,1,0,0,0,2017,0.05422089619234799,0
2017-12-20,1,1,1,1,2017,0.11077885961057855,0
2017-12-21,0,1,2,2,2017,0.1886689826229669,0
2017-12-22,1,0,2,2,2017,0.07021424764103044,0
2017-12-23,1,1,3,2,2017,0.2112991548892445,0
2017-12-24,1,1,4,2,2017,0.854580040613251,1
2017-12-26,1,1,5,2,2017,0.2035827574425824,0
2017-12-27,1,1,5,2,2017,0.9006940681165381,1
2017-12-28,1,1,5,2,2017,0.9402449575405498,1
2017-12-29,0,1,6,3,2017,0.9066499044815887,1
2017-12-30,1,0,5,2,2017,0.4091313398022731,1
2017-12-31,1,1,5,2,2017,0.8054508372157247,1
2018-01-01,1,1,5,2,2018,0.911973648335157,1
2018-01-02,1,1,6,3,2018,0.9293913032282098,1
2018-01-03,1,1,6,3,2018,0.9410489552945003,1
2018-01-04,1,1,6,3,2018,0.9303944068118918,1
2018-01-05,1,1,6,3,2018,0.8957671062908847,1
2018-01-06,1,1,7,3,2018,0.8775936586891252,1
2018-01-07,1,1,7,3,2018,0.9217042122753444,1
2018-01-08,1,1,7,3,2018,0.9660928573139824,1
2018-01-11,0,1,5,1,2018,0.517740287045516,1
2018-01-12,0,0,4,0,2018,0.46495833004524095,1
2018-01-13,1,0,3,0,2018,0.5229607978165123,1
2018-01-14,1,1,3,1,2018,0.7620175118183048,1
2018-01-15,0,1,3,2,2018,0.817616498131379,1
2018-01-16,0,0,2,2,2018,0.28726434539085854,0
2018-01-17,0,0,2,1,2018,0.17441888233044503,0
2018-01-18,0,0,2,0,2018,0.1394362450147859,0
2018-01-19,0,0,2,0,2018,0.10402139555098329,0
2018-01-21,0,0,1,0,2018,0.14815236014646563,0
2018-01-22,0,0,0,0,2018,0.08187582293350777,0
2018-01-23,0,0,0,0,2018,0.06621618904899117,0
2018-01-24,0,0,0,0,2018,0.0671521562832476,0
2018-01-25,0,0,0,0,2018,0.0563004012208436,0
2018-01-26,0,0,0,0,2018,0.0763861479505474,0
2018-01-27,1,0,0,0,2018,0.11239117042699422,0
2018-01-28,0,1,1,1,2018,0.16725117057876931,0
2018-01-29,0,0,1,1,2018,0.08882991023544123,0
2018-01-30,0,0,1,1,2018,0.08008919956892137,0
2018-01-31,0,0,1,0,2018,0.07933227170532951,0
2018-02-01,0,0,1,0,2018,0.08103497351899482,0
2018-02-02,0,0,1,0,2018,0.07371048443894969,0
2018-02-03,0,0,1,0,2018,0.07329376800130857,0
2018-02-04,0,0,0,0,2018,0.07847122018476554,0
2018-02-05,0,0,0,0,2018,0.06223426372205616,0
2018-02-06,0,0,0,0,2018,0.051528274757200274,0
2018-02-07,0,0,0,0,2018,0.035475069427356926,0
2018-02-08,0,0,0,0,2018,0.025525118744678242,0
2018-02-09,0,0,0,0,2018,0.02540427905982481,0
2018-02-10,0,0,0,0,2018,0.027185242048011517,0
2018-02-11,0,0,0,0,2018,0.027073481821117205,0
2018-02-12,0,0,0,0,2018,0.01989103334445654,0
2018-02-13,0,0,0,0,2018,0.01850446013648357,0
2018-02-14,0,0,0,0,2018,0.022349483154472372,0
2018-02-15,0,0,0,0,2018,0.02015907241417579,0
2018-02-16,0,0,0,0,2018,0.023274521395286494,0
2018-02-17,0,0,0,0,2018,0.02575010522698935,0
2018-02-18,1,0,0,0,2018,0.029355945460314656,0
2018-02-19,0,1,1,1,2018,0.14725943288338447,0
2018-02-20,0,0,1,1,2018,0.057175653389132074,0
2018-02-21,0,0,1,1,2018,0.06112543375710815,0
2018-02-22,0,0,1,0,2018,0.059982016272245385,0
2018-02-24,0,0,1,0,2018,0.08021985081149409,0
2018-02-25,1,0,1,0,2018,0.08398387424875756,0
2018-02-26,0,1,1,1,2018,0.1841607819260038,0
2018-02-28,0,0,1,1,2018,0.12340276664581883,0
2018-03-01,0,0,1,0,2018,0.13536747497404308,0
2018-03-02,0,0,1,0,2018,0.17887769921768615,0
2018-03-03,0,0,1,0,2018,0.13690324247978783,0
2018-03-04,0,0,1,0,2018,0.10264143514729615,0
2018-03-05,0,0,0,0,2018,0.09428879472972311,0
2018-03-06,0,0,0,0,2018,0.08880514967872866,0
2018-03-07,0,0,0,0,2018,0.059019228654339305,0
2018-03-08,0,0,0,0,2018,0.05603287807397627,0
2018-03-09,0,0,0,0,2018,0.04361700021419976,0
2018-03-10,0,0,0,0,2018,0.05224051864718465,0
2018-03-11,0,0,0,0,2018,0.05455056599908577,0
2018-03-12,0,0,0,0,2018,0.036952004521337865,0
2018-03-13,0,0,0,0,2018,0.04165761017888028,0
2018-03-14,0,0,0,0,2018,0.03644319101441094,0
2018-03-15,0,0,0,0,2018,0.02889902355603158,0
2018-03-16,0,0,0,0,2018,0.03431856834810038,0
2018-03-17,0,0,0,0,2018,0.035280037551440276,0
2018-03-18,0,0,0,0,2018,0.036697156678826254,0
2018-03-19,0,0,0,0,2018,0.038176115158542294,0
2018-03-20,0,0,0,0,2018,0.03893932521060249,0
2018-03-21,0,0,0,0,2018,0.03856906073154804,0
2018-03-22,0,0,0,0,2018,0.04165671665346663,0
2018-03-23,0,0,0,0,2018,0.0327088705723452,0
2018-03-24,0,0,0,0,2018,0.039668779075855316,0
2018-03-25,0,0,0,0,2018,0.03628097872393651,0
2018-03-26,0,0,0,0,2018,0.029630620800651424,0
2018-03-27,0,0,0,0,2018,0.03347578025181629,0
2018-03-28,0,0,0,0,2018,0.036329134765844574,0
2018-03-29,0,0,0,0,2018,0.043478987546508446,0
2018-03-30,0,0,0,0,2018,0.04085153188471036,0
2018-03-31,0,0,0,0,2018,0.0669924219143895,0
2018-04-01,0,0,0,0,2018,0.05838966042184261,0
2018-04-02,0,0,0,0,2018,0.05377194201241027,0
2018-04-03,0,0,0,0,2018,0.05180433937943677,0
2018-04-04,1,0,0,0,2018,0.0567036706053451,0
2018-04-05,0,1,1,1,2018,0.12776690557835818,0
2018-04-06,0,0,1,1,2018,0.0715727128562482,0
2018-04-07,0,0,1,1,2018,0.05652152014370013,0
2018-04-08,0,0,1,0,2018,0.037451983861455915,0
2018-04-09,0,0,1,0,2018,0.046811394182254606,0
2018-04-10,0,0,1,0,2018,0.04133814969073604,0
2018-04-11,0,0,1,0,2018,0.04023924600847617,0
2018-04-13,0,0,0,0,2018,0.041759277848785775,0
2018-04-14,0,0,0,0,2018,0.06740316861603393,0
2018-04-15,0,0,0,0,2018,0.06988541285504944,0
2018-04-16,0,0,0,0,2018,0.05400353608711534,0
2018-04-17,0,0,0,0,2018,0.05747711169699194,0
2018-04-18,0,0,0,0,2018,0.07415956092217492,0
2018-04-19,0,0,0,0,2018,0.050421879121217095,0
2018-04-20,0,0,0,0,2018,0.04539243883223214,0
2018-04-21,0,0,0,0,2018,0.06896491579230545,0
2018-04-22,0,0,0,0,2018,0.052959876581856746,0
2018-04-23,0,0,0,0,2018,0.08400895220546246,0
2018-04-24,0,0,0,0,2018,0.07672648524121568,0
2018-04-25,0,0,0,0,2018,0.07605196977767231,0
2018-04-26,0,0,0,0,2018,0.0798826583927167,0
2018-04-27,0,0,0,0,2018,0.06751648690176418,0
2018-04-28,1,0,0,0,2018,0.09921396982263186,0
2018-04-29,0,1,1,1,2018,0.3993491081831649,1
2018-04-30,0,0,1,1,2018,0.16547212728534058,0
2018-05-01,0,0,1,1,2018,0.13576468232985156,0
2018-05-02,0,0,1,0,2018,0.1481769627199043,0
2018-05-03,0,0,1,0,2018,0.1383874428259846,0
2018-05-04,1,0,1,0,2018,0.1657590245304168,0
2018-05-05,0,1,2,1,2018,0.2754188405766716,0
2018-05-06,0,0,1,1,2018,0.1517637838428639,0
2018-05-07,0,0,1,1,2018,0.11849401913083792,0
2018-05-08,0,0,1,0,2018,0.12311658487292268,0
2018-05-09,0,0,1,0,2018,0.1312739834169894,0
2018-05-10,0,0,1,0,2018,0.12261510975100663,0
2018-05-11,0,0,1,0,2018,0.1192683753712205,0
2018-05-12,0,0,0,0,2018,0.16194233439807798,0
2018-05-13,0,0,0,0,2018,0.13339675846358903,0
2018-05-14,0,0,0,0,2018,0.09555893727464573,0
2018-05-15,0,0,0,0,2018,0.08930059623345848,0
2018-05-16,0,0,0,0,2018,0.1027688323403538,0
2018-05-17,0,0,0,0,2018,0.09511800095281053,0
2018-05-18,0,0,0,0,2018,0.0989068808607945,0
2018-05-19,0,0,0,0,2018,0.10606140361409293,0
2018-05-20,0,0,0,0,2018,0.10371381494589417,0
2018-05-21,0,0,0,0,2018,0.08633636853212512,0
2018-05-22,0,0,0,0,2018,0.09298885723402632,0
2018-05-23,0,0,0,0,2018,0.09087961397412787,0
2018-05-24,0,0,0,0,2018,0.10658378660504346,0
2018-05-25,0,0,0,0,2018,0.08718176117143143,0
2018-05-26,0,0,0,0,2018,0.1287523451183568,0
2018-05-27,0,0,0,0,2018,0.12593832411004552,0
2018-05-28,0,0,0,0,2018,0.11894847751955409,0
2018-05-29,0,0,0,0,2018,0.114080389206245,0
2018-05-30,0,0,0,0,2018,0.09663198149586799,0
2018-05-31,0,0,0,0,2018,0.07850358279089502,0
2018-06-01,0,0,0,0,2018,0.0886976663076497,0
2018-06-02,0,0,0,0,2018,0.08414519225873861,0
2018-06-03,0,0,0,0,2018,0.07291470064245702,0
2018-06-04,0,0,0,0,2018,0.06218594819422354,0
2018-06-05,0,0,0,0,2018,0.06011163757468692,0
2018-06-06,1,0,0,0,2018,0.07051866332431635,0
2018-06-07,0,1,1,1,2018,0.1382718803793686,0
2018-06-08,0,0,1,1,2018,0.09273321276677357,0
2018-06-09,1,0,1,1,2018,0.0963234760046766,0
2018-06-10,0,1,2,1,2018,0.24281794170661264,0
2018-06-11,1,0,2,1,2018,0.1355914211460684,0
2018-06-12,0,1,3,2,2018,0.30496626902377927,0
2018-06-13,0,0,3,1,2018,0.15557006787205152,0
2018-06-14,0,0,2,1,2018,0.1603298763375605,0
2018-06-15,1,0,2,0,2018,0.14266968910727973,0
2018-06-16,1,1,3,1,2018,0.4486152642556596,1
2018-06-17,1,1,3,2,2018,0.7698259487415109,1
2018-06-18,0,1,4,3,2018,0.6987505698631351,1
2018-06-19,1,0,3,2,2018,0.4019735308197345,1
2018-06-20,0,1,4,2,2018,0.533598355542229,1
2018-06-21,0,0,4,1,2018,0.36390517287551705,1
2018-06-22,0,0,4,1,2018,0.3761199040759951,1
2018-06-23,1,0,3,0,2018,0.38763571512027034,1
2018-06-24,0,1,3,1,2018,0.5823602834868863,1
2018-06-25,0,0,2,1,2018,0.3314261484261019,0
2018-06-26,0,0,2,1,2018,0.23221885367738232,0
2018-06-27,1,0,1,0,2018,0.2698722181130141,0
2018-06-28,1,1,2,1,2018,0.44291977955174006,1
2018-06-29,1,1,3,2,2018,0.7102173535804618,1
2018-06-30,0,1,4,3,2018,0.6879242428488856,1
2018-07-01,0,0,3,2,2018,0.5059337740718863,1
2018-07-02,1,0,3,1,2018,0.32924728401921083,0
2018-07-03,1,1,4,1,2018,0.5241660648104695,1
2018-07-04,1,1,5,2,2018,0.6457229253326074,1
2018-07-05,1,1,5,3,2018,0.6166031462443169,1
2018-07-06,1,1,5,3,2018,0.5838966727791725,1
2018-07-07,1,1,5,3,2018,0.679608181678771,1
2018-07-08,1,1,6,3,2018,0.6950239531473088,1
2018-07-09,0,1,7,3,2018,0.6607594609422474,1
2018-07-10,0,0,6,2,2018,0.40293567371276656,1
2018-07-11,1,0,5,1,2018,0.3290129009168221,0
2018-07-12,1,1,5,1,2018,0.5808006839995998,1
2018-07-13,0,1,5,2,2018,0.540561355419741,1
2018-07-14,0,0,4,2,2018,0.40228637926206884,1
2018-07-15,0,0,3,1,2018,0.3769742885590428,1
2018-07-16,1,0,2,0,2018,0.2831587576343389,0
2018-07-17,1,1,3,1,2018,0.714313652996567,1
2018-07-18,1,1,4,2,2018,0.8545817329520352,1
2018-07-19,1,1,4,3,2018,0.7836924722392462,1
2018-07-20,1,1,4,3,2018,0.8450916758101813,1
2018-07-21,1,1,5,3,2018,0.8363049559520397,1
2018-07-22,1,1,6,3,2018,0.7132659166376716,1
2018-07-23,1,1,7,3,2018,0.6039124121017952,1
2018-07-24,1,1,7,3,2018,0.6737153188524946,1
2018-07-25,1,1,7,3,2018,0.7456139089895613,1
2018-07-26,1,1,7,3,2018,0.6886283749492152,1
2018-07-27,0,1,7,3,2018,0.6429558777504045,1
2018-07-28,1,0,6,2,2018,0.5170965459415862,1
2018-07-29,0,1,6,2,2018,0.6584980724487354,1
2018-07-30,1,0,5,1,2018,0.45092996654419293,1
2018-07-31,1,1,5,2,2018,0.6039066868490608,1
2018-08-01,0,1,5,2,2018,0.6075773607376126,1
2018-08-02,0,0,4,2,2018,0.4469521966709795,1
2018-08-03,1,0,3,1,2018,0.4160310869628409,1
2018-08-04,0,1,4,1,2018,0.5209542430897922,1
2018-08-05,1,0,3,1,2018,0.3664276761235936,1
2018-08-06,1,1,4,2,2018,0.4653782403340971,1
2018-08-07,0,1,4,2,2018,0.5500287518673896,1
2018-08-08,0,0,3,2,2018,0.34033537247762996,0
2018-08-09,0,0,3,1,2018,0.29158417370744827,0
2018-08-10,0,0,3,0,2018,0.2434047869864588,0
2018-08-11,0,0,2,0,2018,0.3354864766900706,0
2018-08-12,1,0,2,0,2018,0.30008768272519176,0
2018-08-13,1,1,2,1,2018,0.5208934807296003,1
2018-08-14,1,1,2,2,2018,0.7468995612321343,1
2018-08-15,1,1,3,3,2018,0.6627717239674047,1
2018-08-16,1,1,4,3,2018,0.8509790599689862,1
2018-08-17,1,1,5,3,2018,0.8398930545556513,1
2018-08-18,1,1,6,3,2018,0.9334293539443429,1
2018-08-19,1,1,7,3,2018,0.8491085481271107,1
2018-08-20,1,1,7,3,2018,0.9282628957510616,1
2018-08-21,1,1,7,3,2018,0.7735797583871179,1
2018-08-22,1,1,7,3,2018,0.865664655004346,1
2018-08-23,1,1,7,3,2018,0.8742251223870112,1
2018-08-24,1,1,7,3,2018,0.9503746138526551,1
2018-08-25,1,1,7,3,2018,0.891092409927125,1
2018-08-26,1,1,7,3,2018,0.9439366572451667,1
2018-08-27,1,1,7,3,2018,0.844270232335522,1
2018-08-28,1,1,7,3,2018,0.9551927101517572,1
2018-08-29,1,1,7,3,2018,0.9701491194159182,1
2018-08-30,1,1,7,3,2018,0.9714211102061726,1
2018-08-31,1,1,7,3,2018,0.9582641920002462,1
2018-09-01,0,1,7,3,2018,0.9302502040646549,1
2018-09-02,1,0,6,2,2018,0.7701376377233714,1
2018-09-03,1,1,6,2,2018,0.9158394980428743,1
2018-09-04,1,1,6,2,2018,0.9579585825903737,1
2018-09-05,1,1,6,3,2018,0.8783112906251225,1
2018-09-06,1,1,6,3,2018,0.8377689919930756,1
2018-09-07,1,1,6,3,2018,0.7525939443358302,1
2018-09-08,1,1,6,3,2018,0.8562571777939794,1
2018-09-09,1,1,7,3,2018,0.8822132767194607,1
2018-09-10,1,1,7,3,2018,0.8912822825696607,1
2018-09-11,1,1,7,3,2018,0.9302421100438015,1
2018-09-12,1,1,7,3,2018,0.9069958606473796,1
2018-09-13,1,1,7,3,2018,0.8457266797203977,1
2018-09-14,1,1,7,3,2018,0.8916455103072353,1
2018-09-15,0,1,7,3,2018,0.8707937373911827,1
2018-09-16,1,0,6,2,2018,0.7462825726737885,1
2018-09-17,1,1,6,2,2018,0.8345925304392898,1
2018-09-18,1,1,6,2,2018,0.8227872739624823,1
2018-09-19,1,1,6,3,2018,0.9027073986415116,1
2018-09-20,0,1,6,3,2018,0.9065630962271275,1
2018-09-21,1,0,5,2,2018,0.6852316047403446,1
2018-09-22,1,1,5,2,2018,0.8297197265776631,1
2018-09-23,1,1,6,2,2018,0.8566323299616024,1
2018-09-24,1,1,6,3,2018,0.8703453393448956,1
2018-09-25,1,1,6,3,2018,0.8709534886872942,1
2018-09-26,1,1,6,3,2018,0.8916040382145041,1
2018-09-27,1,1,6,3,2018,0.8916414586024959,1
2018-09-28,1,1,7,3,2018,0.8525747315059767,1
2018-09-29,1,1,7,3,2018,0.8182916311172459,1
2018-09-30,1,1,7,3,2018,0.8578481201606013,1
2018-10-01,0,1,7,3,2018,0.8009115789773497,1
2018-10-02,1,0,6,2,2018,0.525467404687443,1
2018-10-03,1,1,6,2,2018,0.7553975376181961,1
2018-10-04,1,1,6,2,2018,0.7677342111518335,1
2018-10-05,0,1,6,3,2018,0.7970739965129152,1
2018-10-06,0,0,5,2,2018,0.4735124740430655,1
2018-10-07,1,0,4,1,2018,0.4034956552702904,1
2018-10-08,1,1,4,1,2018,0.6452994526392779,1
2018-10-09,0,1,5,2,2018,0.7412971838474717,1
2018-10-10,1,0,4,2,2018,0.45573077310731114,1
2018-10-11,0,1,4,2,2018,0.5687009699325949,1
2018-10-12,1,0,3,1,2018,0.37223237922877006,1
2018-10-13,0,1,4,2,2018,0.614873068292909,1
2018-10-14,1,0,4,1,2018,0.4195605735285586,1
2018-10-15,1,1,4,2,2018,0.6668622297298048,1
2018-10-16,1,1,4,2,2018,0.7061321470959929,1
2018-10-17,1,1,5,3,2018,0.7947813886641876,1
2018-10-18,0,1,5,3,2018,0.6526468858585244,1
2018-10-19,0,0,5,2,2018,0.4389894756578761,1
2018-10-20,1,0,4,1,2018,0.46185355652418336,1
2018-10-21,1,1,5,1,2018,0.6796639345293051,1
2018-10-22,0,1,5,2,2018,0.6521813515746884,1
2018-10-23,0,0,4,2,2018,0.42504450390150306,1
2018-10-24,0,0,3,1,2018,0.3418768192522303,1
2018-10-25,0,0,2,0,2018,0.3321377216138874,0
2018-10-26,0,0,2,0,2018,0.33501916827382305,0
2018-10-27,1,0,2,0,2018,0.28721961810824004,0
2018-10-28,0,1,2,1,2018,0.6574135144753401,1
2018-10-29,0,0,1,1,2018,0.3739339535148617,1
2018-10-30,0,0,1,1,2018,0.27738667455191485,0
2018-10-31,0,0,1,0,2018,0.19910815904048787,0
2018-11-01,0,0,1,0,2018,0.17640607679609202,0
2018-11-02,0,0,1,0,2018,0.15735225307517595,0
2018-11-03,0,0,1,0,2018,0.15231341441333227,0
2018-11-04,1,0,0,0,2018,0.0956332676197591,0
2018-11-05,0,1,1,1,2018,0.1804363749382662,0
2018-11-06,1,0,1,1,2018,0.10678877284365451,0
2018-11-07,0,1,2,2,2018,0.3096869337500789,0
2018-11-08,0,0,2,1,2018,0.1139435523027025,0
2018-11-09,0,0,2,1,2018,0.10035914304887851,0
2018-11-10,0,0,2,0,2018,0.11755440626250636,0
2018-11-11,1,0,2,0,2018,0.1287353852711156,0
2018-11-12,0,1,2,1,2018,0.23448990799329564,0
2018-11-13,0,0,2,1,2018,0.17808438858977998,0
2018-11-14,0,0,1,1,2018,0.13133654246371307,0
2018-11-15,0,0,1,0,2018,0.11491201742813592,0
2018-11-16,0,0,1,0,2018,0.1262308740381045,0
2018-11-17,1,0,1,0,2018,0.12671304215820411,0
2018-11-18,1,1,2,1,2018,0.22983289857576267,0
2018-11-19,0,1,2,2,2018,0.2699750821739133,0
2018-11-20,0,0,2,2,2018,0.12771795703701688,0
2018-11-21,0,0,2,1,2018,0.0929461329675209,0
2018-11-23,0,0,2,0,2018,0.09261634526784601,0
2018-11-24,0,0,2,0,2018,0.10879334041977048,0
2018-11-25,0,0,1,0,2018,0.14739572602285728,0
2018-11-26,0,0,0,0,2018,0.10938476338170211,0
2018-11-27,0,0,0,0,2018,0.08245454023866494,0
2018-11-28,0,0,0,0,2018,0.08740848332200148,0
2018-12-01,0,0,0,0,2018,0.08587455079062949,0
2018-12-02,0,0,0,0,2018,0.08470705546681286,0
2018-12-03,0,0,0,0,2018,0.08982129068284384,0
2018-12-04,0,0,0,0,2018,0.08256277068532993,0
2018-12-05,0,0,0,0,2018,0.04891609376390402,0
2018-12-07,0,0,0,0,2018,0.06494356430421462,0
2018-12-08,0,0,0,0,2018,0.06640916645266183,0
2018-12-09,0,0,0,0,2018,0.06315610393028828,0
2018-12-10,0,0,0,0,2018,0.07177713090579706,0
2018-12-11,0,0,0,0,2018,0.06761379348720718,0
2018-12-12,0,0,0,0,2018,0.07164241613496425,0
2018-12-13,0,0,0,0,2018,0.07562994935875324,0
2018-12-14,0,0,0,0,2018,0.0672160738665337,0
2018-12-15,0,0,0,0,2018,0.07632473746756227,0
2018-12-16,0,0,0,0,2018,0.06512609620374998,0
2018-12-17,0,0,0,0,2018,0.04595079774405998,0
2018-12-18,0,0,0,0,2018,0.049261517530350483,0
2018-12-19,0,0,0,0,2018,0.05108651541583546,0
2018-12-20,0,0,0,0,2018,0.055041700270234,0
2018-12-21,0,0,0,0,2018,0.054141264920900614,0
2018-12-22,0,0,0,0,2018,0.0553662468115824,0
2018-12-23,1,0,0,0,2018,0.051287272617639455,0
2018-12-24,0,1,1,1,2018,0.13199865401943608,0
2018-12-26,0,0,1,1,2018,0.06974877024178966,0
2018-12-27,0,0,1,0,2018,0.061863696949472316,0
2018-12-28,0,0,1,0,2018,0.06901163118950938,0
2018-12-29,0,0,1,0,2018,0.08849447086737776,0
2018-12-30,0,0,1,0,2018,0.07373633784223357,0
2018-12-31,0,0,0,0,2018,0.04516615188934256,0
2019-01-01,0,0,0,0,2019,0.04222528649543579,0
2019-01-02,0,0,0,0,2019,0.03719841831804366,0
2019-01-03,0,0,0,0,2019,0.044396300249012886,0
2019-01-04,0,0,0,0,2019,0.03935021585571901,0
2019-01-05,0,0,0,0,2019,0.04019793736067073,0
2019-01-06,0,0,0,0,2019,0.033561356409139764,0
2019-01-07,0,0,0,0,2019,0.02802144928515265,0
2019-01-08,0,0,0,0,2019,0.029470355060504227,0
2019-01-09,0,0,0,0,2019,0.026237044568707058,0
2019-01-10,0,0,0,0,2019,0.02650957711936268,0
2019-01-11,0,0,0,0,2019,0.034866379806898704,0
2019-01-12,0,0,0,0,2019,0.0346775162292738,0
2019-01-13,0,0,0,0,2019,0.03951193770733264,0
2019-01-15,0,0,0,0,2019,0.0389282716314121,0
2019-01-16,0,0,0,0,2019,0.04172889386146214,0
2019-01-17,0,0,0,0,2019,0.0457459736966931,0
2019-01-18,0,0,0,0,2019,0.042931158503734065,0
2019-01-19,0,0,0,0,2019,0.05742832819165601,0
2019-01-20,0,0,0,0,2019,0.043594196290294956,0
2019-01-21,0,0,0,0,2019,0.030676352518167062,0
2019-01-22,0,0,0,0,2019,0.03664789990302316,0
2019-01-23,0,0,0,0,2019,0.03826325629543679,0
2019-01-24,0,0,0,0,2019,0.04236349166642152,0
2019-01-25,1,0,0,0,2019,0.03144174100839568,0
2019-01-26,0,1,1,1,2019,0.08422140256147294,0
2019-01-27,0,0,1,1,2019,0.05389582853863178,0
2019-01-28,0,0,1,1,2019,0.038682230222909536,0
2019-01-29,0,0,1,0,2019,0.032409056173889284,0
2019-01-30,0,0,1,0,2019,0.02921633525739101,0
2019-01-31,0,0,1,0,2019,0.027800825431410124,0
2019-02-01,0,0,1,0,2019,0.03195170395274462,0
2019-02-03,0,0,0,0,2019,0.03138986971178074,0
2019-02-04,0,0,0,0,2019,0.024857396031448355,0
2019-02-06,0,0,0,0,2019,0.0418458365017802,0
2019-02-07,0,0,0,0,2019,0.04642561740209223,0
2019-02-08,0,0,0,0,2019,0.05391532968078384,0
2019-02-09,0,0,0,0,2019,0.05302428632621075,0
2019-02-10,0,0,0,0,2019,0.0486599519863132,0
2019-02-11,0,0,0,0,2019,0.04865469112363512,0
2019-02-12,0,0,0,0,2019,0.058309838520547254,0
2019-02-15,0,0,0,0,2019,0.060437093244998887,0
2019-02-16,0,0,0,0,2019,0.05833194488822044,0
2019-02-17,0,0,0,0,2019,0.04321523809948272,0
2019-02-18,0,0,0,0,2019,0.039035534217652705,0
2019-02-19,0,0,0,0,2019,0.05630156146830319,0
2019-02-20,0,0,0,0,2019,0.052472032070466426,0
2019-02-22,0,0,0,0,2019,0.05223632890200378,0
2019-02-23,0,0,0,0,2019,0.07252671239647086,0
2019-02-24,0,0,0,0,2019,0.06783205571275674,0
2019-02-25,0,0,0,0,2019,0.0700471844050838,0
2019-02-26,0,0,0,0,2019,0.06640577100192468,0
2019-02-27,0,0,0,0,2019,0.06293038127076876,0
2019-02-28,0,0,0,0,2019,0.059416107840975375,0
2019-03-01,0,0,0,0,2019,0.05403357204616304,0
2019-03-02,0,0,0,0,2019,0.0646978720137709,0
2019-03-03,0,0,0,0,2019,0.042541055302749486,0
2019-03-04,0,0,0,0,2019,0.03718306011989283,0
2019-03-05,0,0,0,0,2019,0.04140144502210916,0
2019-03-06,0,0,0,0,2019,0.03787865716534861,0
2019-03-07,0,0,0,0,2019,0.03795193385148849,0
2019-03-08,0,0,0,0,2019,0.03733093170301793,0
2019-03-09,0,0,0,0,2019,0.03748152827393523,0
2019-03-10,0,0,0,0,2019,0.05288296226462512,0
2019-03-11,0,0,0,0,2019,0.03599999156167996,0
2019-03-12,0,0,0,0,2019,0.032580318319471634,0
2019-03-13,0,0,0,0,2019,0.03197751727929563,0
2019-03-14,0,0,0,0,2019,0.04351038193706143,0
2019-03-15,0,0,0,0,2019,0.04082029295319704,0
2019-03-16,0,0,0,0,2019,0.04837120675075678,0
2019-03-17,0,0,0,0,2019,0.07161756251882868,0
2019-03-18,0,0,0,0,2019,0.052285970014461794,0
2019-03-19,0,0,0,0,2019,0.04949343268321954,0
2019-03-20,0,0,0,0,2019,0.04426515848823749,0
2019-03-21,0,0,0,0,2019,0.042047509454615675,0
2019-03-22,0,0,0,0,2019,0.03998472151220561,0
2019-03-23,0,0,0,0,2019,0.0562452173348967,0
2019-03-24,0,0,0,0,2019,0.042720344832313954,0
2019-03-25,0,0,0,0,2019,0.037722635226498775,0
2019-03-26,0,0,0,0,2019,0.037606240841061664,0
2019-03-27,0,0,0,0,2019,0.037325124943313526,0
2019-03-28,0,0,0,0,2019,0.030519904671644855,0
2019-03-29,0,0,0,0,2019,0.026065066354410443,0
2019-03-30,0,0,0,0,2019,0.0352253153917605,0
2019-03-31,0,0,0,0,2019,0.03728657614516465,0
2019-04-01,0,0,0,0,2019,0.03216816034539068,0
2019-04-02,0,0,0,0,2019,0.03128894256566754,0
2019-04-03,0,0,0,0,2019,0.034629716569981546,0
2019-04-04,0,0,0,0,2019,0.03793219000744374,0
2019-04-05,0,0,0,0,2019,0.03830665765672634,0
2019-04-06,0,0,0,0,2019,0.04627509772580621,0
2019-04-07,0,0,0,0,2019,0.053108001291125334,0
2019-04-08,0,0,0,0,2019,0.05128898848501363,0
2019-04-09,0,0,0,0,2019,0.03261413583010403,0
2019-04-10,0,0,0,0,2019,0.0332197328458511,0
2019-04-11,0,0,0,0,2019,0.0497608336096064,0
2019-04-12,0,0,0,0,2019,0.05887520594333127,0
2019-04-13,0,0,0,0,2019,0.09242280508421115,0
2019-04-14,0,0,0,0,2019,0.10603116834220216,0
2019-04-15,0,0,0,0,2019,0.08816637822577726,0
2019-04-16,0,0,0,0,2019,0.08350463326553202,0
2019-04-17,0,0,0,0,2019,0.08335303782950969,0
2019-04-18,0,0,0,0,2019,0.11873565041649137,0
2019-04-19,1,0,0,0,2019,0.09569339431636983,0
2019-04-20,0,1,1,1,2019,0.44505490207692616,1
2019-04-21,0,0,1,1,2019,0.1986562132264006,0
2019-04-22,0,0,1,1,2019,0.15018242603074156,0
2019-04-23,0,0,1,0,2019,0.12779021879274327,0
2019-04-24,1,0,1,0,2019,0.125252188521546,0
2019-04-25,0,1,2,1,2019,0.2319288182574226,0
2019-04-26,0,0,2,1,2019,0.15999464367158417,0
2019-04-27,0,0,1,1,2019,0.13351177080072058,0
2019-04-28,0,0,1,0,2019,0.12240361957323832,0
2019-04-29,0,0,1,0,2019,0.08518609929660277,0
2019-04-30,1,0,1,0,2019,0.0892174843324848,0
2019-05-01,0,1,2,1,2019,0.4891600568205963,1
2019-05-02,1,0,1,1,2019,0.2063022474389454,0
2019-05-03,0,1,2,2,2019,0.448423702341355,1
2019-05-04,0,0,2,1,2019,0.22570874103563426,0
2019-05-05,0,0,2,1,2019,0.20527610809661778,0
2019-05-06,1,0,2,0,2019,0.15906564674084195,0
2019-05-07,1,1,3,1,2019,0.3388365971937274,0
2019-05-08,1,1,3,2,2019,0.4249510271793731,1
2019-05-09,1,1,4,3,2019,0.41488223857703477,1
2019-05-10,1,1,4,3,2019,0.6237308015575106,1
2019-05-11,1,1,5,3,2019,0.7199054915216123,1
2019-05-12,1,1,6,3,2019,0.601372054664782,1
2019-05-13,1,1,7,3,2019,0.6474148279707146,1
2019-05-14,1,1,7,3,2019,0.5425783772587316,1
2019-05-15,0,1,7,3,2019,0.48165367962401223,1
2019-05-16,0,0,6,2,2019,0.3179766677718499,0
2019-05-17,0,0,5,1,2019,0.2635271526260372,0
2019-05-18,0,0,4,0,2019,0.3348390185803531,0
2019-05-19,0,0,3,0,2019,0.33835845445056145,0
2019-05-20,0,0,2,0,2019,0.3198763561382596,0
2019-05-23,0,0,0,0,2019,0.2844528435029131,0
2019-05-24,1,0,0,0,2019,0.2679561677828793,0
2019-05-25,0,1,1,1,2019,0.467363778961175,1
2019-05-26,0,0,1,1,2019,0.29386833549989577,0
2019-05-27,0,0,1,1,2019,0.17328284368830374,0
2019-05-28,0,0,1,0,2019,0.13661802382413937,0
2019-05-29,0,0,1,0,2019,0.11209348232054074,0
2019-05-30,0,0,1,0,2019,0.09678357819559232,0
2019-05-31,0,0,1,0,2019,0.09004086087093383,0
2019-06-01,0,0,0,0,2019,0.10645593852769962,0
2019-06-02,0,0,0,0,2019,0.08911279560240677,0
2019-06-03,0,0,0,0,2019,0.07756496151302669,0
2019-06-04,0,0,0,0,2019,0.08937640720916532,0
2019-06-05,0,0,0,0,2019,0.09320728347049008,0
2019-06-06,0,0,0,0,2019,0.10308642821952872,0
2019-06-07,1,0,0,0,2019,0.10816712524295738,0
2019-06-08,0,1,1,1,2019,0.4860372093638782,1
2019-06-09,1,0,1,1,2019,0.2610025062293961,0
2019-06-10,1,1,2,2,2019,0.534407548864018,1
2019-06-11,1,1,3,2,2019,0.5831038569390824,1
2019-06-12,1,1,4,3,2019,0.6294797393173641,1
2019-06-13,0,1,5,3,2019,0.4791754454719785,1
2019-06-14,1,0,5,2,2019,0.3106679294456257,0
2019-06-15,0,1,5,2,2019,0.5074552134071926,1
2019-06-16,0,0,5,1,2019,0.3694308376097474,1
2019-06-17,0,0,4,1,2019,0.3226827215708927,0
2019-06-18,0,0,3,0,2019,0.30018608190038126,0
2019-06-19,0,0,2,0,2019,0.2757250305630844,0
2019-06-20,0,0,1,0,2019,0.28969106189351684,0
2019-06-21,0,0,1,0,2019,0.25922938614779895,0
2019-06-22,0,0,0,0,2019,0.2395064108676478,0
2019-06-23,0,0,0,0,2019,0.22654371517358507,0
2019-06-24,0,0,0,0,2019,0.16477185049068774,0
2019-06-25,0,0,0,0,2019,0.13925067946358397,0
2019-06-26,1,0,0,0,2019,0.11867704582616057,0
2019-06-27,0,1,1,1,2019,0.2492311112764287,0
2019-06-28,0,0,1,1,2019,0.14056314936427516,0
2019-06-29,0,0,1,1,2019,0.1404289924256694,0
2019-06-30,0,0,1,0,2019,0.11147664999660752,0
2019-07-01,0,0,1,0,2019,0.1158441519668125,0
2019-07-02,0,0,1,0,2019,0.1070018909960172,0
2019-07-03,0,0,1,0,2019,0.11181942004472363,0
2019-07-04,0,0,0,0,2019,0.09608396510275115,0
2019-07-05,0,0,0,0,2019,0.08411992712208811,0
2019-07-06,0,0,0,0,2019,0.1162252522256866,0
2019-07-07,0,0,0,0,2019,0.11686679741165472,0
2019-07-08,0,0,0,0,2019,0.09565253159310527,0
2019-07-09,0,0,0,0,2019,0.10218095829804935,0
2019-07-10,0,0,0,0,2019,0.10499710621147382,0
2019-07-11,0,0,0,0,2019,0.11976701115025756,0
2019-07-12,0,0,0,0,2019,0.11490112010946502,0
2019-07-13,1,0,0,0,2019,0.15305465381684055,0
2019-07-14,0,1,1,1,2019,0.3035631167726681,0
2019-07-15,0,0,1,1,2019,0.2388430765789863,0
2019-07-16,0,0,1,1,2019,0.1731249531461634,0
2019-07-17,0,0,1,0,2019,0.21742040891167938,0
2019-07-18,1,0,1,0,2019,0.1798478470793335,0
2019-07-19,0,1,2,1,2019,0.4169686046326789,1
2019-07-20,0,0,2,1,2019,0.25216763107390516,0
2019-07-21,1,0,1,1,2019,0.22998298890444568,0
2019-07-22,1,1,2,1,2019,0.32605778461332235,0
2019-07-23,0,1,3,2,2019,0.34977680013190304,1
2019-07-24,0,0,3,2,2019,0.20841928363293577,0
2019-07-25,1,0,3,1,2019,0.16329644581959002,0
2019-07-26,0,1,3,1,2019,0.35883594592510676,1
2019-07-27,1,0,3,1,2019,0.228926157403572,0
2019-07-28,0,1,4,2,2019,0.3950257295085314,1
2019-07-29,0,0,3,1,2019,0.2315515373194037,0
2019-07-30,0,0,2,1,2019,0.217178815799128,0
2019-07-31,0,0,2,0,2019,0.2054971483135316,0
2019-08-01,0,0,2,0,2019,0.20034863832921224,0
2019-08-02,0,0,1,0,2019,0.1868767841408056,0
2019-08-03,1,0,1,0,2019,0.27142893773632015,0
2019-08-04,0,1,1,1,2019,0.406740931020509,1
2019-08-05,0,0,1,1,2019,0.2588654319192457,0
2019-08-06,0,0,1,1,2019,0.19972437161318118,0
2019-08-07,0,0,1,0,2019,0.20457882510708061,0
2019-08-08,1,0,1,0,2019,0.21816244750999475,0
2019-08-09,0,1,2,1,2019,0.32847772114856605,0
2019-08-10,1,0,2,1,2019,0.27624647124519264,0
2019-08-11,0,1,2,2,2019,0.4969553835623375,1
2019-08-12,0,0,2,1,2019,0.3359882904659769,0
2019-08-13,1,0,2,1,2019,0.24387428811506934,0
2019-08-14,0,1,3,1,2019,0.4575101331845262,1
2019-08-15,1,0,3,1,2019,0.2963550800712729,0
2019-08-16,0,1,3,2,2019,0.44939729611770685,1
2019-08-17,0,0,3,1,2019,0.3730122257021476,1
2019-08-18,1,0,2,1,2019,0.30413686775679316,0
2019-08-19,1,1,3,1,2019,0.44572342561555994,1
2019-08-20,0,1,4,2,2019,0.544859340534578,1
2019-08-21,0,0,3,2,2019,0.28438059896966167,0
2019-08-22,0,0,3,1,2019,0.214180864648784,0
2019-08-23,0,0,2,0,2019,0.1971847622115081,0
2019-08-24,1,0,2,0,2019,0.2979952139349626,0
2019-08-25,0,1,3,1,2019,0.38922740064931244,1
2019-08-26,0,0,2,1,2019,0.26678542171587694,0
2019-08-27,0,0,1,1,2019,0.21467817722125992,0
2019-08-28,0,0,1,0,2019,0.19628491714737792,0
2019-08-29,1,0,1,0,2019,0.17607179031827175,0
2019-08-30,0,1,2,1,2019,0.3001327487795176,0
2019-08-31,0,0,2,1,2019,0.20105661049880674,0
2019-09-01,0,0,1,1,2019,0.19805309837621135,0
2019-09-02,0,0,1,0,2019,0.14084280506344987,0
2019-09-03,0,0,1,0,2019,0.12193912805825477,0
2019-09-04,0,0,1,0,2019,0.12234609306372983,0
2019-09-05,0,0,1,0,2019,0.12371591714728732,0
2019-09-06,1,0,0,0,2019,0.13521069584930154,0
2019-09-07,1,1,1,1,2019,0.33200786875650007,0
2019-09-08,0,1,2,2,2019,0.38674793819358577,1
2019-09-09,0,0,2,2,2019,0.2588894460488177,0
2019-09-10,0,0,2,1,2019,0.21672260683712308,0
2019-09-11,1,0,2,0,2019,0.22055570389006252,0
2019-09-12,1,1,3,1,2019,0.39087348415737744,1
2019-09-13,1,1,4,2,2019,0.42176034736092355,1
2019-09-14,1,1,4,3,2019,0.667415351108162,1
2019-09-15,0,1,4,3,2019,0.6797262345164194,1
2019-09-16,0,0,4,2,2019,0.3782063909858068,1
2019-09-17,1,0,4,1,2019,0.2859080838016397,0
2019-09-18,0,1,5,1,2019,0.3770209760954221,1
2019-09-19,1,0,4,1,2019,0.2502201961093955,0
2019-09-20,0,1,4,2,2019,0.4285334944165933,1
2019-09-21,0,0,3,1,2019,0.27174512024089315,0
2019-09-22,0,0,2,1,2019,0.218778227873557,0
2019-09-23,0,0,2,0,2019,0.17227887575071402,0
2019-09-24,0,0,2,0,2019,0.15010497037830794,0
2019-09-25,0,0,1,0,2019,0.15286689555463184,0
2019-09-26,0,0,1,0,2019,0.11487866414715334,0
2019-09-27,0,0,0,0,2019,0.10693201620674814,0
2019-09-28,0,0,0,0,2019,0.1268320811806081,0
2019-09-29,0,0,0,0,2019,0.11489847488406338,0
2019-09-30,0,0,0,0,2019,0.09156330123889188,0
2019-10-01,0,0,0,0,2019,0.09655289006719475,0
2019-10-02,1,0,0,0,2019,0.08368738084734886,0
2019-10-03,0,1,1,1,2019,0.1993336894072277,0
2019-10-04,0,0,1,1,2019,0.11404070776723839,0
2019-10-05,0,0,1,1,2019,0.11604944087254564,0
2019-10-06,0,0,1,0,2019,0.11453157758072625,0
2019-10-07,0,0,1,0,2019,0.08433017858718996,0
2019-10-08,0,0,1,0,2019,0.091502738662244,0
2019-10-09,0,0,1,0,2019,0.08835522191385561,0
2019-10-10,0,0,0,0,2019,0.07885511098945042,0
2019-10-11,0,0,0,0,2019,0.07453492456557244,0
2019-10-12,0,0,0,0,2019,0.09304565981803876,0
2019-10-13,0,0,0,0,2019,0.08768282850772607,0
2019-10-14,0,0,0,0,2019,0.06649342013896387,0
2019-10-15,0,0,0,0,2019,0.06422629040155496,0
2019-10-16,0,0,0,0,2019,0.07033025698464102,0
2019-10-17,0,0,0,0,2019,0.05291802180517605,0
2019-10-18,0,0,0,0,2019,0.04920561161736941,0
2019-10-19,0,0,0,0,2019,0.059606069765421994,0
2019-10-20,0,0,0,0,2019,0.05570047165871734,0
2019-10-21,0,0,0,0,2019,0.03704402314618038,0
2019-10-22,0,0,0,0,2019,0.034390894892163654,0
2019-10-23,0,0,0,0,2019,0.03560738448279916,0
2019-10-24,0,0,0,0,2019,0.03695890614678547,0
2019-10-25,0,0,0,0,2019,0.03330338395225324,0
2019-10-26,0,0,0,0,2019,0.04158664302168986,0
2019-10-27,0,0,0,0,2019,0.03753203192163343,0
2019-10-28,0,0,0,0,2019,0.03852295105803515,0
2019-10-29,0,0,0,0,2019,0.04218589809864476,0
2019-10-30,0,0,0,0,2019,0.03605949485722468,0
2019-10-31,0,0,0,0,2019,0.042557666687390375,0
2019-11-01,0,0,0,0,2019,0.042942397527931934,0
2019-11-02,0,0,0,0,2019,0.05413625102309347,0
2019-11-03,0,0,0,0,2019,0.0469363278843216,0
2019-11-04,0,0,0,0,2019,0.037608150001944375,0
2019-11-05,0,0,0,0,2019,0.03735626841450881,0
2019-11-06,0,0,0,0,2019,0.040047518714001695,0
2019-11-07,0,0,0,0,2019,0.04173115412928299,0
2019-11-08,1,0,0,0,2019,0.03983681449851666,0
2019-11-09,1,1,1,1,2019,0.11507978181404817,0
2019-11-10,0,1,2,2,2019,0.14436613410065557,0
2019-11-11,0,0,2,2,2019,0.07559126305877725,0
2019-11-12,0,0,2,1,2019,0.06381585800730714,0
2019-11-13,0,0,2,0,2019,0.05714459664490306,0
2019-11-14,0,0,2,0,2019,0.053352902268944624,0
2019-11-15,0,0,2,0,2019,0.04143881050515309,0
2019-11-16,0,0,1,0,2019,0.06370114402666191,0
2019-11-17,1,0,0,0,2019,0.07974080431837463,0
2019-11-18,0,1,1,1,2019,0.15589694967087808,0
2019-11-19,0,0,1,1,2019,0.0916351991846832,0
2019-11-22,0,0,1,0,2019,0.11122840547061871,0
2019-11-23,0,0,1,0,2019,0.14212726389609248,0
2019-11-24,0,0,1,0,2019,0.14979727384341698,0
2019-11-25,0,0,0,0,2019,0.09155979578462783,0
2019-11-26,1,0,0,0,2019,0.06396734729635432,0
2019-12-06,1,0,0,0,2019,0.15980540276379274,0
2019-12-07,0,1,1,1,2019,0.3868749442630756,1
2019-12-08,0,0,1,1,2019,0.22763951387762218,0
2019-12-09,0,0,1,1,2019,0.13457884100473172,0
2019-12-10,0,0,1,0,2019,0.1351277443877541,0
2019-12-11,1,0,1,0,2019,0.12395743372264824,0
2019-12-12,1,1,2,1,2019,0.6476166629809651,1
2019-12-13,1,1,3,2,2019,0.7894727301625114,1
2019-12-14,0,1,3,3,2019,0.568955942481546,1
2019-12-15,0,0,3,2,2019,0.23969297506347356,0
2019-12-16,0,0,3,1,2019,0.2279123700506639,0
2019-12-17,0,0,3,0,2019,0.21682979409508607,0
2019-12-18,1,0,3,0,2019,0.21976071770370406,0
2019-12-19,0,1,3,1,2019,0.5415471153890996,1
2019-12-20,0,0,2,1,2019,0.21814960130550204,0
2019-12-21,0,0,1,1,2019,0.19323701818893016,0
2019-12-22,0,0,1,0,2019,0.11887002849841426,0
2019-12-23,0,0,1,0,2019,0.07374549668422851,0
2019-12-24,0,0,1,0,2019,0.09672362984813584,0
2019-12-26,0,0,0,0,2019,0.0570347058248927,0
2019-12-27,0,0,0,0,2019,0.06145425888089765,0
2019-12-28,1,0,0,0,2019,0.06758009823516256,0
2019-12-29,0,1,1,1,2019,0.32224868162913206,0
2019-12-30,0,0,1,1,2019,0.10461607423241345,0
2019-12-31,0,0,1,1,2019,0.09347368560395079,0
2020-01-01,0,0,1,0,2020,0.09466085418168402,0
2020-01-02,0,0,1,0,2020,0.07326403691192858,0
2020-01-03,0,0,1,0,2020,0.06993159279725226,0
2020-01-04,0,0,1,0,2020,0.06277022351606114,0
2020-01-05,0,0,0,0,2020,0.04507245009982284,0
2020-01-06,0,0,0,0,2020,0.03553494930364827,0
2020-01-07,0,0,0,0,2020,0.04858009370178993,0
2020-01-08,0,0,0,0,2020,0.04204566861446115,0
2020-01-10,0,0,0,0,2020,0.05441839118193682,0
2020-01-11,0,0,0,0,2020,0.06896023304948418,0
2020-01-12,0,0,0,0,2020,0.04449059138617801,0
2020-01-13,0,0,0,0,2020,0.03841670526393919,0
2020-01-14,0,0,0,0,2020,0.042535968192698226,0
2020-01-16,0,0,0,0,2020,0.03782026523476678,0
2020-01-17,0,0,0,0,2020,0.030572888362657886,0
2020-01-18,0,0,0,0,2020,0.0379630757568537,0
2020-01-19,0,0,0,0,2020,0.0296419495604458,0
2020-01-20,0,0,0,0,2020,0.026328458942319676,0
2020-01-21,0,0,0,0,2020,0.033334629694611394,0
2020-01-22,0,0,0,0,2020,0.03228540676371685,0
2020-01-23,0,0,0,0,2020,0.026689456690862284,0
2020-01-24,0,0,0,0,2020,0.028757900120358386,0
2020-01-25,0,0,0,0,2020,0.023912503479496954,0
2020-01-26,0,0,0,0,2020,0.026902666781571338,0
2020-01-27,0,0,0,0,2020,0.02701327322804754,0
2020-01-28,0,0,0,0,2020,0.03245144639972192,0
2020-01-29,0,0,0,0,2020,0.028889532767125307,0
2020-01-30,0,0,0,0,2020,0.033111377530929374,0
2020-01-31,0,0,0,0,2020,0.04026901369416306,0
2020-02-01,0,0,0,0,2020,0.047088767228881306,0
2020-02-02,0,0,0,0,2020,0.048265095481446564,0
2020-02-03,0,0,0,0,2020,0.02337821765002876,0
2020-02-05,0,0,0,0,2020,0.05228393257476003,0
2020-02-06,0,0,0,0,2020,0.056065810695710705,0
2020-02-07,0,0,0,0,2020,0.0572021486697488,0
2020-02-08,0,0,0,0,2020,0.06585729613522125,0
2020-02-09,0,0,0,0,2020,0.03645783167444518,0
2020-02-10,0,0,0,0,2020,0.030509829582266796,0
2020-02-11,0,0,0,0,2020,0.02342566101279465,0
2020-02-13,0,0,0,0,2020,0.0319835607617054,0
2020-02-14,0,0,0,0,2020,0.03263132178614167,0
2020-02-15,1,0,0,0,2020,0.03484779127993228,0
2020-02-16,0,1,1,1,2020,0.07032910645156507,0
2020-02-17,0,0,1,1,2020,0.04522494362924326,0
2020-02-18,0,0,1,1,2020,0.035453659905430875,0
2020-02-19,0,0,1,0,2020,0.03425427857079857,0
2020-02-20,0,0,1,0,2020,0.027709454187529715,0
2020-02-21,0,0,1,0,2020,0.029348119902084236,0
2020-02-22,0,0,1,0,2020,0.031903763708220144,0
2020-02-23,0,0,0,0,2020,0.02259757575610111,0
2020-02-24,0,0,0,0,2020,0.024985472372602405,0
2020-02-25,0,0,0,0,2020,0.024589261278516673,0
2020-02-26,1,0,0,0,2020,0.027667017140762914,0
2020-02-27,0,1,1,1,2020,0.08698887678297823,0
2020-02-28,0,0,1,1,2020,0.054510475472939565,0
2020-02-29,0,0,1,1,2020,0.06677599491598332,0
2020-03-01,0,0,1,0,2020,0.03506162344865756,0
2020-03-02,0,0,1,0,2020,0.05103622163168426,0
2020-03-03,0,0,1,0,2020,0.04949111827197319,0
2020-03-04,0,0,1,0,2020,0.07063251979448577,0
2020-03-05,0,0,0,0,2020,0.06325022658977693,0
2020-03-06,0,0,0,0,2020,0.05075111024565761,0
2020-03-07,0,0,0,0,2020,0.060150973943705714,0
2020-03-08,0,0,0,0,2020,0.05488091787376989,0
2020-03-09,0,0,0,0,2020,0.05214297016644554,0
2020-03-11,0,0,0,0,2020,0.05793201963541725,0
2020-03-12,0,0,0,0,2020,0.05001145618686694,0
2020-03-13,0,0,0,0,2020,0.04606932619857982,0
2020-03-14,0,0,0,0,2020,0.05248023097997798,0
2020-03-15,0,0,0,0,2020,0.0676867587089193,0
2020-03-16,0,0,0,0,2020,0.03222816997705172,0
2020-03-17,0,0,0,0,2020,0.041852900154052984,0
2020-06-13,1,0,2,1,2020,0.36727366640367703,0
2020-06-14,1,1,3,2,2020,0.48514395971531193,0
2020-06-15,1,1,4,2,2020,0.5522111736095212,1
2020-06-16,0,1,5,3,2020,0.49395862890444064,0
2020-06-17,1,0,4,2,2020,0.36607381166985364,0
2020-06-18,0,1,5,2,2020,0.4641762432841412,0
2020-06-19,1,0,4,1,2020,0.3910771796069478,0
2020-06-20,0,1,5,2,2020,0.5243123925731206,1
2020-06-21,0,0,4,1,2020,0.5353171601153509,1
2020-06-22,0,0,3,1,2020,0.41177761930117157,0
2020-06-23,1,0,2,0,2020,0.44865094664525085,0
2020-06-24,1,1,3,1,2020,0.6669578766335176,1
2020-06-25,1,1,3,2,2020,0.7513627542963458,1
2020-06-26,1,1,4,3,2020,0.822091525404457,1
2020-06-27,0,1,4,3,2020,0.77730586697352,1
2020-06-28,0,0,4,2,2020,0.6306592839900728,1
2020-06-29,0,0,4,1,2020,0.5747197786947652,1
2020-06-30,0,0,4,0,2020,0.5544729687908891,1
2020-07-01,0,0,3,0,2020,0.5439823508162894,1
2020-07-02,0,0,2,0,2020,0.5275203728405115,1
2020-07-03,1,0,1,0,2020,0.41763179029465913,0
2020-07-04,1,1,1,1,2020,0.5588540434775788,1
2020-07-05,1,1,2,2,2020,0.5907037757486455,1
2020-07-06,0,1,3,3,2020,0.5121885833550409,1
2020-07-07,0,0,3,2,2020,0.2856800868751933,0
2020-07-08,0,0,3,1,2020,0.1965097472600412,0
2020-07-09,0,0,3,0,2020,0.17515612199767303,0
2020-07-10,0,0,3,0,2020,0.15397008264364292,0
2020-07-11,0,0,2,0,2020,0.13726262826549582,0
2020-07-12,1,0,1,0,2020,0.14986463569291825,0
2020-07-13,0,1,1,1,2020,0.33261856852397664,0
2020-07-14,0,0,1,1,2020,0.1665252716082272,0
2020-07-15,0,0,1,1,2020,0.14961193494081884,0
2020-07-16,0,0,1,0,2020,0.1673564907509012,0
2020-07-17,0,0,1,0,2020,0.16825851486801552,0
2020-07-18,0,0,1,0,2020,0.15844162561508537,0
2020-07-19,0,0,1,0,2020,0.13811950345120683,0
2020-07-20,0,0,0,0,2020,0.10651298300398303,0
2020-07-21,0,0,0,0,2020,0.1762183280159722,0
2020-07-22,0,0,0,0,2020,0.13904480608600045,0
2020-07-23,0,0,0,0,2020,0.14082146300351323,0
2020-07-24,0,0,0,0,2020,0.15614032703346956,0
2020-07-25,0,0,0,0,2020,0.16957164540003258,0
2020-07-26,0,0,0,0,2020,0.15978919783821272,0
2020-07-27,1,0,0,0,2020,0.12951331072388145,0
2020-07-28,0,1,1,1,2020,0.2609730895643636,0
2020-07-29,0,0,1,1,2020,0.20920338379733275,0
2020-07-30,0,0,1,1,2020,0.15027969170115657,0
2020-07-31,0,0,1,0,2020,0.15901977451432292,0
2020-08-01,0,0,1,0,2020,0.18326877522916596,0
2020-08-02,1,0,1,0,2020,0.1600883279637045,0
2020-08-03,0,1,2,1,2020,0.24646359409699894,0
2020-08-04,0,0,1,1,2020,0.18266842788196241,0
2020-08-05,1,0,1,1,2020,0.1533028722601712,0
2020-08-06,0,1,2,1,2020,0.2767397655379306,0
2020-08-07,1,0,2,1,2020,0.21916732916036205,0
2020-08-08,0,1,3,2,2020,0.3468930347719148,0
2020-08-09,1,0,3,1,2020,0.24934015185897518,0
2020-08-10,0,1,3,2,2020,0.3086162283063154,0
2020-08-11,0,0,3,1,2020,0.18036884509569895,0
2020-08-12,0,0,3,1,2020,0.1458515383331091,0
2020-08-13,0,0,2,0,2020,0.14155485150130626,0
2020-08-14,0,0,2,0,2020,0.13967004680075631,0
2020-08-15,0,0,1,0,2020,0.17396560850273513,0
2020-08-16,0,0,1,0,2020,0.23070625863535413,0
2020-08-17,0,0,0,0,2020,0.1863242906400687,0
2020-08-18,0,0,0,0,2020,0.26368469570386727,0
2020-08-19,1,0,0,0,2020,0.23605200412797736,0
2020-08-20,1,1,1,1,2020,0.3884870662576428,0
2020-08-21,0,1,2,2,2020,0.7694651385400684,1
2020-08-22,0,0,2,2,2020,0.4731041055722266,0
2020-08-23,0,0,2,1,2020,0.3969954339630561,0
2020-08-24,1,0,2,0,2020,0.3189739083921162,0
2020-08-25,1,1,3,1,2020,0.49915482303493575,0
2020-08-26,0,1,4,2,2020,0.674825053509086,1
2020-08-27,1,0,3,2,2020,0.4153468741701815,0
2020-08-28,0,1,3,2,2020,0.5300557088681076,1
2020-08-29,0,0,3,1,2020,0.4439724239262065,0
2020-08-30,0,0,3,1,2020,0.40806612950621896,0
2020-08-31,0,0,3,0,2020,0.30233546291487406,0
2020-09-01,0,0,2,0,2020,0.31217058443220724,0
2020-09-02,0,0,1,0,2020,0.23165080969673496,0
2020-09-03,1,0,1,0,2020,0.21395818624406698,0
2020-09-04,1,1,1,1,2020,0.3974260433364895,0
2020-09-05,0,1,2,2,2020,0.4323038474761135,0
2020-09-06,0,0,2,2,2020,0.3119464050685626,0
2020-09-07,0,0,2,1,2020,0.20013651787985187,0
2020-09-08,0,0,2,0,2020,0.16924718475378403,0
2020-09-09,0,0,2,0,2020,0.17703608898064493,0
2020-09-10,1,0,2,0,2020,0.21128297717307623,0
2020-09-11,0,1,2,1,2020,0.3360797298567588,0
2020-09-12,0,0,1,1,2020,0.29518643134236006,0
2020-09-13,0,0,1,1,2020,0.2810802447936447,0
2020-09-14,0,0,1,0,2020,0.24584723975840336,0
2020-09-15,0,0,1,0,2020,0.2610310597494815,0
2020-09-16,1,0,1,0,2020,0.2545857884781278,0
2020-09-17,1,1,2,1,2020,0.822853084593508,1
2020-09-18,1,1,2,2,2020,0.8626276861686569,1
2020-09-19,1,1,3,3,2020,0.9420381040315221,1
2020-09-20,1,1,4,3,2020,0.9003974748932522,1
2020-09-21,1,1,5,3,2020,0.8799516123904718,1
2020-09-22,1,1,6,3,2020,0.9092661289535617,1
2020-09-23,0,1,7,3,2020,0.7456348481075316,1
2020-09-24,0,0,6,2,2020,0.6026215733731932,1
2020-09-25,1,0,5,1,2020,0.5101934166809942,1
2020-09-26,0,1,5,1,2020,0.6766261998643258,1
2020-09-27,0,0,4,1,2020,0.5982280023683008,1
2020-09-28,0,0,3,1,2020,0.5440357058016007,1
2020-09-29,0,0,2,0,2020,0.5033926206953655,0
2020-09-30,1,0,1,0,2020,0.5127213666924072,1
2020-10-01,1,1,2,1,2020,0.6841363420742044,1
2020-10-02,0,1,3,2,2020,0.8458936461232139,1
2020-10-03,1,0,2,2,2020,0.635659036672614,1
2020-10-04,1,0,2,1,2020,0.5551762290660014,1
2020-10-05,1,0,3,1,2020,0.5062031968676104,0
2020-10-06,0,1,5,3,2020,0.6001429483353432,1
2020-10-07,1,0,5,2,2020,0.36834278823123484,0
2020-10-08,0,1,5,2,2020,0.49085623882970114,0
2020-10-09,1,0,4,1,2020,0.34157754228196857,0
2020-10-10,1,1,5,2,2020,0.43146710182198666,0
2020-10-11,0,1,5,2,2020,0.481917692135376,0
2020-10-12,1,0,4,2,2020,0.31172906140981793,0
2020-10-13,1,1,4,2,2020,0.6012273548799331,1
2020-10-14,1,1,5,2,2020,0.894417246017066,1
2020-10-15,1,1,5,3,2020,0.8886592192877184,1
2020-10-16,1,1,6,3,2020,0.6582130323074198,1
2020-10-17,1,1,6,3,2020,0.853468290483274,1
2020-10-18,0,1,6,3,2020,0.8520470368289645,1
2020-10-19,0,0,6,2,2020,0.523664385927625,1
2020-10-20,0,0,5,1,2020,0.4612448643402184,0
2020-10-21,0,0,4,0,2020,0.4863024816819021,0
2020-10-22,0,0,3,0,2020,0.40330196814861835,0
2020-10-23,1,0,2,0,2020,0.3854109580561168,0
2020-10-24,0,1,2,1,2020,0.6066987206189352,1
2020-10-25,0,0,1,1,2020,0.3813296208891,0
2020-10-26,0,0,1,1,2020,0.22191246158689235,0
2020-10-27,0,0,1,0,2020,0.3949981898847911,0
2020-10-28,1,0,1,0,2020,0.33707490724617506,0
2020-10-29,0,1,2,1,2020,0.5084469436335435,1
2020-10-30,1,0,2,1,2020,0.35645050288543045,0
2020-10-31,0,1,2,2,2020,0.49456836637832463,0
2020-11-01,1,0,2,1,2020,0.34192118035908037,0
2020-11-02,0,1,3,2,2020,0.6302256969275892,1
2020-11-03,0,0,3,1,2020,0.3040448384786239,0
2020-11-04,0,0,3,1,2020,0.22952245333658922,0
2020-11-05,0,0,2,0,2020,0.17259381905598697,0
2020-11-06,0,0,2,0,2020,0.13539008773281289,0
2020-11-07,0,0,1,0,2020,0.1279342329653663,0
2020-11-09,0,0,0,0,2020,0.09322113709524645,0
2020-11-10,0,0,0,0,2020,0.11482664393055045,0
2020-11-11,0,0,0,0,2020,0.10922312450677402,0
2020-11-12,0,0,0,0,2020,0.0977544273634497,0
2020-11-13,0,0,0,0,2020,0.08641719126801604,0
2020-11-14,0,0,0,0,2020,0.07468894841869593,0
2020-11-15,1,0,0,0,2020,0.0765023199153734,0
2020-11-16,1,1,1,1,2020,0.1715351672192283,0
2020-11-17,1,1,2,2,2020,0.4642109667238403,0
2020-11-18,0,1,3,3,2020,0.5795537962640629,1
2020-11-19,0,0,3,2,2020,0.15900913693490168,0
2020-11-20,1,0,3,1,2020,0.13668048185535087,0
2020-11-21,1,1,4,1,2020,0.3134391903766769,0
2020-11-22,0,1,5,2,2020,0.30029596431708355,0
2020-11-23,0,0,4,2,2020,0.17473448768829086,0
2020-11-24,1,0,3,1,2020,0.15029240017837148,0
2020-11-25,1,1,3,1,2020,0.20805054934631248,0
2020-11-26,1,1,4,2,2020,0.29229841385570055,0
2020-11-27,0,1,5,3,2020,0.3924152342364247,0
2020-11-28,1,0,4,2,2020,0.22510212954182224,0
2020-11-29,0,1,4,2,2020,0.38226727725154236,0
2020-11-30,0,0,4,1,2020,0.1486310008214568,0
2020-12-01,0,0,4,1,2020,0.10327080727260285,0
2020-12-02,0,0,3,0,2020,0.10647905376625721,0
2020-12-03,0,0,2,0,2020,0.08477877281574556,0
2020-12-04,0,0,1,0,2020,0.10056400948806479,0
2020-12-05,0,0,1,0,2020,0.09290929479226943,0
2020-12-06,0,0,0,0,2020,0.06470229922813053,0
2020-12-07,0,0,0,0,2020,0.053537166369082005,0
2020-12-08,0,0,0,0,2020,0.05090505243978701,0
2020-12-09,0,0,0,0,2020,0.04256648938978328,0
2020-12-10,0,0,0,0,2020,0.040888846379352466,0
2020-12-11,0,0,0,0,2020,0.034252881710505265,0
2020-12-12,0,0,0,0,2020,0.03339641977259532,0
2020-12-13,1,0,0,0,2020,0.03669675546664328,0
2020-12-14,1,1,1,1,2020,0.14341101601316866,0
2020-12-15,0,1,2,2,2020,0.39187047418217236,0
2020-12-16,0,0,2,2,2020,0.1027238785908871,0
2020-12-17,0,0,2,1,2020,0.06871145714527707,0
2020-12-18,0,0,2,0,2020,0.07833835640058695,0
2020-12-19,0,0,2,0,2020,0.1128221917154352,0
2020-12-20,0,0,2,0,2020,0.12022311389244406,0
2020-12-21,0,0,1,0,2020,0.10767096709906868,0
2020-12-22,0,0,0,0,2020,0.052808869604611855,0
2020-12-23,0,0,0,0,2020,0.05337365878742784,0
2020-12-24,1,0,0,0,2020,0.044603567873176896,0
2020-12-26,0,1,1,1,2020,0.1490817122770387,0
2020-12-27,0,0,1,1,2020,0.1072263637981458,0
2020-12-28,0,0,1,0,2020,0.05603403884156674,0
2020-12-29,0,0,1,0,2020,0.06204451555960522,0
2020-12-30,0,0,1,0,2020,0.08196550389197153,0
2020-12-31,0,0,1,0,2020,0.05689449130909901,0
2021-01-01,0,0,0,0,2021,0.04202271841028132,0
2021-01-02,0,0,0,0,2021,0.04713088249108902,0
2021-01-03,0,0,0,0,2021,0.0411910328079143,0
2021-01-04,0,0,0,0,2021,0.03882346828283871,0
2021-01-05,0,0,0,0,2021,0.035481668932113186,0
2021-01-06,0,0,0,0,2021,0.034402107647555705,0
2021-01-07,0,0,0,0,2021,0.0341987714628701,0
2021-01-08,0,0,0,0,2021,0.027842731740485217,0
2021-01-09,0,0,0,0,2021,0.030626850945377905,0
2021-01-10,0,0,0,0,2021,0.022460434372250388,0
2021-01-11,0,0,0,0,2021,0.019854932564476797,0
2021-01-12,0,0,0,0,2021,0.02134941077485295,0
2021-01-13,0,0,0,0,2021,0.022373651784180132,0
2021-01-14,0,0,0,0,2021,0.02194214563903868,0
2021-01-15,0,0,0,0,2021,0.023591582337835905,0
2021-01-16,0,0,0,0,2021,0.027892835693522793,0
2021-01-17,0,0,0,0,2021,0.027620006780818003,0
2021-01-18,0,0,0,0,2021,0.03159463394991017,0
2021-01-21,0,0,0,0,2021,0.05426915030862285,0
2021-01-22,0,0,0,0,2021,0.05443231578087447,0
2021-01-23,0,0,0,0,2021,0.0553624964925141,0
2021-01-24,0,0,0,0,2021,0.04278687643021629,0
2021-02-05,0,0,0,0,2021,0.0535607037487531,0
2021-02-06,0,0,0,0,2021,0.053039096015649975,0
2021-02-07,0,0,0,0,2021,0.04507856039272109,0
2021-02-08,0,0,0,0,2021,0.05103235867992842,0
2021-02-09,0,0,0,0,2021,0.04765416735222341,0
2021-02-10,0,0,0,0,2021,0.04722941081004965,0
2021-02-11,0,0,0,0,2021,0.0379586386652654,0
2021-02-12,0,0,0,0,2021,0.03022987634950481,0
2021-02-13,0,0,0,0,2021,0.033698376676346946,0
2021-02-14,0,0,0,0,2021,0.02333740273352726,0
2021-02-15,0,0,0,0,2021,0.033245350837062516,0
2021-02-16,0,0,0,0,2021,0.021032891545664126,0
2021-02-17,0,0,0,0,2021,0.033059250938540286,0
2021-02-18,0,0,0,0,2021,0.035860323343542784,0
2021-02-19,0,0,0,0,2021,0.038292902293207344,0
2021-02-20,0,0,0,0,2021,0.032531013436335285,0
2021-02-21,0,0,0,0,2021,0.03566975824728722,0
2021-02-22,0,0,0,0,2021,0.03455952492410701,0
2021-02-23,0,0,0,0,2021,0.034028611355498575,0
2021-02-24,0,0,0,0,2021,0.03285877702843493,0
2021-02-25,0,0,0,0,2021,0.02569707239583919,0
2021-02-26,0,0,0,0,2021,0.027903946427280883,0
2021-02-27,0,0,0,0,2021,0.02632277662607262,0
2021-02-28,0,0,0,0,2021,0.024174519620213854,0
2021-03-01,0,0,0,0,2021,0.030872587477983274,0
2021-03-02,0,0,0,0,2021,0.04303914480814446,0
2021-03-03,0,0,0,0,2021,0.027196040336498462,0
2021-03-04,0,0,0,0,2021,0.044434079134086917,0
2021-03-05,0,0,0,0,2021,0.02859790415535833,0
2021-03-06,0,0,0,0,2021,0.031434177138120606,0
2021-03-07,0,0,0,0,2021,0.025305247856457637,0
2021-03-08,0,0,0,0,2021,0.01877052143353272,0
2021-03-09,0,0,0,0,2021,0.014239352773660056,0
2021-03-11,0,0,0,0,2021,0.021066645526707648,0
2021-03-12,0,0,0,0,2021,0.024668473226822377,0
2021-03-13,0,0,0,0,2021,0.030329225631244544,0
2021-03-14,0,0,0,0,2021,0.044397880962439074,0
2021-03-15,0,0,0,0,2021,0.0330972065850157,0
2021-03-16,0,0,0,0,2021,0.02749436653716875,0
2021-03-17,0,0,0,0,2021,0.04611708783943699,0
2021-03-18,0,0,0,0,2021,0.040132936094110366,0
2021-03-19,0,0,0,0,2021,0.040145356755673337,0
2021-03-20,0,0,0,0,2021,0.03978186788318455,0
2021-03-21,0,0,0,0,2021,0.04917403745534279,0
2021-03-22,0,0,0,0,2021,0.03714118371063552,0
2021-03-23,0,0,0,0,2021,0.03366735904965466,0
2021-03-24,0,0,0,0,2021,0.03508583466172415,0
2021-03-25,0,0,0,0,2021,0.035429593454618616,0
2021-03-26,0,0,0,0,2021,0.04390883297203459,0
2021-03-27,0,0,0,0,2021,0.054535407408652474,0
2021-03-28,0,0,0,0,2021,0.05706998088668838,0
2021-03-29,0,0,0,0,2021,0.050446312735365435,0
2021-03-30,0,0,0,0,2021,0.04760509592225001,0
2021-03-31,0,0,0,0,2021,0.05177702046035383,0
2021-04-01,0,0,0,0,2021,0.05120952210615088,0
2021-04-02,0,0,0,0,2021,0.04641354834520559,0
2021-04-03,0,0,0,0,2021,0.047356254620356274,0
2021-04-04,0,0,0,0,2021,0.043955750381364234,0
2021-04-05,0,0,0,0,2021,0.03536586864950207,0
2021-04-06,1,0,0,0,2021,0.03658856922506366,0
2021-04-07,0,1,1,1,2021,0.08106464404499418,0
2021-04-08,0,0,1,1,2021,0.04897026449404916,0
2021-04-09,0,0,1,1,2021,0.03742518937782936,0
2021-04-10,0,0,1,0,2021,0.04205355851364806,0
2021-04-11,0,0,1,0,2021,0.04545375305542778,0
2021-04-12,0,0,1,0,2021,0.03987451199047369,0
2021-04-13,0,0,1,0,2021,0.05050537515169742,0
2021-04-14,0,0,0,0,2021,0.04570945136285917,0
2021-04-15,0,0,0,0,2021,0.04975912447270784,0
2021-04-16,0,0,0,0,2021,0.056949189221375845,0
2021-04-17,0,0,0,0,2021,0.06913228646215955,0
2021-04-18,0,0,0,0,2021,0.07480431074257943,0
2021-04-19,0,0,0,0,2021,0.07847957019394249,0
2021-04-20,0,0,0,0,2021,0.06638654601647204,0
2021-04-21,0,0,0,0,2021,0.06429169912268294,0
2021-04-22,0,0,0,0,2021,0.06756285907005989,0
2021-04-23,0,0,0,0,2021,0.07469663917796052,0
2021-04-24,0,0,0,0,2021,0.08363374920075263,0
2021-04-25,0,0,0,0,2021,0.08831848673259365,0
2021-04-26,0,0,0,0,2021,0.07910694171290672,0
2021-04-27,0,0,0,0,2021,0.06994678537909599,0
2021-04-28,0,0,0,0,2021,0.0716711526706397,0
2021-04-29,0,0,0,0,2021,0.07348753112376682,0
2021-04-30,0,0,0,0,2021,0.08219211762925573,0
2021-05-01,0,0,0,0,2021,0.08563330941012082,0
2021-05-02,0,0,0,0,2021,0.07691500347968806,0
2021-05-03,0,0,0,0,2021,0.07030774128730921,0
2021-05-04,1,0,0,0,2021,0.08796854204843914,0
2021-05-05,0,1,1,1,2021,0.16141563120899174,0
2021-05-06,0,0,1,1,2021,0.11151769620079797,0
2021-05-07,0,0,1,1,2021,0.088303757060709,0
2021-05-08,0,0,1,0,2021,0.11508082511090958,0
2021-05-09,0,0,1,0,2021,0.10989437274206539,0
2021-05-10,0,0,1,0,2021,0.09990985951433053,0
2021-05-11,0,0,1,0,2021,0.09044021930102407,0
2021-05-12,0,0,0,0,2021,0.11222714978251655,0
2021-05-13,0,0,0,0,2021,0.09803969438645664,0
2021-05-14,0,0,0,0,2021,0.1002940537780806,0
2021-05-15,0,0,0,0,2021,0.14607239127734775,0
2021-05-16,1,0,0,0,2021,0.19417796749459112,0
2021-05-17,1,1,1,1,2021,0.2464464434868122,0
2021-05-18,0,1,2,2,2021,0.5031275638479379,1
2021-05-19,1,0,2,2,2021,0.176977990202128,0
2021-05-20,0,1,3,2,2021,0.2573299610056159,0
2021-05-21,0,0,3,1,2021,0.1822903072506073,0
2021-05-22,0,0,3,1,2021,0.1829341609977539,0
2021-05-23,0,0,3,0,2021,0.1944333307483599,0
2021-05-24,0,0,2,0,2021,0.19268267837781888,0
2021-05-25,0,0,1,0,2021,0.1843501000531805,0
2021-05-26,0,0,1,0,2021,0.1774800963825117,0
2021-05-27,1,0,0,0,2021,0.18231208889885372,0
2021-05-28,0,1,1,1,2021,0.30546746194161317,0
2021-05-29,0,0,1,1,2021,0.24437166291771323,0
2021-05-30,0,0,1,1,2021,0.20085900356365288,0
2021-05-31,0,0,1,0,2021,0.16421661132899074,0
2021-06-01,0,0,1,0,2021,0.14447666111193358,0
2021-06-02,1,0,1,0,2021,0.12059672840500418,0
2021-06-03,1,1,2,1,2021,0.1827067552672224,0
2021-06-04,1,1,2,2,2021,0.3276225792272129,0
2021-06-05,0,1,3,3,2021,0.38644249829223515,0
2021-06-06,0,0,3,2,2021,0.21875977864110918,0
2021-06-07,0,0,3,1,2021,0.15389131694836208,0
2021-06-08,0,0,3,0,2021,0.14959480832288774,0
2021-06-09,1,0,3,0,2021,0.1293385789339121,0
2021-06-10,1,1,3,1,2021,0.28041270294705567,0
2021-06-11,0,1,3,2,2021,0.3155633457067838,0
2021-06-12,0,0,2,2,2021,0.21919301129977678,0
2021-06-13,0,0,2,1,2021,0.1914260342331696,0
2021-06-14,0,0,2,0,2021,0.17279363289776437,0
2021-06-15,0,0,2,0,2021,0.1932315258632376,0
2021-06-16,0,0,2,0,2021,0.17686633834484672,0
2021-06-17,1,0,1,0,2021,0.1681637727195475,0
2021-06-18,1,1,1,1,2021,0.28074438660132955,0
2021-06-19,0,1,2,2,2021,0.36070140719688404,0
2021-06-20,1,0,2,2,2021,0.22070059382858792,0
2021-06-21,0,1,3,2,2021,0.26058780145718724,0
2021-06-22,1,0,3,1,2021,0.21106181560187284,0
2021-06-23,0,1,4,2,2021,0.2785257954021547,0
2021-06-24,0,0,4,1,2021,0.19913875591376803,0
2021-06-25,0,0,3,1,2021,0.16465046448342222,0
2021-06-26,0,0,2,0,2021,0.20315640147013964,0
2021-06-27,0,0,2,0,2021,0.19088260411620026,0
2021-06-28,0,0,1,0,2021,0.15780716529799954,0
2021-06-29,0,0,1,0,2021,0.1517016379496492,0
2021-06-30,0,0,0,0,2021,0.14386325857694507,0
2021-07-01,0,0,0,0,2021,0.13576458414315856,0
2021-07-02,0,0,0,0,2021,0.12642853599686507,0
2021-07-03,0,0,0,0,2021,0.11960907009251028,0
2021-07-04,1,0,0,0,2021,0.11577918499487239,0
2021-07-05,0,1,1,1,2021,0.16637772710767257,0
2021-07-06,1,0,1,1,2021,0.12346146698748348,0
2021-07-07,1,1,2,2,2021,0.17984311902849043,0
2021-07-08,0,1,3,2,2021,0.23294092683981177,0
2021-07-09,0,0,3,2,2021,0.13859412363842122,0
2021-07-10,0,0,3,1,2021,0.13292778625638493,0
2021-07-11,0,0,3,0,2021,0.1409360937121605,0
2021-07-12,0,0,2,0,2021,0.14715942533140902,0
2021-07-13,0,0,2,0,2021,0.15042608614206404,0
2021-07-14,1,0,1,0,2021,0.15432093151154944,0
2021-07-15,1,1,1,1,2021,0.2724510809563763,0
2021-07-16,1,1,2,2,2021,0.39813579594244664,0
2021-07-17,1,1,3,3,2021,0.4026222305415678,0
2021-07-18,0,1,4,3,2021,0.4094744285840977,0
2021-07-19,1,0,4,2,2021,0.2572555492089747,0
2021-07-20,1,1,5,2,2021,0.5008342614535949,1
2021-07-21,1,1,6,2,2021,0.46190270251475013,0
2021-07-22,0,1,6,3,2021,0.6360865123918459,1
2021-07-23,0,0,5,2,2021,0.3725972032797088,0
2021-07-24,1,0,4,1,2021,0.38173037464686593,0
2021-07-25,1,1,4,1,2021,0.5573163952073356,1
2021-07-26,0,1,5,2,2021,0.596275686722178,1
2021-07-27,1,0,4,2,2021,0.4273059574590397,0
2021-07-28,1,1,4,2,2021,0.6261315764716862,1
2021-07-29,1,1,4,2,2021,0.5789870493931059,1
2021-07-30,0,1,5,3,2021,0.6041657998699563,1
2021-07-31,0,0,5,2,2021,0.40949464746731473,0
2021-08-01,0,0,4,1,2021,0.3336564530942375,0
2021-08-02,0,0,3,0,2021,0.338704136670611,0
2021-08-03,0,0,3,0,2021,0.29986789059180086,0
2021-08-04,0,0,2,0,2021,0.2792755274561153,0
2021-08-05,0,0,1,0,2021,0.23949609220305312,0
2021-08-06,0,0,0,0,2021,0.18671623697829112,0
2021-08-07,0,0,0,0,2021,0.19350832063238077,0
2021-08-08,0,0,0,0,2021,0.19506321280948624,0
2021-08-09,0,0,0,0,2021,0.17820119253150138,0
2021-08-10,0,0,0,0,2021,0.16276149435171264,0
2021-08-11,0,0,0,0,2021,0.16635346697100406,0
2021-08-12,0,0,0,0,2021,0.14975981332090776,0
2021-08-13,0,0,0,0,2021,0.14517142786575543,0
2021-08-14,0,0,0,0,2021,0.16316428049577786,0
2021-08-15,0,0,0,0,2021,0.14825905441805426,0
2021-08-16,0,0,0,0,2021,0.18742596219132543,0
2021-08-17,0,0,0,0,2021,0.15067561009917127,0
2021-08-18,1,0,0,0,2021,0.14416393705234623,0
2021-08-19,1,1,1,1,2021,0.2985268162832748,0
2021-08-20,1,1,2,2,2021,0.36667586791443246,0
2021-08-21,1,1,3,3,2021,0.5806496684561355,1
2021-08-22,0,1,4,3,2021,0.609280722640414,1
2021-08-23,1,0,4,2,2021,0.3075281426469203,0
2021-08-24,1,1,5,2,2021,0.34110070927845587,0
2021-08-25,1,1,6,2,2021,0.6787211998462677,1
2021-08-26,1,1,6,3,2021,0.6414958927658392,1
2021-08-27,1,1,6,3,2021,0.5054873362877512,1
2021-08-28,0,1,6,3,2021,0.6558403448553456,1
2021-08-29,1,0,5,2,2021,0.43175845716198397,0
2021-08-30,1,1,6,2,2021,0.502757672453152,1
2021-08-31,1,1,6,2,2021,0.8937063229189224,1
2021-09-01,1,1,6,3,2021,0.8018265586919855,1
2021-09-02,1,1,6,3,2021,0.8335635353711015,1
2021-09-03,0,1,6,3,2021,0.6657620535349804,1
2021-09-04,1,0,5,2,2021,0.49446158855582006,0
2021-09-05,0,1,6,2,2021,0.5677385830731376,1
2021-09-06,0,0,5,1,2021,0.4824379751504784,0
2021-09-07,0,0,4,1,2021,0.34265956125136454,0
2021-09-08,0,0,3,0,2021,0.3344495994045953,0
2021-09-09,1,0,2,0,2021,0.2540677751169465,0
2021-09-10,0,1,2,1,2021,0.4002312463223565,0
2021-09-11,0,0,2,1,2021,0.2893438068789862,0
2021-09-12,0,0,1,1,2021,0.25952775782064635,0
2021-09-13,0,0,1,0,2021,0.23552114252586887,0
2021-09-14,0,0,1,0,2021,0.2042586481118764,0
2021-09-15,0,0,1,0,2021,0.17848220051548164,0
2021-09-16,0,0,1,0,2021,0.16513392208887415,0
2021-09-17,0,0,0,0,2021,0.14515287106483396,0
2021-09-18,0,0,0,0,2021,0.15676721275798333,0
2021-09-19,0,0,0,0,2021,0.14664776230658633,0
2021-09-20,0,0,0,0,2021,0.12680131250433485,0
2021-09-21,0,0,0,0,2021,0.1134365055916692,0
2021-09-22,0,0,0,0,2021,0.09388082156873084,0
2021-09-23,0,0,0,0,2021,0.09506932049002902,0
2021-09-24,0,0,0,0,2021,0.08881847791698862,0
2021-09-25,0,0,0,0,2021,0.10327976225230993,0
2021-09-26,0,0,0,0,2021,0.09382325708512008,0
2021-09-27,0,0,0,0,2021,0.07999023713435797,0
2021-09-28,1,0,0,0,2021,0.07395967935857613,0
2021-09-29,0,1,1,1,2021,0.18524412646811017,0
2021-09-30,0,0,1,1,2021,0.1273064025542886,0
2021-10-01,0,0,1,1,2021,0.08356849193513131,0
2021-10-02,0,0,1,0,2021,0.11977836995977967,0
2021-10-03,0,0,1,0,2021,0.10045770747613403,0
2021-10-04,0,0,1,0,2021,0.08563599963820907,0
2021-10-05,0,0,1,0,2021,0.08395348491389486,0
2021-10-06,0,0,0,0,2021,0.07299016693778114,0
2021-10-07,0,0,0,0,2021,0.09110534033794862,0
2021-10-08,0,0,0,0,2021,0.060497913060490925,0
2021-10-09,0,0,0,0,2021,0.08132233357061489,0
2021-10-10,0,0,0,0,2021,0.09404173059988297,0
2021-10-11,0,0,0,0,2021,0.08368700934505309,0
2021-10-13,0,0,0,0,2021,0.08650376040442156,0
2021-10-14,0,0,0,0,2021,0.10924828980049009,0
2021-10-15,0,0,0,0,2021,0.09732328343846813,0
2021-10-16,0,0,0,0,2021,0.11503856656816884,0
2021-10-17,0,0,0,0,2021,0.10855907357980248,0
2021-10-18,0,0,0,0,2021,0.09307066134287117,0
2021-10-19,0,0,0,0,2021,0.090180207601053,0
2021-10-20,0,0,0,0,2021,0.06445615736350331,0
2021-10-21,0,0,0,0,2021,0.06762139105848229,0
2021-10-22,0,0,0,0,2021,0.0862698305296037,0
2021-10-23,0,0,0,0,2021,0.07706472634678774,0
2021-10-24,0,0,0,0,2021,0.07997796258263148,0
2021-10-25,0,0,0,0,2021,0.05471738979644844,0
2021-10-27,0,0,0,0,2021,0.06492681300836614,0
2021-10-28,0,0,0,0,2021,0.0666787278249065,0
2021-10-29,0,0,0,0,2021,0.06821590586176601,0
2021-10-30,0,0,0,0,2021,0.11418455772124496,0
2021-10-31,0,0,0,0,2021,0.1348145097498197,0
2021-11-01,0,0,0,0,2021,0.1268197186501315,0
2021-11-02,0,0,0,0,2021,0.10895993540389158,0
2021-11-03,0,0,0,0,2021,0.09085548095894808,0
2021-11-04,0,0,0,0,2021,0.09114147479483052,0
2021-11-05,0,0,0,0,2021,0.09692658599832679,0
2021-11-06,0,0,0,0,2021,0.11199431626397813,0
2021-11-07,0,0,0,0,2021,0.13046457199320122,0
2021-11-08,0,0,0,0,2021,0.1022235201152547,0
2021-11-09,0,0,0,0,2021,0.09094867783170792,0
2021-11-10,0,0,0,0,2021,0.08798037562030299,0
2021-11-11,0,0,0,0,2021,0.10124240524291653,0
2021-11-12,0,0,0,0,2021,0.10305565832124393,0
2021-11-13,0,0,0,0,2021,0.10742884235333289,0
2021-11-14,1,0,0,0,2021,0.10462278717818672,0
2021-11-15,1,1,1,1,2021,0.19952235003352217,0
2021-11-16,0,1,2,2,2021,0.329071884385892,0
2021-11-17,0,0,2,2,2021,0.12591644100293325,0
2021-11-18,0,0,2,1,2021,0.1042260399419304,0
2021-11-19,0,0,2,0,2021,0.10560937053960984,0
2021-11-20,0,0,2,0,2021,0.13165383726823288,0
2021-11-21,1,0,2,0,2021,0.12525337893418698,0
2021-11-22,0,1,2,1,2021,0.18438450754386748,0
2021-11-23,1,0,1,1,2021,0.11949119475787834,0
2021-11-24,0,1,2,2,2021,0.15502142701203098,0
2021-11-26,0,0,2,1,2021,0.09378774396343667,0
2021-11-27,0,0,2,0,2021,0.13475237992248482,0
2021-11-28,0,0,2,0,2021,0.1343157209403537,0
2021-11-29,0,0,1,0,2021,0.09844451685853108,0
2021-11-30,0,0,1,0,2021,0.06313181663440245,0
2021-12-01,0,0,0,0,2021,0.06654468060919047,0
2021-12-02,0,0,0,0,2021,0.06464780983036658,0
2021-12-03,0,0,0,0,2021,0.05375054837927695,0
2021-12-04,0,0,0,0,2021,0.06081023917836881,0
2021-12-05,0,0,0,0,2021,0.06272187746318056,0
2021-12-06,0,0,0,0,2021,0.04918926273567237,0
2021-12-07,0,0,0,0,2021,0.05119868745394582,0
2021-12-08,0,0,0,0,2021,0.05111979296456667,0
2021-12-09,0,0,0,0,2021,0.03585622001625181,0
2021-12-10,0,0,0,0,2021,0.04444361727402244,0
2021-12-11,0,0,0,0,2021,0.045383961109113254,0
2021-12-12,0,0,0,0,2021,0.05112875805396233,0
2021-12-13,0,0,0,0,2021,0.04496766190662677,0
2021-12-16,0,0,0,0,2021,0.05517683396999595,0
2021-12-17,0,0,0,0,2021,0.06063518973700735,0
2021-12-18,0,0,0,0,2021,0.0662759423417172,0
2021-12-19,0,0,0,0,2021,0.07045266715827805,0
2021-12-20,0,0,0,0,2021,0.05520133172276086,0
2021-12-21,0,0,0,0,2021,0.058227676051125075,0
2021-12-22,0,0,0,0,2021,0.04328216866841016,0
2021-12-23,0,0,0,0,2021,0.03310758500231122,0
2021-12-26,0,0,0,0,2021,0.03678951429532714,0
2021-12-27,0,0,0,0,2021,0.03679965418377743,0
2021-12-28,0,0,0,0,2021,0.026255391855040666,0
2021-12-29,0,0,0,0,2021,0.03654814433819434,0
2022-01-01,0,0,0,0,2022,0.0431551283815182,0
2022-01-02,0,0,0,0,2022,0.043151822956022386,0
2022-01-04,0,0,0,0,2022,0.05137398198998491,0
2022-01-05,0,0,0,0,2022,0.05600607182439672,0
2022-01-06,0,0,0,0,2022,0.06045160254699773,0
2022-01-07,0,0,0,0,2022,0.05325850422912115,0
2022-01-08,0,0,0,0,2022,0.0633387992612151,0
2022-01-09,0,0,0,0,2022,0.06864638447384377,0
2022-01-10,0,0,0,0,2022,0.05553616998055695,0
2022-01-11,0,0,0,0,2022,0.07026916171057077,0
2022-01-12,0,0,0,0,2022,0.058148827038502604,0
2022-01-13,0,0,0,0,2022,0.06155968070190325,0
2022-01-14,0,0,0,0,2022,0.05116066750530791,0
2022-01-15,0,0,0,0,2022,0.036325258106603,0
2022-01-16,0,0,0,0,2022,0.04461988203156712,0
2022-01-17,0,0,0,0,2022,0.04941909551667015,0
2022-01-18,0,0,0,0,2022,0.04667487332922099,0
2022-01-20,0,0,0,0,2022,0.049912630309335106,0
2022-01-21,0,0,0,0,2022,0.06610468627395692,0
2022-01-22,0,0,0,0,2022,0.06001199378013085,0
2022-01-23,0,0,0,0,2022,0.06529198195269137,0
2022-01-24,0,0,0,0,2022,0.052191248003149324,0
2022-01-25,0,0,0,0,2022,0.0332749192574125,0
2022-01-26,0,0,0,0,2022,0.03090089657809566,0
2022-01-27,0,0,0,0,2022,0.02404597394951212,0
2022-01-28,0,0,0,0,2022,0.025570071863830483,0
2022-01-29,0,0,0,0,2022,0.03100464092994115,0
2022-01-30,0,0,0,0,2022,0.03040083986069503,0
2022-01-31,0,0,0,0,2022,0.03130017842550022,0
2022-02-01,0,0,0,0,2022,0.03252897115086484,0
2022-02-02,0,0,0,0,2022,0.01940632125405214,0
2022-02-03,0,0,0,0,2022,0.025588636095525877,0
2022-02-04,0,0,0,0,2022,0.024531174028486393,0
2022-02-05,0,0,0,0,2022,0.035680507874051796,0
2022-02-06,0,0,0,0,2022,0.04655003217361254,0
2022-02-07,0,0,0,0,2022,0.039916841684131905,0
2022-02-09,0,0,0,0,2022,0.035306889270616544,0
2022-02-10,0,0,0,0,2022,0.04005722765695928,0
2022-02-11,0,0,0,0,2022,0.04448304755742772,0
2022-02-12,0,0,0,0,2022,0.04729030339954308,0
2022-02-13,0,0,0,0,2022,0.04917047510052457,0
2022-02-14,0,0,0,0,2022,0.03925819736648255,0
2022-02-15,0,0,0,0,2022,0.022884935176445773,0
2022-02-16,0,0,0,0,2022,0.031292060877386646,0
2022-02-17,0,0,0,0,2022,0.026954893682393462,0
2022-02-18,0,0,0,0,2022,0.03177658429317374,0
2022-02-19,0,0,0,0,2022,0.033352056324301715,0
2022-02-20,0,0,0,0,2022,0.03341296309340119,0
2022-02-21,0,0,0,0,2022,0.025077797978598045,0
2022-02-22,0,0,0,0,2022,0.015135122504863386,0
2022-02-23,0,0,0,0,2022,0.012885674940599359,0
2022-02-24,0,0,0,0,2022,0.018796024692417642,0
2022-02-25,0,0,0,0,2022,0.01776720906456289,0
2022-02-26,0,0,0,0,2022,0.025081928586247807,0
2022-02-27,0,0,0,0,2022,0.0263217018335952,0
2022-02-28,0,0,0,0,2022,0.029202571236405368,0
2022-03-01,0,0,0,0,2022,0.02605191852437419,0
2022-03-02,0,0,0,0,2022,0.02988814103069842,0
2022-03-03,0,0,0,0,2022,0.02537050654668809,0
2022-03-04,0,0,0,0,2022,0.017649011837168365,0
2022-03-05,0,0,0,0,2022,0.01643515184263597,0
2022-03-06,0,0,0,0,2022,0.022786858605153535,0
2022-03-07,0,0,0,0,2022,0.02835631974454673,0
2022-03-08,0,0,0,0,2022,0.02811628141241881,0
2022-03-09,0,0,0,0,2022,0.026162821737818216,0
2022-03-10,0,0,0,0,2022,0.026234817164034946,0
2022-03-11,0,0,0,0,2022,0.028191590068168706,0
2022-03-12,0,0,0,0,2022,0.03040168214802784,0
2022-03-13,0,0,0,0,2022,0.030727626499701285,0
2022-03-14,0,0,0,0,2022,0.041143057662326225,0
2022-03-15,0,0,0,0,2022,0.03762966250805973,0
2022-03-16,0,0,0,0,2022,0.0406530574223866,0
2022-03-17,0,0,0,0,2022,0.03553136621797907,0
2022-03-18,0,0,0,0,2022,0.03871338716917746,0
2022-03-19,0,0,0,0,2022,0.0329920153059958,0
2022-03-20,0,0,0,0,2022,0.02323546364934472,0
2022-03-21,0,0,0,0,2022,0.028242016089884234,0
2022-03-22,0,0,0,0,2022,0.026954978515737072,0
2022-03-23,0,0,0,0,2022,0.026833425534587858,0
2022-03-24,0,0,0,0,2022,0.025666407018669186,0
2022-03-25,0,0,0,0,2022,0.026516830047312492,0
2022-03-26,0,0,0,0,2022,0.032445511613551546,0
2022-03-27,0,0,0,0,2022,0.03657064072544429,0
2022-03-29,0,0,0,0,2022,0.02517953011993173,0
2022-03-30,0,0,0,0,2022,0.036409456577118415,0
2022-03-31,0,0,0,0,2022,0.035039165426649296,0
2022-04-01,0,0,0,0,2022,0.04158683352545639,0
2022-04-02,0,0,0,0,2022,0.05570894349155517,0
2022-04-03,0,0,0,0,2022,0.0512021384884614,0
2022-04-04,0,0,0,0,2022,0.05476953175214389,0
2022-04-05,0,0,0,0,2022,0.046211271125388455,0
2022-04-06,0,0,0,0,2022,0.05101712973506725,0
2022-04-07,0,0,0,0,2022,0.054048901693748236,0
2022-04-08,0,0,0,0,2022,0.05796099773772343,0
2022-04-09,0,0,0,0,2022,0.06329640583314797,0
2022-04-10,0,0,0,0,2022,0.06406889208428936,0
2022-04-11,0,0,0,0,2022,0.05337533545771337,0
2022-04-13,0,0,0,0,2022,0.05729070135873079,0
2022-04-14,0,0,0,0,2022,0.06535810529885719,0
2022-04-15,0,0,0,0,2022,0.0692314585416438,0
2022-04-16,0,0,0,0,2022,0.0748334587571742,0
2022-04-17,0,0,0,0,2022,0.05896432180634116,0
2022-04-18,0,0,0,0,2022,0.051766551646971366,0
2022-04-19,0,0,0,0,2022,0.04485298458116543,0
2022-04-20,0,0,0,0,2022,0.03852448238331697,0
2022-04-21,0,0,0,0,2022,0.03886555808341206,0
2022-04-22,0,0,0,0,2022,0.026256981340970577,0
2022-04-23,0,0,0,0,2022,0.03324784893861378,0
2022-04-24,0,0,0,0,2022,0.04348624394012458,0
2022-04-25,0,0,0,0,2022,0.03697660226097014,0
2022-04-26,0,0,0,0,2022,0.03366378070355015,0
2022-04-27,0,0,0,0,2022,0.038749402867882914,0
2022-04-28,0,0,0,0,2022,0.03516911080711316,0
2022-04-29,0,0,0,0,2022,0.0416504710838963,0
2022-04-30,0,0,0,0,2022,0.05398720296586286,0
2022-05-01,0,0,0,0,2022,0.056109643524874846,0
2022-05-02,0,0,0,0,2022,0.06371764948640017,0
2022-05-03,0,0,0,0,2022,0.05937525362271823,0
2022-05-04,0,0,0,0,2022,0.06927487051270849,0
2022-05-05,0,0,0,0,2022,0.07474153791838829,0
2022-05-06,0,0,0,0,2022,0.0776757452136268,0
2022-05-07,0,0,0,0,2022,0.0730673579975263,0
2022-05-08,0,0,0,0,2022,0.08385708907313522,0
2022-05-09,0,0,0,0,2022,0.07627730974013607,0
2022-05-10,0,0,0,0,2022,0.07229465432155142,0
2022-05-11,0,0,0,0,2022,0.07239835236675643,0
2022-05-12,0,0,0,0,2022,0.0813850079688721,0
2022-05-13,0,0,0,0,2022,0.0832334865103703,0
2022-05-14,0,0,0,0,2022,0.10477546880657511,0
2022-05-15,0,0,0,0,2022,0.09910413143751479,0
2022-05-16,0,0,0,0,2022,0.09358467052514927,0
2022-05-17,0,0,0,0,2022,0.076727477772864,0
2022-05-18,1,0,0,0,2022,0.08559894743496146,0
2022-05-19,1,1,1,1,2022,0.19304543744301242,0
2022-05-20,0,1,2,2,2022,0.35767511838970933,1
2022-05-21,0,0,2,2,2022,0.1614348568056577,0
2022-05-22,1,0,2,1,2022,0.13914168663202892,0
2022-05-23,1,1,3,1,2022,0.2367791366644357,0
2022-05-24,0,1,4,2,2022,0.2958242647471181,0
2022-05-25,0,0,4,2,2022,0.16597115317582298,0
2022-05-26,0,0,3,1,2022,0.14456165888900213,0
2022-05-27,1,0,2,0,2022,0.12600866238103534,0
2022-05-28,1,1,3,1,2022,0.24736268777131565,0
2022-05-29,1,1,4,2,2022,0.3082026818803954,0
2022-05-30,0,1,4,3,2022,0.33272237153182416,0
2022-05-31,0,0,3,2,2022,0.21547389536848005,0
2022-06-01,0,0,3,1,2022,0.17367891303132232,0
2022-06-02,0,0,3,0,2022,0.1790908927935897,0
2022-06-03,0,0,3,0,2022,0.1676016426586898,0
2022-06-04,0,0,2,0,2022,0.18408814047299485,0
2022-06-05,0,0,1,0,2022,0.18562366954221768,0
2022-06-06,1,0,0,0,2022,0.15925246532420378,0
2022-06-07,0,1,1,1,2022,0.30823562284455563,0
2022-06-08,1,0,1,1,2022,0.22544936638348287,0
2022-06-09,1,1,2,2,2022,0.39032100819456395,1
2022-06-10,0,1,3,2,2022,0.4071432786911513,1
2022-06-11,0,0,3,2,2022,0.2576213233612129,0
2022-06-12,0,0,3,1,2022,0.2099711909474423,0
2022-06-13,0,0,3,0,2022,0.1655036184630039,0
2022-06-14,0,0,2,0,2022,0.1903163549682667,0
2022-06-15,0,0,2,0,2022,0.17048290452827783,0
2022-06-16,1,0,1,0,2022,0.1650684455427931,0
2022-06-17,0,0,0,0,2022,0.15370960554405205,0
2022-06-18,0,0,1,1,2022,0.24531595775904327,0
2022-06-19,1,0,1,1,2022,0.18732305341439143,0
2022-06-20,1,0,1,0,2022,0.17137070580006117,0
2022-06-21,0,1,3,2,2022,0.3623996617931846,1
2022-06-22,0,0,3,2,2022,0.20205374543526108,0
2022-06-23,1,0,3,1,2022,0.13813871471534572,0
2022-06-24,1,0,2,0,2022,0.13031566257850247,0
2022-06-25,0,1,4,2,2022,0.3435476027937778,1
2022-06-26,0,0,4,2,2022,0.18457382574436662,0
2022-06-27,0,0,3,1,2022,0.17070671125988227,0
2022-06-28,0,0,2,0,2022,0.1898304645400664,0
2022-06-29,0,0,2,0,2022,0.1976381739204673,0
2022-06-30,0,0,2,0,2022,0.2056274319789693,0
2022-07-01,0,0,1,0,2022,0.1950861836881948,0
2022-07-02,0,0,0,0,2022,0.19558682407108338,0
2022-07-03,0,0,0,0,2022,0.19586401372490658,0
2022-07-04,0,0,0,0,2022,0.19148225255885562,0
2022-07-05,0,0,0,0,2022,0.1616499694548857,0
2022-07-06,1,0,0,0,2022,0.1644381676627477,0
2022-07-07,1,1,1,1,2022,0.33500486236545635,0
2022-07-08,0,1,2,2,2022,0.4286329756263836,1
2022-07-09,1,0,2,2,2022,0.2703197876033764,0
2022-07-10,0,0,2,1,2022,0.22506061866612412,0
2022-07-11,0,0,3,1,2022,0.252837165659226,0
2022-07-12,0,0,3,1,2022,0.2131507035668813,0
2022-07-13,1,0,3,0,2022,0.1855963429739929,0
2022-07-14,1,1,3,1,2022,0.33332976740520004,0
2022-07-15,1,1,3,2,2022,0.4431286416774223,1
2022-07-16,0,1,4,3,2022,0.4676898441628657,1
2022-07-17,0,0,3,2,2022,0.31098734764051283,0
2022-07-18,0,0,3,1,2022,0.31400289877136306,0
2022-07-19,0,0,3,0,2022,0.24865756319390478,0
2022-07-20,1,0,3,0,2022,0.23659230241394502,0
2022-07-21,0,1,3,1,2022,0.36649122441654836,1
2022-07-22,0,0,2,1,2022,0.2743069532785267,0
2022-07-23,0,0,1,1,2022,0.22748701908443203,0
2022-07-24,0,0,1,0,2022,0.21311147373076694,0
2022-07-25,0,0,1,0,2022,0.2092236635222013,0
2022-07-26,0,0,1,0,2022,0.21165867403615624,0
2022-07-27,0,0,1,0,2022,0.18663550270345688,0
2022-07-28,0,0,0,0,2022,0.18023934940549138,0
2022-07-29,0,0,0,0,2022,0.15774606910870526,0
2022-07-30,0,0,0,0,2022,0.17997571304349638,0
2022-07-31,0,0,0,0,2022,0.1895987827809417,0
2022-08-01,0,0,0,0,2022,0.18948897682390586,0
2022-08-02,0,0,0,0,2022,0.17166837209899655,0
2022-08-03,1,0,0,0,2022,0.1918314960990546,0
2022-08-04,0,1,1,1,2022,0.3759715007099786,1
2022-08-05,1,0,1,1,2022,0.29338042840092043,0
2022-08-06,0,1,2,2,2022,0.3985498820883799,1
2022-08-07,0,0,2,1,2022,0.31123913087410265,0
2022-08-08,0,0,2,1,2022,0.2581114190890692,0
2022-08-09,0,0,2,0,2022,0.25330826421131,0
2022-08-10,0,0,2,0,2022,0.24681639019481444,0
2022-08-11,0,0,1,0,2022,0.23960622189938263,0
2022-08-12,0,0,1,0,2022,0.2340934299209457,0
2022-08-13,0,0,0,0,2022,0.22324214636910739,0
2022-08-14,0,0,0,0,2022,0.20903629365778817,0
2022-08-15,0,0,0,0,2022,0.19017052605347198,0
2022-08-16,0,0,0,0,2022,0.19781419734082942,0
2022-08-17,1,0,0,0,2022,0.2094674796774548,0
2022-08-18,1,1,1,1,2022,0.4812163297895926,1
2022-08-19,1,1,2,2,2022,0.5636637816335147,1
2022-08-20,0,1,3,3,2022,0.4291835813489864,1
2022-08-21,0,0,3,2,2022,0.25805738303834647,0
2022-08-22,0,0,3,1,2022,0.20092268571962,0
2022-08-23,0,0,3,0,2022,0.2219642082638784,0
2022-08-24,0,0,3,0,2022,0.22121848290980692,0
2022-08-25,1,0,2,0,2022,0.23709963908461723,0
2022-08-26,0,1,2,1,2022,0.4460974920550328,1
2022-08-27,0,1,1,1,2022,0.37445172961830886,1
2022-08-28,0,0,1,1,2022,0.29711259330900636,0
2022-08-29,1,0,1,0,2022,0.28680222258412486,0
2022-08-30,0,1,2,1,2022,0.4993129962587125,1
2022-08-31,1,0,2,1,2022,0.3458125928066836,1
2022-09-01,1,1,3,2,2022,0.5236129467333204,1
2022-09-02,1,1,3,2,2022,0.6728166527311059,1
2022-09-03,0,1,4,3,2022,0.5561273648706345,1
2022-09-04,1,0,4,2,2022,0.4218120277792779,1
2022-09-05,0,1,5,2,2022,0.48271586300729974,1
2022-09-06,1,0,4,1,2022,0.4312653827786433,1
2022-09-07,1,1,5,2,2022,0.7001325031120107,1
2022-09-08,0,1,5,2,2022,0.6410137052094188,1
2022-09-09,0,0,4,2,2022,0.3609845941982918,1
2022-09-10,0,0,3,1,2022,0.3576402672187927,1
2022-09-11,0,0,3,0,2022,0.4070498466435156,1
2022-09-12,0,0,2,0,2022,0.3786051100865509,1
2022-09-13,0,0,2,0,2022,0.3067674817133974,0
2022-09-14,0,0,1,0,2022,0.2675904485521059,0
2022-09-15,0,0,0,0,2022,0.21941240614279484,0
2022-09-16,0,0,0,0,2022,0.19952000845908846,0
2022-09-17,0,0,0,0,2022,0.21017758916761373,0
2022-09-18,0,0,0,0,2022,0.2055915155493574,0
2022-09-19,1,0,0,0,2022,0.17254368110915336,0
2022-09-20,0,1,1,1,2022,0.314387561786457,0
2022-09-21,1,0,1,1,2022,0.20266629521705645,0
2022-09-22,1,1,2,2,2022,0.5840839504010229,1
2022-09-23,0,1,3,2,2022,0.7440758328324908,1
2022-09-24,0,0,3,2,2022,0.3234456886762851,0
2022-09-25,1,0,3,1,2022,0.2552264018547738,0
2022-09-26,0,1,4,1,2022,0.40939405401580414,1
2022-09-27,0,0,3,1,2022,0.3400690923711936,0
2022-09-28,1,0,3,1,2022,0.281434834142868,0
2022-09-29,1,1,3,1,2022,0.7511626785557871,1
2022-09-30,1,1,3,2,2022,0.8277576080154547,1
2022-10-01,1,1,4,3,2022,0.808434377283506,1
2022-10-02,0,1,5,3,2022,0.6088314158010664,1
2022-10-03,0,0,4,2,2022,0.4162896303963756,1
2022-10-04,0,0,4,1,2022,0.34737567614991544,1
2022-10-05,0,0,4,0,2022,0.3321549300759074,0
2022-10-06,0,0,3,0,2022,0.2945813810435151,0
2022-10-07,0,0,2,0,2022,0.23053433769107218,0
2022-10-08,0,0,1,0,2022,0.19310265184369169,0
2022-10-09,0,0,0,0,2022,0.22830768139988056,0
2022-10-10,0,0,0,0,2022,0.1980691568114233,0
2022-10-11,0,0,0,0,2022,0.18047984890197993,0
2022-10-12,0,0,0,0,2022,0.18477398373741216,0
2022-10-13,0,0,0,0,2022,0.18232528587359623,0
2022-10-14,0,0,0,0,2022,0.1536676754717126,0
2022-10-15,0,0,0,0,2022,0.135452041964827,0
2022-10-16,1,0,0,0,2022,0.10821851341666394,0
2022-10-17,0,1,1,1,2022,0.2171761511542193,0
2022-10-18,0,0,1,1,2022,0.1320043990685634,0
2022-10-19,0,0,1,1,2022,0.10061136602422083,0
2022-10-20,0,0,1,0,2022,0.09774206267027002,0
2022-10-21,0,0,1,0,2022,0.10634773083925532,0
2022-10-22,0,0,1,0,2022,0.1062381091628185,0
2022-10-23,0,0,1,0,2022,0.10703891560399964,0
2022-10-24,0,0,0,0,2022,0.0714772414813441,0
2022-10-25,0,0,0,0,2022,0.06908340860319534,0
2022-10-26,0,0,0,0,2022,0.07800766139994089,0
2022-10-27,0,0,0,0,2022,0.0778895730673624,0
2022-10-28,0,0,0,0,2022,0.09855309753647236,0
2022-10-29,0,0,0,0,2022,0.12176821252376047,0
2022-10-30,0,0,0,0,2022,0.1239417015453736,0
2022-10-31,0,0,0,0,2022,0.11359329933255012,0
2022-11-01,1,0,0,0,2022,0.10094096480585968,0
2022-11-04,0,1,1,1,2022,0.1539440257994598,0
2022-11-05,0,0,1,0,2022,0.20015902822321102,0
2022-11-06,0,0,1,0,2022,0.2033532302130594,0
2022-11-07,0,0,1,0,2022,0.17629250821535725,0
2022-11-11,0,0,0,0,2022,0.11970433270574113,0
2022-11-12,0,0,0,0,2022,0.16577964911581394,0
2022-11-13,0,0,0,0,2022,0.1788768439622595,0
2022-11-14,0,0,0,0,2022,0.16590764746567227,0
2022-11-15,0,0,0,0,2022,0.1380929685829821,0
2022-11-16,0,0,0,0,2022,0.07672449400093717,0
2022-11-17,0,0,0,0,2022,0.07035182609794992,0
2022-11-18,0,0,0,0,2022,0.07347018341004347,0
2022-11-19,0,0,0,0,2022,0.07930845961266973,0
2022-11-20,0,0,0,0,2022,0.06727957365036749,0
2022-11-21,0,0,0,0,2022,0.050831817871613234,0
2022-11-22,0,0,0,0,2022,0.04759151705179705,0
2022-11-23,0,0,0,0,2022,0.04845607400688963,0
2022-11-25,0,0,0,0,2022,0.044188201302334196,0
2022-11-26,0,0,0,0,2022,0.06359897625430067,0
2022-11-27,0,0,0,0,2022,0.0634930104332051,0
2022-11-28,0,0,0,0,2022,0.05899103657703773,0
2022-11-29,0,0,0,0,2022,0.05060769310616474,0
2022-12-01,0,0,0,0,2022,0.07560772290700958,0
2022-12-02,0,0,0,0,2022,0.0652031980075467,0
2022-12-03,0,0,0,0,2022,0.06715729461077241,0
2022-12-04,0,0,0,0,2022,0.07679023485542087,0
2022-12-06,0,0,0,0,2022,0.087538943434048,0
2022-12-08,0,0,0,0,2022,0.08081038763388676,0
2022-12-09,0,0,0,0,2022,0.08454255316733575,0
2022-12-10,0,0,0,0,2022,0.07168771046713979,0
2022-12-15,0,0,0,0,2022,0.05056889137566983,0
2022-12-16,0,0,0,0,2022,0.043162118871949214,0
2022-12-17,0,0,0,0,2022,0.048320473008286915,0
2022-12-18,0,0,0,0,2022,0.04851257390495621,0
2022-12-19,0,0,0,0,2022,0.03620930771399193,0
2022-12-20,0,0,0,0,2022,0.03714425351661289,0
2022-12-21,0,0,0,0,2022,0.02909754437170846,0
2022-12-22,0,0,0,0,2022,0.029346863477053786,0
2022-12-23,0,0,0,0,2022,0.030553574874561045,0
2022-12-24,0,0,0,0,2022,0.03398680097914609,0
2022-12-26,0,0,0,0,2022,0.03366908274894808,0
2022-12-27,0,0,0,0,2022,0.04126171607367932,0
2022-12-28,0,0,0,0,2022,0.03491102506369822,0
2022-12-29,0,0,0,0,2022,0.04045461395903692,0
2022-12-30,0,0,0,0,2022,0.04644740770950131,0
2022-12-31,0,0,0,0,2022,0.04271280574647718,0
2023-01-13,0,0,0,0,2023,0.029368475980133847,0
2023-01-14,0,0,0,0,2023,0.022633284390177845,0
2023-01-16,0,0,0,0,2023,0.021346484106452564,0
2023-01-18,0,0,0,0,2023,0.02870228304376729,0
2023-01-19,0,0,0,0,2023,0.021972742410165325,0
2023-01-20,0,0,0,0,2023,0.0255040643028771,0
2023-01-21,0,0,0,0,2023,0.02694733382033591,0
2023-01-22,0,0,0,0,2023,0.024795859447463837,0
2023-01-23,0,0,0,0,2023,0.01500646993392811,0
2023-01-24,0,0,0,0,2023,0.02044325607747045,0
2023-01-25,0,0,0,0,2023,0.020832970311943633,0
2023-01-26,0,0,0,0,2023,0.016801096636008876,0
2023-01-27,0,0,0,0,2023,0.024913391078452102,0
2023-01-28,0,0,0,0,2023,0.02600201303090717,0
2023-01-29,0,0,0,0,2023,0.02281427138802587,0
2023-01-31,0,0,0,0,2023,0.02349028224742699,0
2023-02-01,0,0,0,0,2023,0.030481280434546024,0
2023-02-03,0,0,0,0,2023,0.03922628364364928,0
2023-02-04,0,0,0,0,2023,0.036757289297182624,0
2023-02-05,0,0,0,0,2023,0.032763927132445275,0
2023-02-07,0,0,0,0,2023,0.02730391038135347,0
2023-02-08,0,0,0,0,2023,0.02694471387256151,0
2023-02-09,0,0,0,0,2023,0.027498004197783785,0
2023-02-10,0,0,0,0,2023,0.020709080134204153,0
2023-02-11,0,0,0,0,2023,0.01544556150066297,0
2023-02-12,0,0,0,0,2023,0.020983380340621957,0
2023-02-13,0,0,0,0,2023,0.01821449073428821,0
2023-02-16,0,0,0,0,2023,0.021016853720929415,0
2023-02-17,0,0,0,0,2023,0.021730589947197138,0
2023-02-18,0,0,0,0,2023,0.024613860547080837,0
2023-02-19,0,0,0,0,2023,0.025821161428834442,0
2023-02-20,0,0,0,0,2023,0.02489241277240253,0
2023-03-05,0,0,0,0,2023,0.0384544019405968,0
2023-03-14,0,0,0,0,2023,0.03020376630737169,0
2023-03-16,0,0,0,0,2023,0.025833178225638853,0
2023-03-17,0,0,0,0,2023,0.027351978910593218,0
2023-03-18,0,0,0,0,2023,0.02888230374003846,0
2023-03-19,0,0,0,0,2023,0.03246002951153933,0
2023-03-28,0,0,0,0,2023,0.03304463374205404,0
2023-03-29,0,0,0,0,2023,0.027814799487049537,0
2023-03-31,0,0,0,0,2023,0.02801474221341936,0
2023-04-01,0,0,0,0,2023,0.0292718522503516,0
2023-04-02,0,0,0,0,2023,0.04878240783557134,0
2023-04-03,0,0,0,0,2023,0.03149565696196878,0
2023-04-04,0,0,0,0,2023,0.030590656550803466,0
2023-04-05,0,0,0,0,2023,0.042948236242126694,0
2023-04-06,0,0,0,0,2023,0.0408890911999628,0
2023-04-07,0,0,0,0,2023,0.034355677829614385,0
2023-04-08,0,0,0,0,2023,0.030518642810720777,0
2023-04-09,0,0,0,0,2023,0.03049241509628138,0
2023-04-10,0,0,0,0,2023,0.025112402150339514,0
2023-04-11,0,0,0,0,2023,0.024345864523933367,0
2023-04-12,0,0,0,0,2023,0.01863909263910762,0
2023-04-14,0,0,0,0,2023,0.021488820623086,0
2023-04-15,0,0,0,0,2023,0.029933397083225743,0
2023-04-16,0,0,0,0,2023,0.035544210032484654,0
2023-04-17,0,0,0,0,2023,0.03057938079825901,0
2023-04-18,0,0,0,0,2023,0.022913749344790704,0
2023-04-20,0,0,0,0,2023,0.032057838148509134,0
2023-04-21,0,0,0,0,2023,0.032243081948431895,0
2023-04-22,0,0,0,0,2023,0.0330690075872188,0
2023-04-23,0,0,0,0,2023,0.038060274651731334,0
2023-04-24,0,0,0,0,2023,0.037701412128408274,0
2023-04-25,0,0,0,0,2023,0.03468777353088464,0
2023-04-26,0,0,0,0,2023,0.04038340906938767,0
2023-04-27,0,0,0,0,2023,0.03776654686088252,0
2023-04-28,0,0,0,0,2023,0.04290448941386513,0
2023-04-29,0,0,0,0,2023,0.045583472358416796,0
2023-04-30,0,0,0,0,2023,0.04520764280566865,0
2023-05-01,0,0,0,0,2023,0.03864116849910161,0
2023-05-02,0,0,0,0,2023,0.044030771010488266,0
2023-05-03,0,0,0,0,2023,0.04576550677459235,0
2023-05-04,0,0,0,0,2023,0.0417152187408972,0
2023-05-05,0,0,0,0,2023,0.04641601036054732,0
2023-05-06,0,0,0,0,2023,0.04670383257204105,0
2023-05-07,0,0,0,0,2023,0.051032959909616565,0
2023-05-08,0,0,0,0,2023,0.05676810797654282,0
2023-05-09,0,0,0,0,2023,0.0541659053988512,0
2023-05-10,0,0,0,0,2023,0.05652984275762431,0
2023-05-11,0,0,0,0,2023,0.052516768578237526,0
2023-05-12,0,0,0,0,2023,0.05438790124545257,0
2023-05-13,0,0,0,0,2023,0.060718552412432236,0
2023-05-14,0,0,0,0,2023,0.05542486964558925,0
2023-05-15,0,0,0,0,2023,0.051973298137567965,0
2023-05-16,0,0,0,0,2023,0.04783630005625849,0
2023-05-17,0,0,0,0,2023,0.044289346014676205,0
2023-05-18,0,0,0,0,2023,0.046612128102240795,0
2023-05-19,1,0,0,0,2023,0.047726197313103985,0
2023-05-20,0,1,1,1,2023,0.25137879612440556,0
2023-05-21,0,0,1,1,2023,0.1819065892648076,0
2023-05-22,0,0,1,1,2023,0.1332810605920429,0
2023-05-23,0,0,1,0,2023,0.1242177206441965,0
2023-05-24,0,0,1,0,2023,0.13794246539281618,0
2023-05-25,0,0,1,0,2023,0.13169383173328864,0
2023-05-26,0,0,1,0,2023,0.1434391729489619,0
2023-05-27,0,0,0,0,2023,0.14972136942025155,0
2023-05-28,0,0,0,0,2023,0.1652144601209831,0
2023-05-29,0,0,0,0,2023,0.16701007368194773,0
2023-05-30,0,0,0,0,2023,0.15785105492824886,0
2023-05-31,1,0,0,0,2023,0.15122833735513563,0
2023-06-01,0,1,1,1,2023,0.304765399784822,0
2023-06-02,1,0,1,1,2023,0.20307181512097044,0
2023-06-03,0,1,2,2,2023,0.3431689850715764,0
2023-06-04,0,0,2,1,2023,0.30333614993535635,0
2023-06-05,0,0,2,1,2023,0.1822515044934508,0
2023-06-06,0,0,2,0,2023,0.17790785112201218,0
2023-06-07,0,0,2,0,2023,0.17599313137331066,0
2023-06-08,0,0,1,0,2023,0.1650410800748069,0
2023-06-09,0,0,1,0,2023,0.15313180366058562,0
2023-06-10,0,0,0,0,2023,0.142487453979928,0
2023-06-11,0,0,0,0,2023,0.13141968168175383,0
2023-06-12,0,0,0,0,2023,0.11695354647391787,0
2023-06-13,0,0,0,0,2023,0.09806047777438551,0
2023-06-14,0,0,0,0,2023,0.08768906544005461,0
2023-06-15,0,0,0,0,2023,0.11411472496600787,0
2023-06-16,0,0,0,0,2023,0.09184631225604885,0
2023-06-17,0,0,0,0,2023,0.08746868821175167,0
2023-06-18,0,0,0,0,2023,0.09731533242309023,0
2023-06-19,0,0,0,0,2023,0.08902141094725712,0
2023-06-20,0,0,0,0,2023,0.09502533638754358,0
2023-06-21,0,0,0,0,2023,0.08374042408617983,0
2023-06-22,0,0,0,0,2023,0.09007865626023655,0
2023-06-23,0,0,0,0,2023,0.09175874938275111,0
2023-06-24,0,0,0,0,2023,0.09410511215649013,0
2023-06-25,1,0,0,0,2023,0.09492817249336948,0
2023-06-26,0,1,1,1,2023,0.20691353588088823,0
2023-06-27,0,0,1,1,2023,0.14296373736087148,0
2023-06-28,0,0,1,1,2023,0.1337865284860216,0
2023-06-29,0,0,1,0,2023,0.1369845556317929,0
2023-06-30,0,0,1,0,2023,0.16325198890529147,0
2023-07-01,0,0,1,0,2023,0.1972266714970816,0
2023-07-02,0,0,1,0,2023,0.17279746702151305,0
2023-07-03,0,0,0,0,2023,0.14624319805467623,0
2023-07-04,1,0,0,0,2023,0.1425839357901241,0
2023-07-05,0,1,1,1,2023,0.26057226041550435,0
2023-07-06,0,0,1,1,2023,0.17260778849661368,0
2023-07-07,0,0,1,1,2023,0.14106493402196488,0
2023-07-08,0,0,1,0,2023,0.13276106319041314,0
2023-07-09,0,0,1,0,2023,0.18209536011719946,0
2023-07-10,0,0,1,0,2023,0.11980239543219386,0
2023-07-11,0,0,1,0,2023,0.12609261114902354,0
2023-07-12,0,0,0,0,2023,0.12354616471464655,0
2023-07-13,0,0,0,0,2023,0.12270237860621425,0
2023-07-14,0,0,0,0,2023,0.11960740164693688,0
2023-07-15,0,0,0,0,2023,0.12406234365514193,0
2023-07-16,1,0,0,0,2023,0.11939220978829865,0
2023-07-17,0,1,1,1,2023,0.2192867931020659,0
2023-07-18,0,0,1,1,2023,0.17056356688687854,0
2023-07-19,0,0,1,1,2023,0.12093879261524126,0
2023-07-20,1,0,1,0,2023,0.136677448313055,0
2023-07-21,0,1,2,1,2023,0.2605962787891188,0
2023-07-22,0,0,2,1,2023,0.21577779327514118,0
2023-07-23,0,0,2,1,2023,0.17545435461535555,0
2023-07-24,0,0,1,0,2023,0.18857320018436496,0
2023-07-25,0,0,1,0,2023,0.1882138933026006,0
2023-07-26,0,0,1,0,2023,0.18984223740790007,0
2023-07-27,0,0,1,0,2023,0.19718151384917118,0
2023-07-28,0,0,0,0,2023,0.1730911008556012,0
2023-07-29,1,0,0,0,2023,0.19110906635055247,0
2023-07-30,0,1,1,1,2023,0.35288575784908904,0
2023-07-31,1,0,1,1,2023,0.2646136245648627,0
2023-08-01,0,1,2,2,2023,0.34815461678946596,0
2023-08-02,0,0,2,1,2023,0.2627956956995165,0
2023-08-03,0,0,2,1,2023,0.20464627769877722,0
2023-08-04,1,0,2,0,2023,0.2014378707892128,0
2023-08-05,1,1,3,1,2023,0.4085405962348937,0
2023-08-06,1,1,3,2,2023,0.5485384097674798,1
2023-08-07,1,1,4,3,2023,0.4920108783090673,0
2023-08-08,1,1,4,3,2023,0.3994075077174925,0
2023-08-09,1,1,5,3,2023,0.4267708987721122,0
2023-08-10,1,1,6,3,2023,0.42118747209753765,0
2023-08-11,1,1,7,3,2023,0.49975505138111836,1
2023-08-12,0,1,7,3,2023,0.46670188708225036,0
2023-08-13,1,0,6,2,2023,0.27759131521725117,0
2023-08-14,1,1,6,2,2023,0.4094096159948313,0
2023-08-15,0,1,6,2,2023,0.46139623555773274,0
2023-08-16,1,0,5,2,2023,0.33156623789607637,0
2023-08-17,1,1,5,2,2023,0.5140731802432559,1
2023-08-18,1,1,5,2,2023,0.5148643873403728,1
2023-08-19,1,1,5,3,2023,0.6033953535883834,1
2023-08-21,0,1,5,2,2023,0.346418345230403,0
2023-08-22,0,0,4,1,2023,0.30292160192442585,0
2023-08-23,0,0,4,0,2023,0.32747347289584566,0
2023-08-24,0,0,3,0,2023,0.3251983479429747,0
2023-08-25,0,0,2,0,2023,0.3524856662856154,0
2023-08-26,0,0,1,0,2023,0.38448801820075457,0
2023-08-27,0,0,0,0,2023,0.33183990133102137,0
2023-08-28,0,0,0,0,2023,0.29015616163537084,0
2023-08-29,0,0,0,0,2023,0.23667494652988835,0
2023-08-30,1,0,0,0,2023,0.24481983396521378,0
2023-08-31,1,1,1,1,2023,0.8073398260708589,1
2023-09-01,1,1,2,2,2023,0.6712591975915849,1
2023-09-02,0,1,3,3,2023,0.6129262689660097,1
2023-09-03,0,0,3,2,2023,0.38429132138723104,0
2023-09-04,0,0,3,1,2023,0.29752541934304993,0
2023-09-05,0,0,3,0,2023,0.2923668779249066,0
2023-09-06,0,0,3,0,2023,0.2546121589474549,0
2023-09-07,0,0,2,0,2023,0.20551331340006748,0
2023-09-08,1,0,1,0,2023,0.1798680400923028,0
2023-09-09,0,1,1,1,2023,0.6665136717606776,1
2023-09-10,0,0,1,1,2023,0.34230916279256574,0
2023-09-11,1,0,1,1,2023,0.2846018327876719,0
2023-09-12,1,1,2,1,2023,0.5304363307145091,1
2023-09-13,1,1,3,2,2023,0.561740028049245,1
2023-09-14,0,1,4,3,2023,0.45844300329564797,0
2023-09-15,1,0,4,2,2023,0.31445934498983813,0
2023-09-16,1,1,4,2,2023,0.29247143486910787,0
2023-09-17,1,1,5,2,2023,0.3180400364253691,0
2023-09-18,0,1,6,3,2023,0.2819519132457092,0
2023-09-19,0,0,5,2,2023,0.15475793765434956,0
2023-09-20,0,0,4,1,2023,0.15174867528628908,0
2023-09-21,0,0,3,0,2023,0.14881911736050427,0
2023-09-22,0,0,3,0,2023,0.13996162842506238,0
2023-09-23,0,0,2,0,2023,0.1474120765053557,0
2023-09-24,0,0,1,0,2023,0.15169570841886737,0
2023-09-25,0,0,0,0,2023,0.1758763401380445,0
2023-09-26,0,0,0,0,2023,0.1716146727164915,0
2023-09-27,0,0,0,0,2023,0.16176824456158723,0
2023-09-28,0,0,0,0,2023,0.18092654905034683,0
2023-09-29,0,0,0,0,2023,0.1586569736319197,0
2023-09-30,0,0,0,0,2023,0.15450243074903813,0
2023-10-01,0,0,0,0,2023,0.14581323788278136,0
2023-10-02,0,0,0,0,2023,0.09159229346486165,0
2023-10-03,0,0,0,0,2023,0.08463371278396935,0
2023-10-04,0,0,0,0,2023,0.0737367379063038,0
2023-10-05,0,0,0,0,2023,0.06158169960581055,0
2023-10-06,0,0,0,0,2023,0.05993759493272604,0
2023-10-07,0,0,0,0,2023,0.06730284167468703,0
2023-10-08,0,0,0,0,2023,0.06786179130301447,0
2023-10-09,0,0,0,0,2023,0.05880227206457253,0
2023-10-10,0,0,0,0,2023,0.05141810053674472,0
2023-10-11,0,0,0,0,2023,0.05487639123648125,0
2023-10-12,0,0,0,0,2023,0.05496130899701621,0
2023-10-13,0,0,0,0,2023,0.05322567575727137,0
2023-10-14,0,0,0,0,2023,0.05187354961229772,0
2023-10-15,0,0,0,0,2023,0.05313615168997332,0
2023-10-16,0,0,0,0,2023,0.05077259088327128,0
2023-10-17,0,0,0,0,2023,0.051034189468086216,0
2023-10-18,1,0,0,0,2023,0.052663249116604624,0
2023-10-19,1,1,1,1,2023,0.2658507515360774,0
2023-10-20,1,1,2,2,2023,0.26757454743679115,0
2023-10-21,1,1,3,3,2023,0.3554676849031518,0
2023-10-22,1,1,4,3,2023,0.24976976282527724,0
2023-10-23,0,1,5,3,2023,0.22212388673587832,0
2023-10-24,0,0,5,2,2023,0.11599323764241484,0
2023-10-25,1,0,5,1,2023,0.09732080958131646,0
2023-10-26,1,1,5,1,2023,0.24722081165911527,0
2023-10-27,1,1,5,2,2023,0.3599720667201606,0
2023-10-28,1,1,5,3,2023,0.5554408129774856,1
2023-10-29,1,1,5,3,2023,0.28802801319669846,0
2023-10-30,1,1,5,3,2023,0.6336847554096545,1
2023-10-31,0,1,6,3,2023,0.5230262064251636,1
2023-11-01,0,0,6,2,2023,0.21235750082191984,0
2023-11-02,0,0,5,1,2023,0.18693547082603829,0
2023-11-03,0,0,4,0,2023,0.1844980469322357,0
2023-11-04,0,0,3,0,2023,0.16292318588012097,0
2023-11-05,0,0,2,0,2023,0.16921772473737207,0
2023-11-06,0,0,1,0,2023,0.13218412507536037,0
2023-11-07,0,0,0,0,2023,0.06554231805993571,0
2023-11-08,0,0,0,0,2023,0.051857854892516445,0
2023-11-09,0,0,0,0,2023,0.04578178550431846,0
2023-11-10,0,0,0,0,2023,0.0512424511472686,0
2023-11-11,0,0,0,0,2023,0.05448501308736678,0
2023-11-12,0,0,0,0,2023,0.047772015181992145,0
2023-11-13,0,0,0,0,2023,0.043163123624524465,0
2023-11-14,0,0,0,0,2023,0.03783737644735774,0
2023-11-16,0,0,0,0,2023,0.044957251851302206,0
2023-11-17,0,0,0,0,2023,0.045253004468206466,0
2023-11-18,0,0,0,0,2023,0.048531093608386915,0
2023-11-19,0,0,0,0,2023,0.06847642144150311,0
2023-11-20,0,0,0,0,2023,0.06301624476491864,0
2023-11-21,0,0,0,0,2023,0.06479342939328493,0
2023-11-22,0,0,0,0,2023,0.052914749884715034,0
2023-11-24,0,0,0,0,2023,0.04450916815198134,0
2023-11-25,0,0,0,0,2023,0.05355271568826366,0
2023-11-26,0,0,0,0,2023,0.05429092667309031,0
2023-11-27,0,0,0,0,2023,0.051158552420258414,0
2023-11-28,0,0,0,0,2023,0.04759076890519444,0
2023-11-29,0,0,0,0,2023,0.04638212212385306,0
2023-11-30,0,0,0,0,2023,0.03896408873241271,0
2023-12-01,0,0,0,0,2023,0.028765908838338832,0
2023-12-02,0,0,0,0,2023,0.035945264349122485,0
2023-12-03,0,0,0,0,2023,0.032643225732825236,0
2023-12-04,0,0,0,0,2023,0.02913550181327027,0
2023-12-05,0,0,0,0,2023,0.02673825624986187,0
2023-12-06,0,0,0,0,2023,0.02723164958949428,0
2023-12-07,0,0,0,0,2023,0.02485722911863323,0
2023-12-08,0,0,0,0,2023,0.022163275426934234,0
2023-12-09,0,0,0,0,2023,0.022472370276897354,0
2023-12-10,0,0,0,0,2023,0.021180696118041013,0
2023-12-11,0,0,0,0,2023,0.018621050837394616,0
2023-12-12,0,0,0,0,2023,0.017770397366611235,0
2023-12-13,0,0,0,0,2023,0.01812645737535969,0
2023-12-14,0,0,0,0,2023,0.01910138769351184,0
2023-12-15,0,0,0,0,2023,0.020878472292789555,0
2023-12-16,0,0,0,0,2023,0.02154090423505693,0
2023-12-17,0,0,0,0,2023,0.02347102497414269,0
2023-12-18,0,0,0,0,2023,0.025027030464368938,0
2023-12-19,0,0,0,0,2023,0.02361056603285819,0
2023-12-20,0,0,0,0,2023,0.02654561631611562,0
2023-12-22,0,0,0,0,2023,0.03507015011982068,0
2023-12-23,0,0,0,0,2023,0.04002385451409647,0
2023-12-24,0,0,0,0,2023,0.05304325473593414,0
2023-12-26,0,0,0,0,2023,0.046854217538710746,0
2023-12-27,0,0,0,0,2023,0.04897888109946394,0
2023-12-28,0,0,0,0,2023,0.03897313583092051,0
2023-12-29,0,0,0,0,2023,0.03663406021973371,0
2023-12-30,0,0,0,0,2023,0.0263916232705283,0
2023-12-31,0,0,0,0,2023,0.02640237461751193,0
