date,y,hd_yt_lastday,hd_ytdays_7,hd_ytdays_3,fold,prob,call
2012-01-01,0,0,0,0,2012,0.034139860859871106,0
2012-01-02,0,0,0,0,2012,0.034205437209786284,0
2012-01-03,0,0,0,0,2012,0.034274291179500975,0
2012-01-04,0,0,0,0,2012,0.03434636348157535,0
2012-01-05,0,0,0,0,2012,0.03443460215260238,0
2012-01-06,0,0,0,0,2012,0.03452670938176599,0
2012-01-07,0,0,0,0,2012,0.03462267755898082,0
2012-01-08,0,0,0,0,2012,0.034959440582890626,0
2012-01-09,0,0,0,0,2012,0.035056799078575805,0
2012-01-10,0,0,0,0,2012,0.03517199838028179,0
2012-01-11,0,0,0,0,2012,0.03527702928424887,0
2012-01-12,0,0,0,0,2012,0.03565481889775685,0
2012-01-13,0,0,0,0,2012,0.03577538998209528,0
2012-01-14,0,0,0,0,2012,0.035899811853701176,0
2012-01-15,0,0,0,0,2012,0.03602807407707264,0
2012-01-16,0,0,0,0,2012,0.03616016573031351,0
2012-01-17,0,0,0,0,2012,0.03629607536934246,0
2012-01-18,0,0,0,0,2012,0.036435790991423404,0
2012-01-19,0,0,0,0,2012,0.03657929999803993,0
2012-01-20,0,0,0,0,2012,0.036726589157138625,0
2012-01-21,0,0,0,0,2012,0.03687764456476696,0
2012-01-22,0,0,0,0,2012,0.03703245160613407,0
2012-01-24,0,0,0,0,2012,0.03561647496202138,0
2012-01-25,0,0,0,0,2012,0.035775011484622185,0
2012-01-26,0,0,0,0,2012,0.03593707092024464,0
2012-01-27,0,0,0,0,2012,0.03759946591842586,0
2012-01-28,0,0,0,0,2012,0.03627168658754658,0
2012-01-29,0,0,0,0,2012,0.036444204533447176,0
2012-01-30,0,0,0,0,2012,0.038860035565623785,0
2012-01-31,0,0,0,0,2012,0.04889549930591582,0
2012-02-01,0,0,0,0,2012,0.045211316126920705,0
2012-02-02,0,0,0,0,2012,0.04412423584674426,0
2012-02-03,0,0,0,0,2012,0.03735803904494465,0
2012-02-04,1,0,0,0,2012,0.039845327499669576,0
2012-02-05,1,1,1,1,2012,0.13617972747108195,0
2012-02-06,0,1,2,2,2012,0.18813247845942388,0
2012-02-07,0,0,2,2,2012,0.055524174416036395,0
2012-02-08,0,0,2,1,2012,0.05966884595561518,0
2012-02-09,0,0,2,0,2012,0.06319256112316071,0
2012-02-10,0,0,2,0,2012,0.06227993359358818,0
2012-02-11,0,0,2,0,2012,0.06139073605528341,0
2012-02-12,0,0,1,0,2012,0.05185629561524538,0
2012-02-13,0,0,0,0,2012,0.041874374398052305,0
2012-02-14,0,0,0,0,2012,0.0457839130960953,0
2012-02-16,0,0,0,0,2012,0.04581167744057512,0
2012-02-17,0,0,0,0,2012,0.046076299650850056,0
2012-02-18,0,0,0,0,2012,0.04634409565914777,0
2012-02-19,0,0,0,0,2012,0.04661500925743019,0
2012-02-20,0,0,0,0,2012,0.04784051719598733,0
2012-02-21,0,0,0,0,2012,0.047165954098395066,0
2012-02-22,0,0,0,0,2012,0.04412151709161836,0
2012-02-23,0,0,0,0,2012,0.04922314478364925,0
2012-02-24,0,0,0,0,2012,0.057981691204377246,0
2012-02-25,0,0,0,0,2012,0.05335185959560008,0
2012-02-26,0,0,0,0,2012,0.04993386038375578,0
2012-02-27,0,0,0,0,2012,0.04941586803119176,0
2012-02-28,0,0,0,0,2012,0.04971499611155952,0
2012-02-29,0,0,0,0,2012,0.049481736818733746,0
2012-03-01,0,0,0,0,2012,0.049782623949262486,0
2012-03-02,0,0,0,0,2012,0.050085785096688595,0
2012-03-03,0,0,0,0,2012,0.053426589123968436,0
2012-03-04,0,0,0,0,2012,0.053249434942055196,0
2012-03-05,0,0,0,0,2012,0.05357358909814788,0
2012-03-06,0,0,0,0,2012,0.04896630480137775,0
2012-03-07,0,0,0,0,2012,0.04700226411368976,0
2012-03-08,0,0,0,0,2012,0.04729036236857591,0
2012-03-09,0,0,0,0,2012,0.04757996677127165,0
2012-03-10,0,0,0,0,2012,0.047454610635398305,0
2012-03-11,0,0,0,0,2012,0.050629059121261144,0
2012-03-12,0,0,0,0,2012,0.050459651329177596,0
2012-03-13,0,0,0,0,2012,0.04975917924595919,0
2012-03-14,0,0,0,0,2012,0.04960602405797765,0
2012-03-15,0,0,0,0,2012,0.04891533394029353,0
2012-03-16,0,0,0,0,2012,0.04922415217595134,0
2012-03-17,0,0,0,0,2012,0.050535303311465656,0
2012-03-20,0,0,0,0,2012,0.050458805736164146,0
2012-03-21,0,0,0,0,2012,0.05076702231460816,0
2012-03-22,0,0,0,0,2012,0.05107491576391822,0
2012-03-23,0,0,0,0,2012,0.05138240235350468,0
2012-03-24,0,0,0,0,2012,0.05168939279180596,0
2012-03-25,0,0,0,0,2012,0.051995792739479074,0
2012-03-26,0,0,0,0,2012,0.05230150325862786,0
2012-03-27,0,0,0,0,2012,0.05260642120927917,0
2012-03-28,0,0,0,0,2012,0.0529104396022313,0
2012-03-29,0,0,0,0,2012,0.05321344791573789,0
2012-03-30,0,0,0,0,2012,0.053515332382158845,0
2012-03-31,0,0,0,0,2012,0.05381597624963696,0
2012-04-01,0,0,0,0,2012,0.05411526002298894,0
2012-04-02,0,0,0,0,2012,0.054118828919529356,0
2012-04-03,0,0,0,0,2012,0.05441953513945432,0
2012-04-04,0,0,0,0,2012,0.05471833793706056,0
2012-04-05,0,0,0,0,2012,0.054735265864345524,0
2012-04-06,0,0,0,0,2012,0.055017703524446605,0
2012-04-07,0,0,0,0,2012,0.05531445738039605,0
2012-04-08,0,0,0,0,2012,0.05533661157339493,0
2012-04-09,0,0,0,0,2012,0.05536473302210293,0
2012-04-10,0,0,0,0,2012,0.05566063049560428,0
2012-04-11,0,0,0,0,2012,0.05875707059203357,0
2012-04-12,0,0,0,0,2012,0.05710939607442855,0
2012-04-13,1,0,0,0,2012,0.057377192616099415,0
2012-04-14,0,1,1,1,2012,0.21698399971977292,0
2012-04-15,1,0,1,1,2012,0.06956916803949281,0
2012-04-16,1,1,2,2,2012,0.49017765054708706,1
2012-04-17,0,1,3,2,2012,0.3139644755765801,0
2012-04-18,0,0,3,2,2012,0.12451625301178408,0
2012-04-19,1,0,3,1,2012,0.1257112490216889,0
2012-04-20,1,1,4,1,2012,0.5895050530864911,1
2012-04-21,0,1,4,2,2012,0.4684825462191116,1
2012-04-22,0,0,4,2,2012,0.16043148824863088,0
2012-04-23,0,0,3,1,2012,0.16507390711987613,0
2012-04-24,0,0,2,0,2012,0.14446320321773018,0
2012-04-25,0,0,2,0,2012,0.1284183661219157,0
2012-04-26,0,0,2,0,2012,0.13004589706602995,0
2012-04-27,0,0,1,0,2012,0.0876910776144535,0
2012-04-28,0,0,0,0,2012,0.09630851091172901,0
2012-04-29,0,0,0,0,2012,0.08874648800067368,0
2012-04-30,0,0,0,0,2012,0.11619207644295566,0
2012-05-01,0,0,0,0,2012,0.11136434014342769,0
2012-05-02,1,0,0,0,2012,0.1027205187223769,0
2012-05-03,0,1,1,1,2012,0.25409581799639436,0
2012-05-04,0,0,1,1,2012,0.1175357095632864,0
2012-05-05,0,0,1,1,2012,0.10911730135948038,0
2012-05-06,0,0,1,0,2012,0.18130713734910206,0
2012-05-07,0,0,1,0,2012,0.11873548355847939,0
2012-05-08,1,0,1,0,2012,0.1540949407980794,0
2012-05-09,1,1,2,1,2012,0.2620276671503601,0
2012-05-10,0,1,2,2,2012,0.24812655375667445,0
2012-05-11,0,0,2,2,2012,0.14047051319417656,0
2012-05-12,0,0,2,1,2012,0.14598167120787764,0
2012-05-13,0,0,2,0,2012,0.15199850644752183,0
2012-05-14,0,0,2,0,2012,0.13261763678413302,0
2012-05-15,0,0,2,0,2012,0.15636355521819753,0
2012-05-16,0,0,1,0,2012,0.1312935836367606,0
2012-05-17,0,0,0,0,2012,0.1019357618440907,0
2012-05-18,0,0,0,0,2012,0.10018332720880803,0
2012-05-19,0,0,0,0,2012,0.10803299768327472,0
2012-05-20,1,0,0,0,2012,0.10638089663195113,0
2012-05-21,1,1,1,1,2012,0.28853953960212414,0
2012-05-22,0,1,2,2,2012,0.3157865297555109,0
2012-05-23,0,0,2,2,2012,0.11625534410051833,0
2012-05-24,0,0,2,1,2012,0.13090819268196582,0
2012-05-25,0,0,2,0,2012,0.1516647616890228,0
2012-05-26,0,0,2,0,2012,0.11966664087899877,0
2012-05-27,1,0,2,0,2012,0.11829044365508253,0
2012-05-28,0,1,2,1,2012,0.3897359529483506,1
2012-05-29,0,0,1,1,2012,0.11426576765496596,0
2012-05-30,0,0,1,1,2012,0.11534703383021808,0
2012-05-31,0,0,1,0,2012,0.1175449477969212,0
2012-06-01,0,0,1,0,2012,0.119452312645983,0
2012-06-02,0,0,1,0,2012,0.1667273951871349,0
2012-06-03,0,0,1,0,2012,0.15387523060388644,0
2012-06-04,0,0,0,0,2012,0.09353348831900306,0
2012-06-05,0,0,0,0,2012,0.1355029103435923,0
2012-06-06,0,0,0,0,2012,0.13758156149806566,0
2012-06-07,1,0,0,0,2012,0.09790486435064558,0
2012-06-08,0,1,1,1,2012,0.24720468594468406,0
2012-06-09,0,0,1,1,2012,0.1503310206714395,0
2012-06-10,1,0,1,1,2012,0.11039477382170318,0
2012-06-11,1,1,2,1,2012,0.33020793225747,0
2012-06-12,0,1,3,2,2012,0.5563274994349011,1
2012-06-13,0,0,3,2,2012,0.14379676205495942,0
2012-06-14,1,0,3,1,2012,0.1358950037959748,0
2012-06-15,1,1,3,1,2012,0.36340647601591325,1
2012-06-16,1,1,4,2,2012,0.599170521992772,1
2012-06-17,0,1,5,3,2012,0.3989337978183401,1
2012-06-18,0,0,4,2,2012,0.18452883923796687,0
2012-06-19,0,0,3,1,2012,0.17495260980273863,0
2012-06-20,0,0,3,0,2012,0.22536524526238244,0
2012-06-21,0,0,3,0,2012,0.15971579509956804,0
2012-06-22,0,0,2,0,2012,0.11051529305886568,0
2012-06-23,0,0,1,0,2012,0.12610293496217667,0
2012-06-24,1,0,0,0,2012,0.12284295734280455,0
2012-06-25,0,1,1,1,2012,0.32891788922740084,0
2012-06-26,1,0,1,1,2012,0.1409049631394452,0
2012-06-27,1,1,2,2,2012,0.3569606265450519,1
2012-06-28,1,1,3,2,2012,0.45748737750610907,1
2012-06-29,0,1,4,3,2012,0.5387693964512895,1
2012-06-30,1,0,4,2,2012,0.25171253724559367,0
2012-07-01,1,1,5,2,2012,0.6327689558202324,1
2012-07-02,1,1,5,2,2012,0.6331043711364414,1
2012-07-03,1,1,6,3,2012,0.6298981526449773,1
2012-07-04,0,1,6,3,2012,0.6943130702953242,1
2012-07-05,1,0,5,2,2012,0.28699495473058195,0
2012-07-06,1,1,5,2,2012,0.47658237189882807,1
2012-07-07,0,1,6,2,2012,0.7003180697742514,1
2012-07-08,1,0,5,2,2012,0.2835152968035562,0
2012-07-09,1,1,5,2,2012,0.5723741443392365,1
2012-07-10,1,1,5,2,2012,0.5889252693858777,1
2012-07-11,1,1,5,3,2012,0.6833685482916766,1
2012-07-12,1,1,6,3,2012,0.6385832602138672,1
2012-07-13,0,1,6,3,2012,0.8103415057845047,1
2012-07-14,0,0,5,2,2012,0.3723495886499844,1
2012-07-15,1,0,5,1,2012,0.2821557440083023,0
2012-07-16,1,1,5,1,2012,0.5411369489716295,1
2012-07-17,1,1,5,2,2012,0.5985113114951885,1
2012-07-18,1,1,5,3,2012,0.7374738538871008,1
2012-07-19,1,1,5,3,2012,0.670527130836249,1
2012-07-20,1,1,5,3,2012,0.5027888628945428,1
2012-07-21,0,1,6,3,2012,0.7911336744762889,1
2012-07-22,1,0,6,2,2012,0.4813225739649874,1
2012-07-23,0,1,6,2,2012,0.877534391649978,1
2012-07-24,1,0,5,1,2012,0.4253155674831118,1
2012-07-25,0,1,5,2,2012,0.6185828244234137,1
2012-07-26,1,0,4,1,2012,0.436842032914413,1
2012-07-27,1,1,4,2,2012,0.7303006161332027,1
2012-07-28,1,1,4,2,2012,0.5608934114420653,1
2012-07-29,1,1,5,3,2012,0.508303623480409,1
2012-07-30,1,1,5,3,2012,0.5409067372753703,1
2012-07-31,1,1,6,3,2012,0.7817048952376513,1
2012-08-01,1,1,6,3,2012,0.7376005559668896,1
2012-08-02,1,1,7,3,2012,0.7140437295241346,1
2012-08-03,1,1,7,3,2012,0.7477341575191149,1
2012-08-04,1,1,7,3,2012,0.743791147228393,1
2012-08-05,0,1,7,3,2012,0.6289704954839972,1
2012-08-06,0,0,6,2,2012,0.4093189145724162,1
2012-08-07,0,0,5,1,2012,0.3267975041317317,0
2012-08-08,0,0,4,0,2012,0.30389756231887227,0
2012-08-09,0,0,3,0,2012,0.25093370754291144,0
2012-08-10,1,0,2,0,2012,0.2165267988589012,0
2012-08-11,0,1,2,1,2012,0.5270714117048257,1
2012-08-12,0,0,1,1,2012,0.16868710610626178,0
2012-08-13,1,0,1,1,2012,0.23894121036378918,0
2012-08-14,1,1,2,1,2012,0.631269927159044,1
2012-08-15,1,1,3,2,2012,0.40160180761129893,1
2012-08-16,1,1,4,3,2012,0.4615210616284971,1
2012-08-17,1,1,5,3,2012,0.5013071953849941,1
2012-08-18,1,1,5,3,2012,0.4204421919403505,1
2012-08-19,1,1,6,3,2012,0.4980409795030997,1
2012-08-20,1,1,7,3,2012,0.5839975166955159,1
2012-08-21,0,1,7,3,2012,0.7982501672070699,1
2012-08-22,1,0,6,2,2012,0.4591098288862202,1
2012-08-23,0,1,6,2,2012,0.6703775463885653,1
2012-08-24,1,0,5,1,2012,0.35650976057039413,1
2012-08-25,1,1,5,2,2012,0.6244919953716873,1
2012-08-26,1,1,5,2,2012,0.8022646097081646,1
2012-08-27,1,1,5,3,2012,0.6630310575821357,1
2012-08-28,1,1,5,3,2012,0.5954113842192043,1
2012-08-29,1,1,6,3,2012,0.7158119274216949,1
2012-08-30,0,1,6,3,2012,0.7452530849911505,1
2012-08-31,1,0,6,2,2012,0.3010584704747916,0
2012-09-01,1,1,6,2,2012,0.5203454850617741,1
2012-09-02,1,1,6,2,2012,0.6764907942290116,1
2012-09-03,1,1,6,3,2012,0.390560859702058,1
2012-09-04,1,1,6,3,2012,0.5437228760106857,1
2012-09-05,0,0,5,2,2012,0.2595331238374427,0
2012-09-06,0,0,5,2,2012,0.2548764711257332,0
2012-09-07,0,0,5,1,2012,0.26302605345121455,0
2012-09-08,1,0,4,0,2012,0.2372058817594839,0
2012-09-09,0,1,4,1,2012,0.5608985304447551,1
2012-09-10,1,0,3,1,2012,0.20490683358818676,0
2012-09-11,0,1,3,2,2012,0.4460733755347385,1
2012-09-12,1,0,2,1,2012,0.19199529418953942,0
2012-09-13,1,1,3,2,2012,0.45596661650856674,1
2012-09-14,1,1,4,2,2012,0.5001943647900219,1
2012-09-15,0,1,5,3,2012,0.47784959663374116,1
2012-09-16,1,0,4,2,2012,0.30468382028501934,0
2012-09-17,0,1,5,2,2012,0.6707902913650987,1
2012-09-18,0,0,4,1,2012,0.20722242379982456,0
2012-09-19,0,0,4,1,2012,0.20035187196001117,0
2012-09-20,0,0,3,0,2012,0.1716449845792841,0
2012-09-21,0,0,2,0,2012,0.15493968131592553,0
2012-09-22,1,0,1,0,2012,0.12565367789038498,0
2012-09-23,1,1,2,1,2012,0.461648073519923,1
2012-09-24,1,1,2,2,2012,0.5086518611295808,1
2012-09-25,1,1,3,3,2012,0.7041376050163688,1
2012-09-26,1,1,4,3,2012,0.4219135774599834,1
2012-09-27,1,1,5,3,2012,0.536640543047797,1
2012-09-28,1,1,6,3,2012,0.5125012218207566,1
2012-09-29,0,1,7,3,2012,0.4522543291965247,1
2012-09-30,0,0,6,2,2012,0.21847697277365175,0
2012-10-01,0,0,5,1,2012,0.21097238884974862,0
2012-10-02,0,0,4,0,2012,0.24719784204279377,0
2012-10-03,1,0,3,0,2012,0.1404364873783724,0
2012-10-04,1,1,3,1,2012,0.44534426117557907,1
2012-10-05,1,1,3,2,2012,0.4143230747051602,1
2012-10-06,1,1,3,3,2012,0.4564098258810538,1
2012-10-07,1,1,4,3,2012,0.3745665870577792,1
2012-10-08,1,1,5,3,2012,0.5853243295338023,1
2012-10-09,0,1,6,3,2012,0.5852986340844945,1
2012-10-10,0,0,6,2,2012,0.23396517393913438,0
2012-10-11,0,0,5,1,2012,0.2029237298818269,0
2012-10-12,0,0,4,0,2012,0.16964613395965386,0
2012-10-13,0,0,3,0,2012,0.1776769861296009,0
2012-10-14,1,0,2,0,2012,0.13579047964016505,0
2012-10-15,1,1,2,1,2012,0.5087065355135035,1
2012-10-16,1,1,2,2,2012,0.4224812599916773,1
2012-10-17,0,1,3,3,2012,0.3458310209387921,0
2012-10-18,1,0,3,2,2012,0.16908368986525357,0
2012-10-19,1,1,4,2,2012,0.5410595064648642,1
2012-10-20,1,1,5,2,2012,0.5139928571204355,1
2012-10-21,1,1,6,3,2012,0.5510144950054057,1
2012-10-22,1,1,6,3,2012,0.48115535074452925,1
2012-10-23,0,1,6,3,2012,0.6322050661173352,1
2012-10-24,1,0,5,2,2012,0.21278977728014695,0
2012-10-25,0,1,6,2,2012,0.4665377537110366,1
2012-10-26,1,0,5,1,2012,0.1558551983294253,0
2012-10-27,1,1,5,2,2012,0.42058993201346,1
2012-10-28,0,1,5,2,2012,0.46057976276341484,1
2012-10-29,0,0,4,2,2012,0.16167473432410256,0
2012-10-30,0,0,3,1,2012,0.15643119656972257,0
2012-10-31,0,0,3,0,2012,0.15185382698831962,0
2012-11-01,1,0,2,0,2012,0.13787659886401313,0
2012-11-02,0,1,3,1,2012,0.3288440773057173,0
2012-11-03,0,0,2,1,2012,0.11763257764317804,0
2012-11-04,0,0,1,1,2012,0.12095648496738107,0
2012-11-05,0,0,1,0,2012,0.12909332466862108,0
2012-11-06,0,0,1,0,2012,0.08490378423303378,0
2012-11-07,0,0,1,0,2012,0.080004819973045,0
2012-11-08,0,0,1,0,2012,0.08393312418006313,0
2012-11-09,0,0,0,0,2012,0.05871038978268487,0
2012-11-10,0,0,0,0,2012,0.05786760693947322,0
2012-11-11,0,0,0,0,2012,0.057493058877189016,0
2012-11-12,1,0,0,0,2012,0.05728692440895288,0
2012-11-13,0,1,1,1,2012,0.17964855057412552,0
2012-11-14,0,0,1,1,2012,0.06608741036661757,0
2012-11-15,0,0,1,1,2012,0.06352919840282528,0
2012-11-16,0,0,1,0,2012,0.061312298531208696,0
2012-11-17,0,0,1,0,2012,0.05992794294268587,0
2012-11-18,0,0,1,0,2012,0.057036810738811644,0
2012-11-19,0,0,1,0,2012,0.06530385537223803,0
2012-11-20,0,0,0,0,2012,0.04148163706457888,0
2012-11-21,1,0,0,0,2012,0.04290756332410633,0
2012-11-23,1,1,1,1,2012,0.06317203406173176,0
2012-11-24,0,1,2,2,2012,0.1337336129176612,0
2012-11-25,0,0,2,1,2012,0.05430155159560705,0
2012-11-26,0,0,2,1,2012,0.07693076095573231,0
2012-11-27,0,0,2,0,2012,0.05372003872394092,0
2012-11-28,0,0,2,0,2012,0.051532683647470996,0
2012-11-29,0,0,1,0,2012,0.044430103961296645,0
2012-11-30,0,0,1,0,2012,0.04436440295684848,0
2012-12-01,0,0,0,0,2012,0.038219217146771095,0
2012-12-02,0,0,0,0,2012,0.036395522733546064,0
2012-12-03,0,0,0,0,2012,0.03635181833149221,0
2012-12-04,0,0,0,0,2012,0.03630993817792259,0
2012-12-05,0,0,0,0,2012,0.03627241770872519,0
2012-12-06,1,0,0,0,2012,0.036405318671008144,0
2012-12-07,0,1,1,1,2012,0.1107389907269643,0
2012-12-08,0,0,1,1,2012,0.04613477465534393,0
2012-12-09,0,0,1,1,2012,0.04522291044650499,0
2012-12-10,0,0,1,0,2012,0.0457785675922082,0
2012-12-11,0,0,1,0,2012,0.044241641302237074,0
2012-12-12,0,0,1,0,2012,0.04423678622271656,0
2012-12-13,0,0,1,0,2012,0.03922284299737693,0
2012-12-14,0,0,0,0,2012,0.036794473465724876,0
2012-12-15,0,0,0,0,2012,0.036803676497133786,0
2012-12-16,0,0,0,0,2012,0.037159335274204786,0
2012-12-17,0,0,0,0,2012,0.03642366439545473,0
2012-12-19,0,0,0,0,2012,0.036459034358787286,0
2012-12-20,1,0,0,0,2012,0.036482812569081,0
2012-12-21,1,1,1,1,2012,0.12751376267646308,0
2012-12-22,0,1,2,2,2012,0.12339799142226605,0
2012-12-23,0,0,2,2,2012,0.05028285012191795,0
2012-12-24,0,0,2,1,2012,0.05161010428740139,0
2012-12-26,0,0,2,0,2012,0.05141709502269236,0
2012-12-27,0,0,2,0,2012,0.05102099000638602,0
2012-12-28,0,0,1,0,2012,0.043243859565174944,0
2012-12-29,0,0,0,0,2012,0.032789924947547656,0
2012-12-30,0,0,0,0,2012,0.04356713380454618,0
2012-12-31,0,0,0,0,2012,0.04494386203674174,0
2013-01-01,0,0,0,0,2013,0.06368418831859067,0
2013-01-02,0,0,0,0,2013,0.06103786650776299,0
2013-01-03,0,0,0,0,2013,0.04706634046520847,0
2013-01-04,0,0,0,0,2013,0.052950779901124574,0
2013-01-05,0,0,0,0,2013,0.040939202633993754,0
2013-01-06,0,0,0,0,2013,0.03575553752378702,0
2013-01-07,0,0,0,0,2013,0.03867444013654654,0
2013-01-08,0,0,0,0,2013,0.04668201576364407,0
2013-01-09,0,0,0,0,2013,0.050064925826719356,0
2013-01-10,0,0,0,0,2013,0.05670388470874992,0
2013-01-11,0,0,0,0,2013,0.039588936446930144,0
2013-01-12,0,0,0,0,2013,0.03970938232089266,0
2013-01-13,0,0,0,0,2013,0.0387704423388984,0
2013-01-14,0,0,0,0,2013,0.0387530921947626,0
2013-01-15,0,0,0,0,2013,0.038739347250875356,0
2013-01-16,0,0,0,0,2013,0.03872918602213532,0
2013-01-17,0,0,0,0,2013,0.03872258693992771,0
2013-01-18,0,0,0,0,2013,0.03871952834124826,0
2013-01-19,0,0,0,0,2013,0.038719988457229286,0
2013-01-20,0,0,0,0,2013,0.03625355831880415,0
2013-01-21,0,0,0,0,2013,0.031446252939497196,0
2013-01-23,0,0,0,0,2013,0.03396394378851785,0
2013-01-24,0,0,0,0,2013,0.033979552263932664,0
2013-01-25,0,0,0,0,2013,0.043847815490399907,0
2013-01-26,0,0,0,0,2013,0.03565650039398352,0
2013-01-27,0,0,0,0,2013,0.035682127600828235,0
2013-01-28,0,0,0,0,2013,0.034071598673074105,0
2013-01-29,0,0,0,0,2013,0.034101911448395764,0
2013-01-31,0,0,0,0,2013,0.034166533036717434,0
2013-02-01,0,0,0,0,2013,0.03420063296859212,0
2013-02-02,0,0,0,0,2013,0.03172545140924062,0
2013-02-03,1,0,0,0,2013,0.03176677081863556,0
2013-02-04,0,1,1,1,2013,0.1370006574745727,0
2013-02-05,0,0,1,1,2013,0.09758980344666555,0
2013-02-06,0,0,1,1,2013,0.06089124584364547,0
2013-02-07,0,0,1,0,2013,0.046949167517911686,0
2013-02-08,0,0,1,0,2013,0.04916282861801084,0
2013-02-09,0,0,1,0,2013,0.04261403708486124,0
2013-02-10,0,0,1,0,2013,0.04083073056246198,0
2013-02-11,0,0,0,0,2013,0.0364594047001092,0
2013-02-13,0,0,0,0,2013,0.035772882435762675,0
2013-02-14,0,0,0,0,2013,0.03749085285213139,0
2013-02-15,0,0,0,0,2013,0.037572301833395993,0
2013-02-16,0,0,0,0,2013,0.037656393431355094,0
2013-02-17,0,0,0,0,2013,0.045456293423942806,0
2013-02-18,0,0,0,0,2013,0.048519225321319505,0
2013-02-19,0,0,0,0,2013,0.05015891658324338,0
2013-02-21,0,0,0,0,2013,0.03625810380767304,0
2013-02-22,0,0,0,0,2013,0.03801745917290217,0
2013-02-23,0,0,0,0,2013,0.04133867041637081,0
2013-02-24,0,0,0,0,2013,0.039641771432468054,0
2013-02-25,0,0,0,0,2013,0.03552202747914213,0
2013-02-26,0,0,0,0,2013,0.03725519201647219,0
2013-02-27,0,0,0,0,2013,0.0418014757294297,0
2013-02-28,0,0,0,0,2013,0.06374631862947151,0
2013-03-01,0,0,0,0,2013,0.044707939935878294,0
2013-03-02,0,0,0,0,2013,0.045595902240154015,0
2013-03-03,0,0,0,0,2013,0.06022142437743601,0
2013-03-04,0,0,0,0,2013,0.03598718409878092,0
2013-03-05,0,0,0,0,2013,0.038631671925315886,0
2013-03-06,0,0,0,0,2013,0.0475748678784276,0
2013-03-07,0,0,0,0,2013,0.05735911520125968,0
2013-03-09,0,0,0,0,2013,0.052806165782882136,0
2013-03-10,0,0,0,0,2013,0.04101522539678102,0
2013-03-11,0,0,0,0,2013,0.04651117119318762,0
2013-03-12,0,0,0,0,2013,0.04795053396912998,0
2013-03-13,0,0,0,0,2013,0.04811372835212402,0
2013-03-14,0,0,0,0,2013,0.07034700307865333,0
2013-03-15,0,0,0,0,2013,0.07675347182112709,0
2013-03-16,0,0,0,0,2013,0.07660883939240476,0
2013-03-17,0,0,0,0,2013,0.0675132730213991,0
2013-03-18,0,0,0,0,2013,0.07170660561144003,0
2013-03-19,0,0,0,0,2013,0.06574090688744062,0
2013-03-20,0,0,0,0,2013,0.05780587851437463,0
2013-03-21,1,0,0,0,2013,0.07015974000809845,0
2013-03-22,0,1,1,1,2013,0.3334718289987494,0
2013-03-23,0,0,1,1,2013,0.10409460519288635,0
2013-03-24,0,0,1,1,2013,0.11480389658233377,0
2013-03-25,0,0,1,0,2013,0.08523032870414982,0
2013-03-26,0,0,1,0,2013,0.11694169045515924,0
2013-03-27,0,0,1,0,2013,0.07994942448363353,0
2013-03-28,1,0,1,0,2013,0.0802360133184346,0
2013-03-29,0,1,1,1,2013,0.3306954526242704,0
2013-03-30,0,0,1,1,2013,0.12908775208856027,0
2013-03-31,0,0,1,1,2013,0.1370600891306607,0
2013-04-01,0,0,1,0,2013,0.11436112685268872,0
2013-04-02,0,0,1,0,2013,0.08815137941207754,0
2013-04-03,0,0,1,0,2013,0.09957675170430927,0
2013-04-04,0,0,1,0,2013,0.100713930479502,0
2013-04-05,0,0,0,0,2013,0.09430398851907178,0
2013-04-06,0,0,0,0,2013,0.07552893267380362,0
2013-04-07,0,0,0,0,2013,0.09660259782400803,0
2013-04-09,0,0,0,0,2013,0.059531944477220156,0
2013-04-10,0,0,0,0,2013,0.05562830922019607,0
2013-04-11,0,0,0,0,2013,0.06834785139525527,0
2013-04-12,0,0,0,0,2013,0.07714108548015446,0
2013-04-13,0,0,0,0,2013,0.07897865359987113,0
2013-04-14,0,0,0,0,2013,0.0616519202086685,0
2013-04-15,0,0,0,0,2013,0.07563746039011897,0
2013-04-16,0,0,0,0,2013,0.06696384436084662,0
2013-04-17,0,0,0,0,2013,0.057631675168131544,0
2013-04-18,0,0,0,0,2013,0.06365783991889018,0
2013-04-19,0,0,0,0,2013,0.08983067637801893,0
2013-04-20,0,0,0,0,2013,0.0774407315196646,0
2013-04-21,0,0,0,0,2013,0.09480617280645534,0
2013-04-22,0,0,0,0,2013,0.06112509036375535,0
2013-04-23,0,0,0,0,2013,0.06610257227530525,0
2013-04-24,0,0,0,0,2013,0.10102222845884147,0
2013-04-25,0,0,0,0,2013,0.14141956544315218,0
2013-04-26,1,0,0,0,2013,0.08918485854290016,0
2013-04-27,0,1,1,1,2013,0.34710212395805773,0
2013-04-28,0,0,1,1,2013,0.11638455369070341,0
2013-04-29,0,0,1,1,2013,0.08630531293974347,0
2013-04-30,0,0,1,0,2013,0.07083536000584234,0
2013-05-01,0,0,1,0,2013,0.053899666131563384,0
2013-05-02,0,0,1,0,2013,0.10851089528837439,0
2013-05-03,0,0,1,0,2013,0.08416917028430526,0
2013-05-04,0,0,0,0,2013,0.07140104624631874,0
2013-05-05,0,0,0,0,2013,0.08068402531001363,0
2013-05-06,0,0,0,0,2013,0.05852205021935557,0
2013-05-07,0,0,0,0,2013,0.05887815944264506,0
2013-05-08,0,0,0,0,2013,0.05768711626195484,0
2013-05-09,1,0,0,0,2013,0.07932420924702546,0
2013-05-10,0,1,1,1,2013,0.27564420708612386,0
2013-05-11,0,0,1,1,2013,0.13706646917589058,0
2013-05-12,0,0,1,1,2013,0.10917397192765908,0
2013-05-13,0,0,1,0,2013,0.10514017374628293,0
2013-05-14,0,0,1,0,2013,0.09113666680144286,0
2013-05-15,0,0,1,0,2013,0.14211530057930358,0
2013-05-16,0,0,1,0,2013,0.1560747736502753,0
2013-05-17,0,0,0,0,2013,0.1367462570423186,0
2013-05-18,0,0,0,0,2013,0.08406852518270708,0
2013-05-19,1,0,0,0,2013,0.09564597295387155,0
2013-05-20,1,1,1,1,2013,0.367164520719925,1
2013-05-21,0,1,2,2,2013,0.4770701023491075,1
2013-05-22,0,0,2,2,2013,0.35305397420224477,1
2013-05-23,0,0,2,1,2013,0.2560249819525507,0
2013-05-24,0,0,2,0,2013,0.1064936113525734,0
2013-05-25,0,0,2,0,2013,0.11765361129628939,0
2013-05-26,0,0,2,0,2013,0.17207699131554452,0
2013-05-27,1,0,1,0,2013,0.0965433973331892,0
2013-05-28,0,1,1,1,2013,0.2708692102557936,0
2013-05-29,0,0,1,1,2013,0.1349092597645569,0
2013-05-30,1,0,1,1,2013,0.10912835511290996,0
2013-05-31,1,1,2,1,2013,0.4654265160230556,1
2013-06-01,1,1,3,2,2013,0.6594251891519395,1
2013-06-02,1,1,4,3,2013,0.45728384080310114,1
2013-06-03,1,1,5,3,2013,0.6713068639804538,1
2013-06-04,1,1,5,3,2013,0.6567108383635298,1
2013-06-05,0,1,6,3,2013,0.638132303222491,1
2013-06-06,0,0,6,2,2013,0.2359775378205171,0
2013-06-07,0,0,5,1,2013,0.18207630396321164,0
2013-06-08,1,0,4,0,2013,0.16947874211083316,0
2013-06-09,0,1,4,1,2013,0.3683407823737304,1
2013-06-10,1,0,3,1,2013,0.1982593687240065,0
2013-06-11,0,1,3,2,2013,0.3716898158594847,1
2013-06-12,0,0,2,1,2013,0.19698950223818606,0
2013-06-13,0,0,2,1,2013,0.16100674577516494,0
2013-06-14,0,0,2,0,2013,0.15896770101555696,0
2013-06-15,0,0,2,0,2013,0.15890505538854516,0
2013-06-16,0,0,1,0,2013,0.1489366979466522,0
2013-06-17,0,0,1,0,2013,0.14850400423420707,0
2013-06-18,0,0,0,0,2013,0.13905683595,0
2013-06-19,0,0,0,0,2013,0.13143924153663877,0
2013-06-20,0,0,0,0,2013,0.12416803156142182,0
2013-06-21,1,0,0,0,2013,0.12405314468111917,0
2013-06-22,0,1,1,1,2013,0.3214641065928028,0
2013-06-23,1,0,1,1,2013,0.17688918258889358,0
2013-06-24,0,1,2,2,2013,0.5488286421962384,1
2013-06-25,1,0,2,1,2013,0.19799527627565106,0
2013-06-26,0,1,3,2,2013,0.33782544994743274,0
2013-06-27,0,0,3,1,2013,0.1764990671651109,0
2013-06-28,0,0,3,1,2013,0.1437467741168732,0
2013-06-29,0,0,2,0,2013,0.1610053970757299,0
2013-06-30,0,0,2,0,2013,0.1519015223640411,0
2013-07-01,1,0,1,0,2013,0.13477821295357123,0
2013-07-02,1,1,2,1,2013,0.46918988636373316,1
2013-07-03,0,1,2,2,2013,0.5093081443222002,1
2013-07-04,0,0,2,2,2013,0.1720515334307745,0
2013-07-05,0,0,2,1,2013,0.13065149464744333,0
2013-07-06,1,0,2,0,2013,0.10667156385413284,0
2013-07-07,0,1,3,1,2013,0.32994429826249844,0
2013-07-08,0,0,3,1,2013,0.18017031705373943,0
2013-07-09,1,0,2,1,2013,0.10779360085543764,0
2013-07-10,0,0,1,0,2013,0.12035262517635467,0
2013-07-11,0,0,2,1,2013,0.13374238300196234,0
2013-07-12,0,0,2,1,2013,0.10748599202061543,0
2013-07-13,0,0,2,0,2013,0.12824217479549893,0
2013-07-14,0,0,1,0,2013,0.09898334725822698,0
2013-07-15,1,0,1,0,2013,0.11926749594920139,0
2013-07-16,1,1,2,1,2013,0.26314606364564735,0
2013-07-17,0,0,1,1,2013,0.15765118722076218,0
2013-07-18,1,0,2,2,2013,0.14923566185570403,0
2013-07-19,0,1,3,2,2013,0.5446855571255695,1
2013-07-20,1,0,3,1,2013,0.19769527339797785,0
2013-07-21,0,1,4,2,2013,0.4787126222902734,1
2013-07-22,0,0,4,1,2013,0.20888252090708365,0
2013-07-23,1,0,3,1,2013,0.16088797487621945,0
2013-07-24,1,1,3,1,2013,0.35144374607405865,1
2013-07-25,1,1,4,2,2013,0.4271534060607268,1
2013-07-26,0,1,4,3,2013,0.5065256774064938,1
2013-07-27,0,0,4,2,2013,0.22160462325083577,0
2013-07-28,1,0,3,1,2013,0.1695524687812141,0
2013-07-29,1,1,4,1,2013,0.4916856201823638,1
2013-07-30,1,1,5,2,2013,0.5954015811685995,1
2013-07-31,1,1,5,3,2013,0.731967364717243,1
2013-08-01,1,1,5,3,2013,0.7500403631726049,1
2013-08-02,0,1,5,3,2013,0.5670412499369192,1
2013-08-03,0,0,5,2,2013,0.2673648178982591,0
2013-08-04,0,0,5,1,2013,0.21915341575005734,0
2013-08-05,1,0,4,0,2013,0.20403785330968088,0
2013-08-06,1,1,4,1,2013,0.5730296560317606,1
2013-08-07,1,1,4,2,2013,0.4808756794886474,1
2013-08-08,1,1,4,3,2013,0.5330683587918746,1
2013-08-09,0,1,4,3,2013,0.4524489111876085,1
2013-08-10,0,0,4,2,2013,0.27341821589764476,0
2013-08-11,1,0,4,1,2013,0.2238739946323928,0
2013-08-12,0,1,5,1,2013,0.5388887546897293,1
2013-08-13,0,0,4,1,2013,0.2809839035474777,0
2013-08-14,0,0,3,1,2013,0.22073589749056077,0
2013-08-15,0,0,2,0,2013,0.1955532793370069,0
2013-08-16,0,0,1,0,2013,0.17432428421123866,0
2013-08-17,0,0,1,0,2013,0.17342629936696888,0
2013-08-18,0,0,1,0,2013,0.16353695227147846,0
2013-08-19,0,0,0,0,2013,0.15257696082093103,0
2013-08-20,1,0,0,0,2013,0.14331514974829176,0
2013-08-21,1,1,1,1,2013,0.3587995039170915,1
2013-08-22,1,1,2,2,2013,0.5292036071385119,1
2013-08-23,0,1,3,3,2013,0.4352019273522274,1
2013-08-24,1,0,3,2,2013,0.22409120426045648,0
2013-08-25,0,1,4,2,2013,0.5722992966520267,1
2013-08-26,0,0,4,1,2013,0.2326988235329555,0
2013-08-27,1,0,4,1,2013,0.19073109472148614,0
2013-08-28,1,1,4,1,2013,0.5897764794541587,1
2013-08-29,0,1,4,2,2013,0.588140390178247,1
2013-08-30,0,0,3,2,2013,0.17413259863688957,0
2013-08-31,0,0,3,1,2013,0.1584368989905317,0
2013-09-01,0,0,2,0,2013,0.13864255486664537,0
2013-09-02,0,0,2,0,2013,0.1381159197207412,0
2013-09-03,1,0,2,0,2013,0.11396391937768505,0
2013-09-04,0,1,2,1,2013,0.34168818291688624,0
2013-09-05,0,0,1,1,2013,0.13424286050717882,0
2013-09-06,0,0,1,1,2013,0.12317443208164293,0
2013-09-07,0,0,1,0,2013,0.11441444004895246,0
2013-09-08,0,0,1,0,2013,0.10734730910066967,0
2013-09-09,0,0,1,0,2013,0.10637297965153222,0
2013-09-10,1,0,1,0,2013,0.10566325685535374,0
2013-09-11,1,1,1,1,2013,0.36178211379334096,1
2013-09-12,1,1,2,2,2013,0.5886161961831564,1
2013-09-13,1,1,3,3,2013,0.6196933154752176,1
2013-09-14,1,1,4,3,2013,0.6750788203066028,1
2013-09-15,1,1,5,3,2013,0.6242608346939242,1
2013-09-16,1,1,6,3,2013,0.6860868625896093,1
2013-09-17,1,1,7,3,2013,0.8831228412688087,1
2013-09-18,1,1,7,3,2013,0.8058959836683898,1
2013-09-19,1,1,7,3,2013,0.8560409546194404,1
2013-09-20,1,1,7,3,2013,0.8430385317144861,1
2013-09-21,1,1,7,3,2013,0.8445929671418175,1
2013-09-22,1,1,7,3,2013,0.8682616982839082,1
2013-09-23,1,1,7,3,2013,0.5211074271887519,1
2013-09-24,1,1,7,3,2013,0.6410472330862342,1
2013-09-25,1,1,7,3,2013,0.7323916058408954,1
2013-09-26,0,1,7,3,2013,0.8691383213812001,1
2013-09-27,1,0,6,2,2013,0.28220457503899965,0
2013-09-28,0,1,6,2,2013,0.7226634017067938,1
2013-09-29,0,0,5,1,2013,0.3088011096420318,0
2013-09-30,1,0,4,1,2013,0.2684544741496846,0
2013-10-01,1,1,4,1,2013,0.5255502727660335,1
2013-10-02,1,1,4,2,2013,0.6960572760598186,1
2013-10-03,0,1,4,3,2013,0.4964408422584272,1
2013-10-04,0,0,4,2,2013,0.31749656372131413,0
2013-10-05,0,0,3,1,2013,0.39665454915094894,1
2013-10-06,0,0,3,0,2013,0.2630488646791347,0
2013-10-07,0,0,3,0,2013,0.25911767428622307,0
2013-10-08,0,0,2,0,2013,0.33003448873767305,0
2013-10-09,0,0,1,0,2013,0.2919416615133868,0
2013-10-10,0,0,0,0,2013,0.17023562150753271,0
2013-10-11,0,0,0,0,2013,0.14929645648772566,0
2013-10-12,0,0,0,0,2013,0.168827250695486,0
2013-10-13,0,0,0,0,2013,0.1622517664062844,0
2013-10-14,0,0,0,0,2013,0.1366880726292659,0
2013-10-15,0,0,0,0,2013,0.12602566606726381,0
2013-10-16,0,0,0,0,2013,0.15494016102962005,0
2013-10-17,0,0,0,0,2013,0.10123516914209797,0
2013-10-18,0,0,0,0,2013,0.10188580536995392,0
2013-10-19,0,0,0,0,2013,0.07844866078607111,0
2013-10-20,0,0,0,0,2013,0.08970657861193704,0
2013-10-21,0,0,0,0,2013,0.16085313160191725,0
2013-10-22,0,0,0,0,2013,0.10682795482960636,0
2013-10-23,0,0,0,0,2013,0.08877892454588063,0
2013-10-24,0,0,0,0,2013,0.05820169529684737,0
2013-10-25,0,0,0,0,2013,0.05451982937022241,0
2013-10-26,0,0,0,0,2013,0.046179824291066596,0
2013-10-27,0,0,0,0,2013,0.04944581255193584,0
2013-10-28,0,0,0,0,2013,0.04283843217118145,0
2013-10-29,0,0,0,0,2013,0.04576184925981446,0
2013-10-30,0,0,0,0,2013,0.04545549562051273,0
2013-10-31,0,0,0,0,2013,0.04267070016181669,0
2013-11-01,0,0,0,0,2013,0.04007019311549742,0
2013-11-02,0,0,0,0,2013,0.037522093503649344,0
2013-11-03,0,0,0,0,2013,0.04582484635475747,0
2013-11-04,0,0,0,0,2013,0.034412824366138565,0
2013-11-05,0,0,0,0,2013,0.034283597211417806,0
2013-11-06,0,0,0,0,2013,0.03378344435846149,0
2013-11-07,0,0,0,0,2013,0.032359576622660584,0
2013-11-08,0,0,0,0,2013,0.034887295618809946,0
2013-11-09,0,0,0,0,2013,0.03615258608846056,0
2013-11-10,0,0,0,0,2013,0.03603006538166648,0
2013-11-11,0,0,0,0,2013,0.03581071984265492,0
2013-11-12,0,0,0,0,2013,0.03569391542045816,0
2013-11-13,0,0,0,0,2013,0.035579836758112264,0
2013-11-14,0,0,0,0,2013,0.03537016678047718,0
2013-11-15,0,0,0,0,2013,0.042373463586482925,0
2013-11-16,0,0,0,0,2013,0.04524380494204885,0
2013-11-17,0,0,0,0,2013,0.04498917482432988,0
2013-11-18,0,0,0,0,2013,0.0346636727200748,0
2013-11-19,0,0,0,0,2013,0.03193829662123368,0
2013-11-20,0,0,0,0,2013,0.031763060479984194,0
2013-11-22,0,0,0,0,2013,0.0338220359067844,0
2013-11-23,0,0,0,0,2013,0.03364454555776854,0
2013-11-24,0,0,0,0,2013,0.03347058303615051,0
2013-11-25,1,0,0,0,2013,0.03330528489151461,0
2013-11-26,0,1,1,1,2013,0.11709764578802086,0
2013-11-27,0,0,1,1,2013,0.04948362999835074,0
2013-11-28,0,0,1,1,2013,0.03895343489899792,0
2013-11-29,0,0,1,0,2013,0.04145321069352293,0
2013-11-30,0,0,1,0,2013,0.04126067434842478,0
2013-12-01,0,0,1,0,2013,0.04107737730079027,0
2013-12-02,0,0,1,0,2013,0.03790687580617525,0
2013-12-03,0,0,0,0,2013,0.05232905564849618,0
2013-12-04,0,0,0,0,2013,0.05613967730774277,0
2013-12-05,0,0,0,0,2013,0.03761418945500897,0
2013-12-06,0,0,0,0,2013,0.03734866928563748,0
2013-12-07,0,0,0,0,2013,0.03719104136909462,0
2013-12-09,0,0,0,0,2013,0.03690546450384665,0
2013-12-10,0,0,0,0,2013,0.036863975144022273,0
2013-12-11,0,0,0,0,2013,0.03402991094782556,0
2013-12-12,0,0,0,0,2013,0.036485209708661155,0
2013-12-13,0,0,0,0,2013,0.03368992638996903,0
2013-12-14,0,0,0,0,2013,0.036232175249261984,0
2013-12-15,0,0,0,0,2013,0.03611133791639147,0
2013-12-16,0,0,0,0,2013,0.03599426254455211,0
2013-12-17,0,0,0,0,2013,0.053370595258408406,0
2013-12-18,0,0,0,0,2013,0.035765280174003156,0
2013-12-19,0,0,0,0,2013,0.03303620024851947,0
2013-12-20,0,0,0,0,2013,0.03554474897727065,0
2013-12-21,0,0,0,0,2013,0.03283792263316423,0
2013-12-22,0,0,0,0,2013,0.03274370848909031,0
2013-12-23,0,0,0,0,2013,0.03534953420201136,0
2013-12-24,0,0,0,0,2013,0.03525619571668566,0
2013-12-26,0,0,0,0,2013,0.03296771098814711,0
2013-12-27,0,0,0,0,2013,0.032889577173507004,0
2013-12-28,0,0,0,0,2013,0.032814654885897396,0
2013-12-29,0,0,0,0,2013,0.03274291953203913,0
2013-12-30,0,0,0,0,2013,0.04564137542744803,0
2013-12-31,0,0,0,0,2013,0.037930193063584694,0
2014-01-01,0,0,0,0,2014,0.03046589177716796,0
2014-01-02,0,0,0,0,2014,0.02837221440760446,0
2014-01-03,0,0,0,0,2014,0.028900626930330697,0
2014-01-04,0,0,0,0,2014,0.04194264035507344,0
2014-01-05,0,0,0,0,2014,0.044274838265278456,0
2014-01-06,0,0,0,0,2014,0.044232911065708834,0
2014-01-07,0,0,0,0,2014,0.03898046419741508,0
2014-01-08,0,0,0,0,2014,0.03628735051578375,0
2014-01-09,0,0,0,0,2014,0.0381982503058641,0
2014-01-10,0,0,0,0,2014,0.03444613082783761,0
2014-01-11,0,0,0,0,2014,0.03706408002757085,0
2014-01-12,0,0,0,0,2014,0.035287411664573644,0
2014-01-14,0,0,0,0,2014,0.03523277231081175,0
2014-01-15,0,0,0,0,2014,0.03760051117639552,0
2014-01-16,0,0,0,0,2014,0.041127079236048684,0
2014-01-18,0,0,0,0,2014,0.0313627459799695,0
2014-01-19,0,0,0,0,2014,0.04248106781597743,0
2014-01-20,0,0,0,0,2014,0.02836500473112569,0
2014-01-21,0,0,0,0,2014,0.029183201319522487,0
2014-01-22,0,0,0,0,2014,0.029241154383160748,0
2014-01-23,0,0,0,0,2014,0.02661255851681976,0
2014-01-24,0,0,0,0,2014,0.026673367215538056,0
2014-01-25,0,0,0,0,2014,0.026738201357778827,0
2014-01-26,0,0,0,0,2014,0.02680706764831729,0
2014-01-27,0,0,0,0,2014,0.026879973199634182,0
2014-01-28,0,0,0,0,2014,0.030260097453046527,0
2014-01-29,0,0,0,0,2014,0.0303507209763631,0
2014-01-30,0,0,0,0,2014,0.030445887652863483,0
2014-01-31,0,0,0,0,2014,0.02721325051899212,0
2014-02-01,0,0,0,0,2014,0.03065115880323819,0
2014-02-02,0,0,0,0,2014,0.03304211756597036,0
2014-02-03,0,0,0,0,2014,0.03409323699583367,0
2014-02-04,0,0,0,0,2014,0.028855075989868174,0
2014-02-05,0,0,0,0,2014,0.03531905468642174,0
2014-02-06,0,0,0,0,2014,0.03790885260705579,0
2014-02-07,0,0,0,0,2014,0.03137391450335819,0
2014-02-08,0,0,0,0,2014,0.031509749239385806,0
2014-02-09,0,0,0,0,2014,0.041970138810017765,0
2014-02-10,0,0,0,0,2014,0.04518055862260582,0
2014-02-11,0,0,0,0,2014,0.03520215325673766,0
2014-02-12,0,0,0,0,2014,0.03312974874938586,0
2014-02-13,0,0,0,0,2014,0.04117356896005028,0
2014-02-14,0,0,0,0,2014,0.04538129102528781,0
2014-02-15,0,0,0,0,2014,0.03902203685857657,0
2014-02-16,1,0,0,0,2014,0.04852145419311518,0
2014-02-17,0,1,1,1,2014,0.16609041208173914,0
2014-02-18,0,0,1,1,2014,0.0722367242361274,0
2014-02-19,1,0,1,1,2014,0.050358362455762695,0
2014-02-20,0,1,2,1,2014,0.11472544276506333,0
2014-02-21,0,0,2,1,2014,0.07884586708526374,0
2014-02-22,0,0,2,1,2014,0.05869192415211256,0
2014-02-23,0,0,2,0,2014,0.0653445129542307,0
2014-02-24,0,0,1,0,2014,0.04926288300055269,0
2014-02-25,1,0,1,0,2014,0.052800442106179984,0
2014-02-26,0,1,2,1,2014,0.1510631822881031,0
2014-02-27,0,0,1,1,2014,0.06508254157604533,0
2014-03-02,0,0,1,0,2014,0.04793748512362759,0
2014-03-03,0,0,1,0,2014,0.04826300068594562,0
2014-03-04,0,0,1,0,2014,0.048594811012683585,0
2014-03-05,0,0,0,0,2014,0.04424292984045851,0
2014-03-06,0,0,0,0,2014,0.06030015642320606,0
2014-03-07,1,0,0,0,2014,0.0463187831298121,0
2014-03-08,0,1,1,1,2014,0.14652480211155913,0
2014-03-09,0,0,1,1,2014,0.08178769040727925,0
2014-03-10,0,0,1,1,2014,0.09064247675762183,0
2014-03-11,0,0,1,0,2014,0.0708221708810048,0
2014-03-12,0,0,1,0,2014,0.07591765858458754,0
2014-03-13,0,0,1,0,2014,0.07944817559226781,0
2014-03-14,0,0,1,0,2014,0.06713017632291568,0
2014-03-15,0,0,0,0,2014,0.06546822070053528,0
2014-03-16,0,0,0,0,2014,0.07711517096889035,0
2014-03-17,0,0,0,0,2014,0.08281148183298989,0
2014-03-18,0,0,0,0,2014,0.08415233009474485,0
2014-03-19,0,0,0,0,2014,0.07434212032709082,0
2014-03-20,0,0,0,0,2014,0.09309000485993522,0
2014-03-21,0,0,0,0,2014,0.08393013831038573,0
2014-03-22,0,0,0,0,2014,0.06072841430574899,0
2014-03-23,0,0,0,0,2014,0.06071350078357618,0
2014-03-24,0,0,0,0,2014,0.05611267329320378,0
2014-03-25,0,0,0,0,2014,0.04281920176817849,0
2014-03-26,0,0,0,0,2014,0.06950274028170608,0
2014-03-27,0,0,0,0,2014,0.04876092974182729,0
2014-03-28,0,0,0,0,2014,0.049729206670616755,0
2014-03-29,0,0,0,0,2014,0.06270440127142654,0
2014-03-30,0,0,0,0,2014,0.049334706923538314,0
2014-03-31,0,0,0,0,2014,0.052236915963200584,0
2014-04-01,0,0,0,0,2014,0.05681116169645918,0
2014-04-03,0,0,0,0,2014,0.04889368825971392,0
2014-04-04,0,0,0,0,2014,0.07573151628000832,0
2014-04-05,0,0,0,0,2014,0.07362454308228047,0
2014-04-06,0,0,0,0,2014,0.059858329601191085,0
2014-04-07,0,0,0,0,2014,0.058106257957288424,0
2014-04-08,0,0,0,0,2014,0.0713821073645307,0
2014-04-09,0,0,0,0,2014,0.09299868815772518,0
2014-04-10,0,0,0,0,2014,0.06825352040361152,0
2014-04-11,0,0,0,0,2014,0.05818866068625263,0
2014-04-12,0,0,0,0,2014,0.058872988853125384,0
2014-04-13,0,0,0,0,2014,0.06234145753540466,0
2014-04-14,0,0,0,0,2014,0.05921466986975465,0
2014-04-15,0,0,0,0,2014,0.07051429234112684,0
2014-04-16,0,0,0,0,2014,0.06143489037127137,0
2014-04-17,0,0,0,0,2014,0.07072462206277462,0
2014-04-18,0,0,0,0,2014,0.06506678630616582,0
2014-04-19,0,0,0,0,2014,0.07020227670230111,0
2014-04-20,0,0,0,0,2014,0.06950380935811527,0
2014-04-21,0,0,0,0,2014,0.06431795424684737,0
2014-04-22,1,0,0,0,2014,0.06901953155650319,0
2014-04-23,0,1,1,1,2014,0.14652854483434352,0
2014-04-24,0,0,1,1,2014,0.12265123045950638,0
2014-04-25,0,0,1,1,2014,0.08576762010781057,0
2014-04-26,0,0,1,0,2014,0.12425576193976483,0
2014-04-27,0,0,1,0,2014,0.05623445618105158,0
2014-04-28,0,0,1,0,2014,0.05456478635632424,0
2014-04-29,0,0,1,0,2014,0.09150109469689843,0
2014-04-30,0,0,0,0,2014,0.08412862556542024,0
2014-05-01,0,0,0,0,2014,0.09330514772116962,0
2014-05-02,0,0,0,0,2014,0.0945610918903469,0
2014-05-03,1,0,0,0,2014,0.0935625672176855,0
2014-05-04,1,1,1,1,2014,0.20215040689569405,0
2014-05-05,0,1,2,2,2014,0.3092645389031319,0
2014-05-06,0,0,2,2,2014,0.1933576915707205,0
2014-05-07,0,0,2,1,2014,0.12219996096423905,0
2014-05-08,0,0,2,0,2014,0.10780616418945765,0
2014-05-09,0,0,2,0,2014,0.15970230367260121,0
2014-05-10,0,0,2,0,2014,0.11386431973367446,0
2014-05-11,0,0,1,0,2014,0.08617643636041286,0
2014-05-12,0,0,0,0,2014,0.07630826846589377,0
2014-05-13,0,0,0,0,2014,0.10347335786246187,0
2014-05-14,0,0,0,0,2014,0.12797376382497896,0
2014-05-15,0,0,0,0,2014,0.18064656877290583,0
2014-05-16,1,0,0,0,2014,0.1305131226855362,0
2014-05-17,1,1,1,1,2014,0.24434135087731398,0
2014-05-18,0,1,2,2,2014,0.38427441427683423,1
2014-05-19,0,0,2,2,2014,0.17839234500847406,0
2014-05-20,0,0,2,1,2014,0.20463840622266133,0
2014-05-21,0,0,2,0,2014,0.1466897287146712,0
2014-05-22,1,0,2,0,2014,0.16566258303441733,0
2014-05-23,0,1,3,1,2014,0.27421117723305555,0
2014-05-24,0,0,2,1,2014,0.18519755301934943,0
2014-05-25,0,0,1,1,2014,0.15244615725915361,0
2014-05-26,0,0,1,0,2014,0.2258834298090964,0
2014-05-27,0,0,1,0,2014,0.12407197058425426,0
2014-05-28,0,0,1,0,2014,0.15623075776248516,0
2014-05-29,0,0,1,0,2014,0.134193128168856,0
2014-05-30,0,0,0,0,2014,0.1644390663988513,0
2014-05-31,0,0,0,0,2014,0.1432227682263548,0
2014-06-01,0,0,0,0,2014,0.14546915684142545,0
2014-06-02,0,0,0,0,2014,0.20944966293825468,0
2014-06-03,0,0,0,0,2014,0.1432444940488804,0
2014-06-04,0,0,0,0,2014,0.1251525337974504,0
2014-06-05,0,0,0,0,2014,0.11158065983808435,0
2014-06-06,0,0,0,0,2014,0.12233113740272848,0
2014-06-07,0,0,0,0,2014,0.11317646908614384,0
2014-06-08,0,0,0,0,2014,0.1040800158418856,0
2014-06-09,0,0,0,0,2014,0.11648559890976673,0
2014-06-10,0,0,0,0,2014,0.14126718341273548,0
2014-06-11,0,0,0,0,2014,0.1197629072715115,0
2014-06-12,0,0,0,0,2014,0.14440904797092935,0
2014-06-13,0,0,0,0,2014,0.140550660868537,0
2014-06-14,0,0,0,0,2014,0.23141607022376356,0
2014-06-15,0,0,0,0,2014,0.17207820312184705,0
2014-06-16,1,0,0,0,2014,0.14028971129322274,0
2014-06-17,0,1,1,1,2014,0.24155089151870926,0
2014-06-18,0,0,1,1,2014,0.15728810723331801,0
2014-06-19,0,0,1,1,2014,0.12277812051909584,0
2014-06-20,0,0,1,0,2014,0.13832755479508954,0
2014-06-21,0,0,1,0,2014,0.21645786238845038,0
2014-06-22,0,0,1,0,2014,0.16931728352286537,0
2014-06-23,0,0,1,0,2014,0.14421714053444562,0
2014-06-24,0,0,0,0,2014,0.1465770044855388,0
2014-06-25,0,0,0,0,2014,0.12049862303792898,0
2014-06-26,0,0,0,0,2014,0.09938850822339847,0
2014-06-27,0,0,0,0,2014,0.09024892244319234,0
2014-06-28,0,0,0,0,2014,0.1169584558546255,0
2014-06-29,0,0,0,0,2014,0.09453427415143595,0
2014-06-30,0,0,0,0,2014,0.09679287166554294,0
2014-07-01,0,0,0,0,2014,0.12561890761406574,0
2014-07-02,0,0,0,0,2014,0.1319715771425028,0
2014-07-03,0,0,0,0,2014,0.1402008241835435,0
2014-07-04,0,0,0,0,2014,0.13242960763529063,0
2014-07-05,0,0,0,0,2014,0.18507164491932848,0
2014-07-06,0,0,0,0,2014,0.1252005251150851,0
2014-07-07,0,0,0,0,2014,0.13845702875406288,0
2014-07-08,0,0,0,0,2014,0.15127859925849962,0
2014-07-09,0,0,0,0,2014,0.10233800417152947,0
2014-07-10,1,0,0,0,2014,0.1210856863682504,0
2014-07-11,1,1,1,1,2014,0.33434477587300876,0
2014-07-12,1,1,2,2,2014,0.3508091233845984,1
2014-07-13,1,1,3,3,2014,0.6096767430753939,1
2014-07-14,1,1,4,3,2014,0.5132556578962529,1
2014-07-15,1,1,5,3,2014,0.6700254412654855,1
2014-07-16,1,1,6,3,2014,0.8514758612017456,1
2014-07-17,1,1,7,3,2014,0.787476201203753,1
2014-07-18,1,1,7,3,2014,0.8018665254982099,1
2014-07-19,0,1,7,3,2014,0.7314070643475865,1
2014-07-20,1,0,6,2,2014,0.4332081872898389,1
2014-07-21,1,1,6,2,2014,0.5777919055032636,1
2014-07-22,1,1,6,2,2014,0.9088083049423364,1
2014-07-23,1,1,6,3,2014,0.9096309683879665,1
2014-07-24,1,1,6,3,2014,0.8929298498824587,1
2014-07-25,1,1,6,3,2014,0.8313685695411084,1
2014-07-26,1,1,6,3,2014,0.7778861613407163,1
2014-07-27,1,1,7,3,2014,0.8885912714899996,1
2014-07-28,1,1,7,3,2014,0.8981678177861692,1
2014-07-29,1,1,7,3,2014,0.9197197636013517,1
2014-07-30,1,1,7,3,2014,0.7461441293537068,1
2014-07-31,1,1,7,3,2014,0.9254011969624139,1
2014-08-01,1,1,7,3,2014,0.9013625684896227,1
2014-08-02,1,1,7,3,2014,0.9141766194178121,1
2014-08-03,1,1,7,3,2014,0.9330212884790046,1
2014-08-04,1,1,7,3,2014,0.8924091879600692,1
2014-08-05,1,1,7,3,2014,0.9438537298891975,1
2014-08-06,1,1,7,3,2014,0.9200156983897926,1
2014-08-07,1,1,7,3,2014,0.9354556855463132,1
2014-08-08,1,1,7,3,2014,0.9383279219727463,1
2014-08-09,1,1,7,3,2014,0.9328391380543023,1
2014-08-10,1,1,7,3,2014,0.8988635341338138,1
2014-08-11,1,1,7,3,2014,0.8752903601983152,1
2014-08-12,1,1,7,3,2014,0.915654019940177,1
2014-08-13,1,1,7,3,2014,0.9546869382870917,1
2014-08-14,1,1,7,3,2014,0.9661766956646158,1
2014-08-15,1,1,7,3,2014,0.963747131518861,1
2014-08-16,1,1,7,3,2014,0.952846402282319,1
2014-08-17,1,1,7,3,2014,0.8295803543011852,1
2014-08-18,1,1,7,3,2014,0.7898005357294696,1
2014-08-19,1,1,7,3,2014,0.9457961268012547,1
2014-08-20,1,1,7,3,2014,0.9506127834992076,1
2014-08-21,1,1,7,3,2014,0.949128194445289,1
2014-08-22,1,1,7,3,2014,0.9515088385143625,1
2014-08-23,1,1,7,3,2014,0.7569288525463079,1
2014-08-24,1,1,7,3,2014,0.892102527795691,1
2014-08-25,1,1,7,3,2014,0.9425408899820541,1
2014-08-26,0,1,7,3,2014,0.9632442665121468,1
2014-08-27,1,0,6,2,2014,0.7629786546605156,1
2014-08-28,1,1,6,2,2014,0.9461062627012836,1
2014-08-29,1,1,6,2,2014,0.9171495860618943,1
2014-08-30,1,1,6,3,2014,0.9302834898227798,1
2014-08-31,1,1,6,3,2014,0.857267902194273,1
2014-09-01,1,1,6,3,2014,0.94592064386883,1
2014-09-02,1,1,6,3,2014,0.8776131762585428,1
2014-09-03,1,1,7,3,2014,0.9344399878386622,1
2014-09-04,1,1,7,3,2014,0.919459749448226,1
2014-09-05,1,1,7,3,2014,0.9200989230580172,1
2014-09-06,1,1,7,3,2014,0.9190547225074962,1
2014-09-07,1,1,7,3,2014,0.923747145162669,1
2014-09-08,1,1,7,3,2014,0.8880557994232038,1
2014-09-09,1,1,7,3,2014,0.9120248500677036,1
2014-09-10,1,1,7,3,2014,0.9156241034652413,1
2014-09-11,1,1,7,3,2014,0.9238808539388447,1
2014-09-12,1,1,7,3,2014,0.9279331147251761,1
2014-09-13,1,1,7,3,2014,0.9245764632303264,1
2014-09-14,1,1,7,3,2014,0.9276896047246673,1
2014-09-15,1,1,7,3,2014,0.9152502529809936,1
2014-09-16,1,1,7,3,2014,0.9448348441775822,1
2014-09-17,1,1,7,3,2014,0.9200510426891549,1
2014-09-18,1,1,7,3,2014,0.9193733010828865,1
2014-09-19,1,1,7,3,2014,0.908231387983628,1
2014-09-20,1,1,7,3,2014,0.9091258729509877,1
2014-09-21,1,1,7,3,2014,0.9355326760861166,1
2014-09-22,1,1,7,3,2014,0.9164260354380258,1
2014-09-23,1,1,7,3,2014,0.9152418859626535,1
2014-09-24,1,1,7,3,2014,0.9215416919229178,1
2014-09-25,1,1,7,3,2014,0.941808393366272,1
2014-09-26,1,1,7,3,2014,0.9476578437039599,1
2014-09-27,1,1,7,3,2014,0.8710826655140261,1
2014-09-28,1,1,7,3,2014,0.9302937619851799,1
2014-09-29,1,1,7,3,2014,0.8938145791023866,1
2014-09-30,1,1,7,3,2014,0.9177977247757577,1
2014-10-01,1,1,7,3,2014,0.8560912923639982,1
2014-10-02,1,1,7,3,2014,0.9169786163914554,1
2014-10-03,1,1,7,3,2014,0.9208233047431934,1
2014-10-04,1,1,7,3,2014,0.9348868573091998,1
2014-10-05,1,1,7,3,2014,0.9158644838669285,1
2014-10-06,1,1,7,3,2014,0.9563567183191793,1
2014-10-07,1,1,7,3,2014,0.9281791629585927,1
2014-10-08,1,1,7,3,2014,0.9105339627835906,1
2014-10-09,1,1,7,3,2014,0.9157742819675313,1
2014-10-10,1,1,7,3,2014,0.8559037104354825,1
2014-10-11,1,1,7,3,2014,0.9486660007829711,1
2014-10-12,1,1,7,3,2014,0.9314228750820553,1
2014-10-13,1,1,7,3,2014,0.9094737792569871,1
2014-10-14,1,1,7,3,2014,0.9041429120641239,1
2014-10-15,1,1,7,3,2014,0.9193412522323346,1
2014-10-16,1,1,7,3,2014,0.9008136325062341,1
2014-10-17,1,1,7,3,2014,0.8980492995803212,1
2014-10-18,1,1,7,3,2014,0.8936439569519047,1
2014-10-19,1,1,7,3,2014,0.9291129846299319,1
2014-10-20,1,1,7,3,2014,0.9473676438327718,1
2014-10-21,1,1,7,3,2014,0.9034959238125189,1
2014-10-22,1,1,7,3,2014,0.7957542584627175,1
2014-10-23,1,1,7,3,2014,0.8881802638560937,1
2014-10-24,1,1,7,3,2014,0.903117730827694,1
2014-10-25,1,1,7,3,2014,0.9160621604735222,1
2014-10-26,1,1,7,3,2014,0.9013561233244884,1
2014-10-27,1,1,7,3,2014,0.7137015450032795,1
2014-10-28,1,1,7,3,2014,0.8036495666035638,1
2014-10-29,1,1,7,3,2014,0.7518065760273027,1
2014-10-30,0,1,7,3,2014,0.879259618343435,1
2014-10-31,1,0,6,2,2014,0.4260101927801315,1
2014-11-01,1,1,6,2,2014,0.5441530572514283,1
2014-11-02,1,1,6,2,2014,0.6314067903870507,1
2014-11-03,1,1,6,3,2014,0.7344545829530832,1
2014-11-04,1,1,6,3,2014,0.6388815911882466,1
2014-11-05,1,1,6,3,2014,0.5286558324799496,1
2014-11-06,1,1,6,3,2014,0.5940912636925318,1
2014-11-07,1,1,7,3,2014,0.6758442928795508,1
2014-11-08,0,1,7,3,2014,0.620005567653114,1
2014-11-09,1,0,6,2,2014,0.4909426691069537,1
2014-11-10,1,1,6,2,2014,0.8456452942865229,1
2014-11-11,1,1,6,2,2014,0.8092093478658642,1
2014-11-12,1,1,6,3,2014,0.654075915142925,1
2014-11-13,1,1,6,3,2014,0.7499223991151405,1
2014-11-14,1,1,6,3,2014,0.7153188108285055,1
2014-11-15,1,1,6,3,2014,0.621186537081778,1
2014-11-16,1,1,7,3,2014,0.49874806079294215,1
2014-11-17,0,1,7,3,2014,0.6424126484556245,1
2014-11-18,0,0,6,2,2014,0.39944714144755017,1
2014-11-19,0,0,5,1,2014,0.30830829784425756,0
2014-11-20,1,0,4,0,2014,0.2964442571013231,0
2014-11-21,0,1,4,1,2014,0.48438611507144147,1
2014-11-22,1,0,3,1,2014,0.20719544410535654,0
2014-11-23,1,1,3,2,2014,0.5174499343943091,1
2014-11-24,1,1,3,2,2014,0.6452986671535359,1
2014-11-25,1,1,4,3,2014,0.5915608769788625,1
2014-11-26,1,1,5,3,2014,0.7011551171586421,1
2014-11-27,0,1,6,3,2014,0.7622757859158191,1
2014-11-28,0,0,5,2,2014,0.21779172967294572,0
2014-11-29,0,0,5,1,2014,0.2587076348416148,0
2014-11-30,0,0,4,0,2014,0.2485636955424624,0
2014-12-01,0,0,3,0,2014,0.1593497880401033,0
2014-12-03,0,0,1,0,2014,0.10303980410178178,0
2014-12-04,0,0,0,0,2014,0.08825249273584368,0
2014-12-05,0,0,0,0,2014,0.08465283855866194,0
2014-12-06,0,0,0,0,2014,0.06395163303817394,0
2014-12-07,1,0,0,0,2014,0.1391141885209431,0
2014-12-08,1,1,1,1,2014,0.39670896671970446,1
2014-12-09,0,1,2,2,2014,0.365917696371631,1
2014-12-10,0,0,2,2,2014,0.2260384913542423,0
2014-12-11,0,0,2,1,2014,0.09665808226347815,0
2014-12-13,0,0,2,0,2014,0.0728142532862091,0
2014-12-14,0,0,2,0,2014,0.08540229826117562,0
2014-12-15,0,0,1,0,2014,0.05980388130672811,0
2014-12-20,0,1,1,1,2014,0.20769525773108655,0
2014-12-21,1,0,1,1,2014,0.13560616369275702,0
2014-12-22,1,1,2,2,2014,0.21224449688787356,0
2014-12-23,1,1,3,2,2014,0.28519578917319405,0
2014-12-24,1,1,4,3,2014,0.5070929703576252,1
2014-12-26,1,1,5,2,2014,0.09829010810135823,0
2014-12-27,1,1,5,2,2014,0.43069538531155954,1
2014-12-28,1,1,6,2,2014,0.4430528052840673,1
2014-12-29,1,1,6,3,2014,0.3615020693685141,1
2014-12-30,1,1,6,3,2014,0.371033774764798,1
2015-01-01,0,1,5,2,2015,0.31288073173419445,0
2015-01-02,1,0,5,1,2015,0.188913949841752,0
2015-01-03,0,1,5,1,2015,0.42983527874874977,1
2015-01-04,0,0,4,1,2015,0.2847479123719554,0
2015-01-05,0,0,3,1,2015,0.152745960795552,0
2015-01-06,1,0,2,0,2015,0.12729000809836738,0
2015-01-07,0,1,2,1,2015,0.399023017053398,1
2015-01-08,0,0,2,1,2015,0.09095656140490908,0
2015-01-09,0,0,2,1,2015,0.08126067158941847,0
2015-01-10,0,0,1,0,2015,0.13533043032036424,0
2015-01-11,0,0,1,0,2015,0.1282071031366826,0
2015-01-12,1,0,1,0,2015,0.08844073454442807,0
2015-01-13,1,1,2,1,2015,0.3108794484012906,0
2015-01-14,1,1,2,2,2015,0.577074666390204,1
2015-01-15,1,1,3,3,2015,0.6730367414815771,1
2015-01-16,1,1,4,3,2015,0.7467287251723361,1
2015-01-17,1,1,5,3,2015,0.6885740558384152,1
2015-01-18,1,1,6,3,2015,0.7857633831073769,1
2015-01-19,0,1,7,3,2015,0.8066160753316245,1
2015-01-20,1,0,6,2,2015,0.3457932736167699,0
2015-01-21,1,1,6,2,2015,0.6662279797351286,1
2015-01-22,1,1,6,2,2015,0.8734827038712955,1
2015-01-23,1,1,6,3,2015,0.9115649553275422,1
2015-01-24,1,1,6,3,2015,0.8193400809849839,1
2015-01-25,1,1,6,3,2015,0.7863809948735223,1
2015-01-26,1,1,6,3,2015,0.8695951116590719,1
2015-01-27,1,1,7,3,2015,0.8552527688562884,1
2015-01-28,1,1,7,3,2015,0.847619671275546,1
2015-01-29,1,1,7,3,2015,0.7281042118873102,1
2015-01-30,1,1,7,3,2015,0.7194380548479743,1
2015-01-31,1,1,7,3,2015,0.9105484194787834,1
2015-02-01,1,1,7,3,2015,0.8761794451579993,1
2015-02-02,1,1,7,3,2015,0.7417837846125387,1
2015-02-03,1,1,7,3,2015,0.8313558187416947,1
2015-02-04,1,1,7,3,2015,0.8716479952654286,1
2015-02-05,1,1,7,3,2015,0.9206736903886611,1
2015-02-06,1,1,7,3,2015,0.8657599950757223,1
2015-02-07,1,1,7,3,2015,0.8547457435559502,1
2015-02-08,1,1,7,3,2015,0.8962092182612539,1
2015-02-09,1,1,7,3,2015,0.9000363020915779,1
2015-02-10,1,1,7,3,2015,0.837687090337518,1
2015-02-11,1,1,7,3,2015,0.9044589957662339,1
2015-02-12,1,1,7,3,2015,0.9517082635163941,1
2015-02-13,1,1,7,3,2015,0.8907453340286636,1
2015-02-14,1,1,7,3,2015,0.9364458844687277,1
2015-02-15,0,1,7,3,2015,0.8999242236941519,1
2015-02-16,1,0,6,2,2015,0.5563477098350568,1
2015-02-17,1,1,6,2,2015,0.6561975903317565,1
2015-02-18,0,1,6,2,2015,0.686048586244286,1
2015-02-19,0,0,5,2,2015,0.4708576618365466,1
2015-02-20,0,0,4,1,2015,0.3408363237814315,0
2015-02-21,0,0,3,0,2015,0.29052945177166756,0
2015-02-22,0,0,2,0,2015,0.3075647040712122,0
2015-02-23,0,0,2,0,2015,0.2616267145219535,0
2015-02-24,0,0,1,0,2015,0.13581849783583913,0
2015-02-25,1,0,0,0,2015,0.11862555355969538,0
2015-02-26,1,1,1,1,2015,0.4780169013471593,1
2015-02-27,0,1,2,2,2015,0.5856778293634097,1
2015-02-28,0,0,2,2,2015,0.2800998506156818,0
2015-03-01,0,0,2,1,2015,0.1448860013324154,0
2015-03-02,1,0,2,0,2015,0.18115052014469393,0
2015-03-03,0,1,3,1,2015,0.3829513619043143,1
2015-03-04,0,0,3,1,2015,0.14565340775594743,0
2015-03-05,0,0,2,1,2015,0.16602571105990266,0
2015-03-06,0,0,1,0,2015,0.12262701263341771,0
2015-03-07,0,0,1,0,2015,0.11785961756186383,0
2015-03-08,0,0,1,0,2015,0.1315578723581814,0
2015-03-09,0,0,1,0,2015,0.12854520994199387,0
2015-03-10,0,0,0,0,2015,0.08647741371818418,0
2015-03-11,0,0,0,0,2015,0.10320475866803101,0
2015-03-12,0,0,0,0,2015,0.10389395221605859,0
2015-03-13,0,0,0,0,2015,0.09440717773422869,0
2015-03-14,0,0,0,0,2015,0.09394625816741264,0
2015-03-15,0,0,0,0,2015,0.08020560340296527,0
2015-03-16,0,0,0,0,2015,0.0765184608176348,0
2015-03-17,0,0,0,0,2015,0.10009348794791893,0
2015-03-18,0,0,0,0,2015,0.07900776384472175,0
2015-03-19,0,0,0,0,2015,0.0605664515485793,0
2015-03-20,0,0,0,0,2015,0.062039529685722475,0
2015-03-21,0,0,0,0,2015,0.0724176159855449,0
2015-03-22,1,0,0,0,2015,0.07155194710871834,0
2015-03-23,0,1,1,1,2015,0.28266648227122293,0
2015-03-24,0,0,1,1,2015,0.11576723942999388,0
2015-03-25,0,0,1,1,2015,0.08335541713341431,0
2015-03-26,0,0,1,0,2015,0.0819766637478876,0
2015-03-27,0,0,1,0,2015,0.0917080874924877,0
2015-03-28,0,0,1,0,2015,0.09550318762233362,0
2015-03-29,1,0,1,0,2015,0.07608988177039033,0
2015-03-30,1,1,1,1,2015,0.24325733578120468,0
2015-03-31,0,1,2,2,2015,0.42497657374655057,1
2015-04-01,1,0,2,2,2015,0.08700217403968073,0
2015-04-02,1,1,3,2,2015,0.30593706095830464,0
2015-04-03,1,1,4,2,2015,0.3459355260375509,0
2015-04-04,0,1,5,3,2015,0.4156599503479333,1
2015-04-05,0,0,5,2,2015,0.28820470210883126,0
2015-04-06,0,0,4,1,2015,0.15977674631442595,0
2015-04-07,0,0,3,0,2015,0.11508815219508782,0
2015-04-08,0,0,3,0,2015,0.11666316249789431,0
2015-04-09,1,0,2,0,2015,0.12049571709130832,0
2015-04-10,0,1,2,1,2015,0.41565587824526656,1
2015-04-11,1,0,1,1,2015,0.1384437374591898,0
2015-04-12,0,1,2,2,2015,0.2936357107904497,0
2015-04-13,0,0,2,1,2015,0.1714022587254609,0
2015-04-14,0,0,2,1,2015,0.1303871941238776,0
2015-04-15,1,0,2,0,2015,0.14412177401016185,0
2015-04-16,0,1,3,1,2015,0.38040402988277416,1
2015-04-17,0,0,2,1,2015,0.1871340882133471,0
2015-04-18,0,0,2,1,2015,0.14741718167974135,0
2015-04-19,0,0,1,0,2015,0.12261341923762095,0
2015-04-20,0,0,1,0,2015,0.11655808200658495,0
2015-04-21,0,0,1,0,2015,0.14837215783805802,0
2015-04-22,0,0,1,0,2015,0.08917049221375047,0
2015-04-23,0,0,0,0,2015,0.08027951684984909,0
2015-04-24,0,0,0,0,2015,0.10012168044416442,0
2015-04-25,0,0,0,0,2015,0.0820385766132186,0
2015-04-26,0,0,0,0,2015,0.07840206515994717,0
2015-04-27,1,0,0,0,2015,0.07746389904142018,0
2015-04-28,0,1,1,1,2015,0.29959057551594925,0
2015-04-29,0,0,1,1,2015,0.17064632117913126,0
2015-04-30,0,0,1,1,2015,0.13382082973381546,0
2015-05-01,0,0,1,0,2015,0.10906774581420281,0
2015-05-02,0,0,1,0,2015,0.13229172414751722,0
2015-05-03,0,0,1,0,2015,0.10039306680487466,0
2015-05-04,0,0,1,0,2015,0.09584724559757908,0
2015-05-05,0,0,0,0,2015,0.10409974617248141,0
2015-05-06,0,0,0,0,2015,0.11580506851716284,0
2015-05-07,0,0,0,0,2015,0.12405357067079997,0
2015-05-09,1,0,0,0,2015,0.10631247790154105,0
2015-05-10,0,1,1,1,2015,0.26576024006530446,0
2015-05-11,0,0,1,1,2015,0.15403332657249982,0
2015-05-12,0,0,1,1,2015,0.11709100883799925,0
2015-05-13,1,0,1,0,2015,0.08241580409723323,0
2015-05-14,0,1,2,1,2015,0.3435756998224732,0
2015-05-16,1,0,2,1,2015,0.08754597589726991,0
2015-05-17,1,1,2,1,2015,0.29961337700428653,0
2015-05-18,1,1,3,2,2015,0.3876377516201037,1
2015-05-19,1,1,4,3,2015,0.509024126974637,1
2015-05-20,0,1,5,3,2015,0.5793521380884379,1
2015-05-21,1,0,4,2,2015,0.1606917920534304,0
2015-05-22,1,1,5,2,2015,0.605384163403228,1
2015-05-23,0,1,6,2,2015,0.5134104005326199,1
2015-05-24,0,0,5,2,2015,0.35872099848260214,1
2015-05-25,1,0,4,1,2015,0.28244506430201494,0
2015-05-26,0,1,4,1,2015,0.4856620279908822,1
2015-05-27,0,0,3,1,2015,0.35761026906058574,1
2015-05-28,1,0,3,1,2015,0.24374658550974182,0
2015-05-29,1,1,3,1,2015,0.7993239494190632,1
2015-05-30,1,1,3,2,2015,0.893631037056848,1
2015-05-31,1,1,4,3,2015,0.8780288533758981,1
2015-06-01,1,1,5,3,2015,0.6995522328597875,1
2015-06-02,0,1,5,3,2015,0.5488365168620423,1
2015-06-03,0,0,5,2,2015,0.32344861025501637,0
2015-06-04,0,0,5,1,2015,0.3133812153730836,0
2015-06-05,1,0,4,0,2015,0.2757450297035511,0
2015-06-06,1,1,4,1,2015,0.5891433024114462,1
2015-06-07,1,1,4,2,2015,0.7016902052441939,1
2015-06-08,1,1,4,3,2015,0.7511272395763772,1
2015-06-09,0,1,4,3,2015,0.7538662721585949,1
2015-06-10,0,0,4,2,2015,0.42552534476529147,1
2015-06-11,0,0,4,1,2015,0.383184047355961,1
2015-06-12,1,0,4,0,2015,0.4010467381084266,1
2015-06-13,0,1,4,1,2015,0.6926347743186045,1
2015-06-14,0,0,3,1,2015,0.4134154431083817,1
2015-06-15,0,0,2,1,2015,0.2705444354429236,0
2015-06-16,1,0,1,0,2015,0.24286555991871384,0
2015-06-17,1,1,2,1,2015,0.5475456035679677,1
2015-06-18,1,1,3,2,2015,0.8545870933411147,1
2015-06-19,1,1,4,3,2015,0.8695838645914091,1
2015-06-20,1,1,4,3,2015,0.6688206485137513,1
2015-06-21,1,1,5,3,2015,0.7654429642175767,1
2015-06-22,1,1,6,3,2015,0.8085774019012065,1
2015-06-23,0,1,7,3,2015,0.82073007178185,1
2015-06-24,0,0,6,2,2015,0.4870643269789096,1
2015-06-25,1,0,5,1,2015,0.48639789315911597,1
2015-06-26,1,1,5,1,2015,0.7643194858566718,1
2015-06-27,1,1,5,2,2015,0.8102049165134919,1
2015-06-28,1,1,5,3,2015,0.7776891937563111,1
2015-06-29,1,1,5,3,2015,0.878982052294921,1
2015-06-30,1,1,5,3,2015,0.8040420747787675,1
2015-07-01,1,1,6,3,2015,0.9233880693208646,1
2015-07-02,1,1,7,3,2015,0.9150590203338101,1
2015-07-03,1,1,7,3,2015,0.9133081528937547,1
2015-07-04,1,1,7,3,2015,0.9476184779701781,1
2015-07-05,1,1,7,3,2015,0.8636460452782428,1
2015-07-06,1,1,7,3,2015,0.7795999532512086,1
2015-07-07,1,1,7,3,2015,0.9351145920396746,1
2015-07-08,1,1,7,3,2015,0.8857682961262153,1
2015-07-09,1,1,7,3,2015,0.922400761627282,1
2015-07-10,1,1,7,3,2015,0.9432933781798766,1
2015-07-11,1,1,7,3,2015,0.9580269975005007,1
2015-07-12,1,1,7,3,2015,0.9748910137640728,1
2015-07-13,1,1,7,3,2015,0.9641281526064497,1
2015-07-14,1,1,7,3,2015,0.9687851138572074,1
2015-07-15,1,1,7,3,2015,0.9418657483770951,1
2015-07-16,1,1,7,3,2015,0.9523461529317349,1
2015-07-17,1,1,7,3,2015,0.9572829334164036,1
2015-07-18,1,1,7,3,2015,0.9608927376754137,1
2015-07-19,1,1,7,3,2015,0.909323957309849,1
2015-07-20,1,1,7,3,2015,0.9862597513896033,1
2015-07-21,1,1,7,3,2015,0.9895750516407482,1
2015-07-22,1,1,7,3,2015,0.9813037329095062,1
2015-07-23,1,1,7,3,2015,0.9906162323640103,1
2015-07-24,1,1,7,3,2015,0.9840514254175509,1
2015-07-25,1,1,7,3,2015,0.9869665375971519,1
2015-07-26,1,1,7,3,2015,0.9847985973162049,1
2015-07-27,1,1,7,3,2015,0.9894872995834438,1
2015-07-28,1,1,7,3,2015,0.9864645583289781,1
2015-07-29,1,1,7,3,2015,0.9864651143452268,1
2015-07-30,1,1,7,3,2015,0.9884578700240464,1
2015-07-31,1,1,7,3,2015,0.9837343996620314,1
2015-08-01,1,1,7,3,2015,0.9858878231306826,1
2015-08-02,1,1,7,3,2015,0.9785154182860227,1
2015-08-03,1,1,7,3,2015,0.9622748584616744,1
2015-08-04,1,1,7,3,2015,0.9711196216573312,1
2015-08-05,1,1,7,3,2015,0.9872138330997943,1
2015-08-06,1,1,7,3,2015,0.9884311903149996,1
2015-08-07,1,1,7,3,2015,0.9897106816159198,1
2015-08-08,1,1,7,3,2015,0.9850280936094086,1
2015-08-09,1,1,7,3,2015,0.9740560310676258,1
2015-08-10,1,1,7,3,2015,0.9896050450300693,1
2015-08-11,1,1,7,3,2015,0.9890742978968113,1
2015-08-12,1,1,7,3,2015,0.9837781455577171,1
2015-08-13,1,1,7,3,2015,0.9814673528279299,1
2015-08-14,1,1,7,3,2015,0.9800057591620245,1
2015-08-15,1,1,7,3,2015,0.9822700839382714,1
2015-08-16,1,1,7,3,2015,0.9435834483397633,1
2015-08-17,1,1,7,3,2015,0.972110715025073,1
2015-08-18,1,1,7,3,2015,0.9564510001464903,1
2015-08-19,1,1,7,3,2015,0.9461982655466369,1
2015-08-20,1,1,7,3,2015,0.925047244207154,1
2015-08-21,1,1,7,3,2015,0.9577255094810505,1
2015-08-22,1,1,7,3,2015,0.9838635617355008,1
2015-08-23,1,1,7,3,2015,0.9485603747097184,1
2015-08-24,1,1,7,3,2015,0.9729802177831259,1
2015-08-25,1,1,7,3,2015,0.972158644369218,1
2015-08-26,1,1,7,3,2015,0.9788488572892557,1
2015-08-27,1,1,7,3,2015,0.9726318648248838,1
2015-08-28,1,1,7,3,2015,0.9817743504079934,1
2015-08-29,1,1,7,3,2015,0.982156306160254,1
2015-08-30,1,1,7,3,2015,0.9851570856938251,1
2015-08-31,1,1,7,3,2015,0.9864847495010168,1
2015-09-01,1,1,7,3,2015,0.9836040846381083,1
2015-09-02,1,1,7,3,2015,0.9781318641037389,1
2015-09-03,1,1,7,3,2015,0.9726082726936534,1
2015-09-04,1,1,7,3,2015,0.9737815614422852,1
2015-09-05,1,1,7,3,2015,0.9845607116880817,1
2015-09-06,1,1,7,3,2015,0.9448017507189198,1
2015-09-07,1,1,7,3,2015,0.9521916894195933,1
2015-09-08,1,1,7,3,2015,0.9557106360744052,1
2015-09-09,1,1,7,3,2015,0.9738943619934228,1
2015-09-10,1,1,7,3,2015,0.9628631420905625,1
2015-09-11,1,1,7,3,2015,0.8595793120906052,1
2015-09-12,1,1,7,3,2015,0.8997931037586222,1
2015-09-13,1,1,7,3,2015,0.9477732885818306,1
2015-09-14,1,1,7,3,2015,0.9678678642654402,1
2015-09-15,1,1,7,3,2015,0.952021534777239,1
2015-09-16,1,1,7,3,2015,0.9203248928632288,1
2015-09-17,1,1,7,3,2015,0.9654757425576054,1
2015-09-18,1,1,7,3,2015,0.9818967416883688,1
2015-09-19,1,1,7,3,2015,0.9765827082173936,1
2015-09-20,1,1,7,3,2015,0.9704313210034435,1
2015-09-21,1,1,7,3,2015,0.9746904622085463,1
2015-09-22,1,1,7,3,2015,0.9544952577647646,1
2015-09-23,1,1,7,3,2015,0.9398535034766415,1
2015-09-24,1,1,7,3,2015,0.9690624271000803,1
2015-09-25,1,1,7,3,2015,0.9645262564589486,1
2015-09-26,1,1,7,3,2015,0.957017515401505,1
2015-09-27,1,1,7,3,2015,0.9729285593608055,1
2015-09-28,1,1,7,3,2015,0.9789715779099163,1
2015-09-29,1,1,7,3,2015,0.9667430017824288,1
2015-09-30,1,1,7,3,2015,0.9630776766051504,1
2015-10-01,1,1,7,3,2015,0.906104447008818,1
2015-10-02,1,1,7,3,2015,0.9494211074099252,1
2015-10-03,1,1,7,3,2015,0.9295980428228411,1
2015-10-04,1,1,7,3,2015,0.9771800422935902,1
2015-10-05,1,1,7,3,2015,0.9474458262623187,1
2015-10-06,1,1,7,3,2015,0.9269311960042781,1
2015-10-07,1,1,7,3,2015,0.9363789047280813,1
2015-10-08,1,1,7,3,2015,0.9398100237590717,1
2015-10-09,1,1,7,3,2015,0.9367682181033831,1
2015-10-10,1,1,7,3,2015,0.8848353843544139,1
2015-10-11,1,1,7,3,2015,0.9124282938183382,1
2015-10-12,1,1,7,3,2015,0.970953076597277,1
2015-10-13,1,1,7,3,2015,0.9535622643277182,1
2015-10-14,1,1,7,3,2015,0.9546441101927153,1
2015-10-15,1,1,7,3,2015,0.9578260896609171,1
2015-10-16,1,1,7,3,2015,0.9230648307012644,1
2015-10-17,1,1,7,3,2015,0.8883996461754892,1
2015-10-18,1,1,7,3,2015,0.882658290375335,1
2015-10-19,1,1,7,3,2015,0.9374147293228987,1
2015-10-20,1,1,7,3,2015,0.8653960909894444,1
2015-10-21,1,1,7,3,2015,0.7899563522634805,1
2015-10-22,1,1,7,3,2015,0.8812543751906042,1
2015-10-23,1,1,7,3,2015,0.9537362419303221,1
2015-10-24,1,1,7,3,2015,0.9609116490125807,1
2015-10-25,1,1,7,3,2015,0.9658974683119216,1
2015-10-26,1,1,7,3,2015,0.9669806200763185,1
2015-10-27,1,1,7,3,2015,0.9378740143435403,1
2015-10-28,1,1,7,3,2015,0.8579660471780372,1
2015-10-29,1,1,7,3,2015,0.8055368196726626,1
2015-10-30,1,1,7,3,2015,0.9354368110211622,1
2015-10-31,1,1,7,3,2015,0.9110629298175392,1
2015-11-01,1,1,7,3,2015,0.9046420434769645,1
2015-11-02,0,1,7,3,2015,0.9215224444550167,1
2015-11-03,0,0,6,2,2015,0.5171386644620215,1
2015-11-04,0,0,5,1,2015,0.3068803351477522,0
2015-11-05,1,0,4,0,2015,0.23476573853057278,0
2015-11-06,1,1,4,1,2015,0.6840710873476622,1
2015-11-07,1,1,4,2,2015,0.6984361883646131,1
2015-11-08,1,1,4,3,2015,0.8418230886027832,1
2015-11-09,1,1,4,3,2015,0.6623315635687161,1
2015-11-11,1,1,5,2,2015,0.41458291414499293,1
2015-11-12,0,1,6,2,2015,0.6297932954727402,1
2015-11-13,1,0,5,1,2015,0.4434095013620654,1
2015-11-14,1,1,5,2,2015,0.6831861913637315,1
2015-11-15,0,1,5,2,2015,0.7786322055870201,1
2015-11-17,0,0,3,1,2015,0.18952568405000536,0
2015-11-18,1,0,3,0,2015,0.1721454735072868,0
2015-11-19,1,1,3,1,2015,0.39275284130132226,1
2015-11-20,0,1,4,2,2015,0.8395277017726684,1
2015-11-21,1,0,3,2,2015,0.2973958250338551,0
2015-11-22,1,1,3,2,2015,0.6754711523042822,1
2015-11-23,0,1,4,2,2015,0.7314863657075331,1
2015-11-24,1,0,4,2,2015,0.34129414936192415,0
2015-11-27,1,1,3,1,2015,0.19052925304475798,0
2015-11-28,1,1,4,1,2015,0.5273370968274628,1
2015-11-29,1,1,4,2,2015,0.661596234105926,1
2015-11-30,1,1,4,3,2015,0.5985491504847626,1
2015-12-01,1,1,5,3,2015,0.6425299508936428,1
2015-12-02,1,1,5,3,2015,0.8193727241862593,1
2015-12-03,0,1,6,3,2015,0.8301625117080652,1
2015-12-04,0,0,6,2,2015,0.21491378684210904,0
2015-12-05,1,0,5,1,2015,0.1501750425798163,0
2015-12-06,1,1,5,1,2015,0.5273190871879818,1
2015-12-07,0,1,5,2,2015,0.6172307129825294,1
2015-12-08,0,0,4,2,2015,0.1846843671123908,0
2015-12-09,0,0,3,1,2015,0.10674541067943831,0
2015-12-10,0,0,2,0,2015,0.08918672759034091,0
2015-12-12,0,0,2,0,2015,0.09880170936890308,0
2015-12-13,1,0,1,0,2015,0.0881831609377213,0
2015-12-15,0,1,1,1,2015,0.15494172278024002,0
2015-12-16,1,0,1,1,2015,0.08483707827827568,0
2015-12-17,0,1,2,1,2015,0.3288292405001157,0
2015-12-18,1,0,2,1,2015,0.1290347123452705,0
2015-12-19,0,1,3,2,2015,0.38995185186267733,1
2015-12-20,0,0,3,1,2015,0.22970054609632898,0
2015-12-21,0,0,2,1,2015,0.18127883661432598,0
2015-12-23,0,0,2,0,2015,0.08423242595530134,0
2015-12-24,1,0,1,0,2015,0.07484266441035646,0
2015-12-26,0,1,1,1,2015,0.13698986614937303,0
2015-12-27,1,0,1,1,2015,0.07436184988414836,0
2015-12-28,0,1,2,1,2015,0.48535414184748205,1
2015-12-29,0,0,2,1,2015,0.15690117694590233,0
2015-12-30,0,0,2,1,2015,0.11341191581584538,0
2015-12-31,0,0,2,0,2015,0.10645467739279522,0
2016-01-01,1,0,1,0,2016,0.11546712286660794,0
2016-01-02,1,1,2,1,2016,0.28775666852024845,0
2016-01-03,1,1,3,2,2016,0.37492739991062807,1
2016-01-14,0,1,3,2,2016,0.44549368820032165,1
2016-01-15,0,0,3,2,2016,0.18418221227480353,0
2016-01-16,0,0,3,1,2016,0.16649371053664722,0
2016-01-17,1,0,2,0,2016,0.13578307542073645,0
2016-01-18,1,1,3,1,2016,0.36731544556782997,1
2016-01-19,0,1,4,2,2016,0.3777116793593425,1
2016-01-20,0,0,3,2,2016,0.11404496724815313,0
2016-01-21,0,0,2,1,2016,0.12988863609130197,0
2016-01-22,0,0,2,0,2016,0.12859076581971535,0
2016-01-23,0,0,2,0,2016,0.0985556553430094,0
2016-01-24,0,0,2,0,2016,0.1165316704901368,0
2016-01-26,0,0,0,0,2016,0.12364434770405779,0
2016-01-27,0,0,0,0,2016,0.07667225186670666,0
2016-01-28,0,0,0,0,2016,0.10354524008644224,0
2016-01-29,0,0,0,0,2016,0.07889489350273464,0
2016-01-30,0,0,0,0,2016,0.11004130180935742,0
2016-02-02,0,0,0,0,2016,0.08167872989871888,0
2016-02-03,0,0,0,0,2016,0.0657726127579472,0
2016-02-04,0,0,0,0,2016,0.061791217215184185,0
2016-02-05,0,0,0,0,2016,0.061391297251300894,0
2016-02-06,0,0,0,0,2016,0.06095529770417649,0
2016-02-07,0,0,0,0,2016,0.06748567707234072,0
2016-02-08,0,0,0,0,2016,0.04841827104314104,0
2016-02-09,1,0,0,0,2016,0.09042406219865003,0
2016-02-10,0,1,1,1,2016,0.4316236549069549,1
2016-02-11,0,0,1,1,2016,0.1154362123606067,0
2016-02-12,0,0,1,1,2016,0.11333220406685117,0
2016-02-13,0,0,1,0,2016,0.06743793442298494,0
2016-02-14,0,0,1,0,2016,0.08139061736346778,0
2016-02-15,0,0,1,0,2016,0.08897783357420162,0
2016-02-16,0,0,1,0,2016,0.07737106599835461,0
2016-02-17,0,0,0,0,2016,0.08002025934627564,0
2016-02-18,0,0,0,0,2016,0.0896781059069845,0
2016-02-19,0,0,0,0,2016,0.07104784962764137,0
2016-02-20,0,0,0,0,2016,0.05327582051195282,0
2016-02-21,0,0,0,0,2016,0.05896616034672987,0
2016-02-22,0,0,0,0,2016,0.03780002323585386,0
2016-02-23,0,0,0,0,2016,0.06070282468145074,0
2016-02-24,1,0,0,0,2016,0.06236813838781965,0
2016-02-25,0,1,1,1,2016,0.2566045232831483,0
2016-02-26,0,0,1,1,2016,0.07509956319261346,0
2016-02-27,0,0,1,1,2016,0.07243100357751078,0
2016-02-28,0,0,1,0,2016,0.06624218636725224,0
2016-02-29,0,0,1,0,2016,0.06488851882474683,0
2016-03-01,0,0,1,0,2016,0.07790722591035838,0
2016-03-02,0,0,1,0,2016,0.08987924031761772,0
2016-03-03,0,0,0,0,2016,0.05336399663174375,0
2016-03-04,0,0,0,0,2016,0.06283482390655398,0
2016-03-05,0,0,0,0,2016,0.05197200241849491,0
2016-03-06,0,0,0,0,2016,0.04748790469940394,0
2016-03-08,0,0,0,0,2016,0.05280386224809014,0
2016-03-09,0,0,0,0,2016,0.05269294500844844,0
2016-03-10,0,0,0,0,2016,0.04430697774722972,0
2016-03-11,0,0,0,0,2016,0.04456648089539187,0
2016-03-12,0,0,0,0,2016,0.05702229925933858,0
2016-03-13,0,0,0,0,2016,0.04493629604282405,0
2016-03-14,0,0,0,0,2016,0.07714251837229412,0
2016-03-15,0,0,0,0,2016,0.050157392438857876,0
2016-03-16,0,0,0,0,2016,0.07394173404957673,0
2016-03-17,0,0,0,0,2016,0.06807748914371177,0
2016-03-18,0,0,0,0,2016,0.06714052105084765,0
2016-03-19,0,0,0,0,2016,0.09299117034801488,0
2016-03-20,0,0,0,0,2016,0.07040643938952436,0
2016-03-21,1,0,0,0,2016,0.08175878981270543,0
2016-03-23,1,1,1,1,2016,0.13797334478095716,0
2016-03-24,1,1,2,2,2016,0.3265254731861861,0
2016-03-25,0,1,3,2,2016,0.32763702330915884,0
2016-03-26,0,0,3,2,2016,0.15848115453038625,0
2016-03-27,0,0,3,1,2016,0.09474328190946237,0
2016-03-28,0,0,3,0,2016,0.11359035426715533,0
2016-03-29,0,0,2,0,2016,0.10032590497102008,0
2016-03-30,0,0,2,0,2016,0.08749627616971932,0
2016-03-31,0,0,1,0,2016,0.0614840566320422,0
2016-04-01,0,0,0,0,2016,0.07790204493967967,0
2016-04-02,0,0,0,0,2016,0.10708836724923969,0
2016-04-03,0,0,0,0,2016,0.07886038986046962,0
2016-04-04,0,0,0,0,2016,0.07309918836840257,0
2016-04-05,0,0,0,0,2016,0.061633059894870085,0
2016-04-06,0,0,0,0,2016,0.07193885693889965,0
2016-04-07,0,0,0,0,2016,0.04857592980905115,0
2016-04-08,0,0,0,0,2016,0.07984619927233211,0
2016-04-09,0,0,0,0,2016,0.08873605463636113,0
2016-04-10,1,0,0,0,2016,0.07190335000584577,0
2016-04-11,0,1,1,1,2016,0.20485301031213335,0
2016-04-12,0,0,1,1,2016,0.10031724774853995,0
2016-04-13,0,0,1,1,2016,0.06463774419041708,0
2016-04-14,1,0,1,0,2016,0.08348617318260974,0
2016-04-16,0,1,2,1,2016,0.18440540691128085,0
2016-04-17,0,0,2,1,2016,0.13838561002684074,0
2016-04-18,0,0,1,0,2016,0.11469183183086872,0
2016-04-19,0,0,1,0,2016,0.118415491831774,0
2016-04-20,0,0,1,0,2016,0.11350441150765475,0
2016-04-21,0,0,1,0,2016,0.10369794344833017,0
2016-04-22,0,0,0,0,2016,0.07250558421568032,0
2016-04-23,0,0,0,0,2016,0.055983647242866454,0
2016-04-24,0,0,0,0,2016,0.06951606341324795,0
2016-04-25,0,0,0,0,2016,0.08618045956141772,0
2016-04-26,0,0,0,0,2016,0.0591764609146331,0
2016-04-27,0,0,0,0,2016,0.07824120861675163,0
2016-04-28,0,0,0,0,2016,0.05926682898611139,0
2016-04-29,0,0,0,0,2016,0.07024980178789517,0
2016-04-30,0,0,0,0,2016,0.08537935142094928,0
2016-05-01,1,0,0,0,2016,0.10189066936316299,0
2016-05-02,0,1,1,1,2016,0.4508921680589491,1
2016-05-03,0,0,1,1,2016,0.13090279415169692,0
2016-05-04,0,0,1,1,2016,0.10814844632913657,0
2016-05-05,1,0,1,0,2016,0.12434573004954526,0
2016-05-06,0,1,2,1,2016,0.428575348019464,1
2016-05-07,0,0,2,1,2016,0.19680666871712968,0
2016-05-08,0,0,2,1,2016,0.15697556672791357,0
2016-05-09,0,0,1,0,2016,0.10960632034370868,0
2016-05-10,0,0,1,0,2016,0.12803058224234298,0
2016-05-11,0,0,1,0,2016,0.14792499204423035,0
2016-05-12,0,0,1,0,2016,0.10417699869927514,0
2016-05-13,0,0,0,0,2016,0.10890049665206733,0
2016-05-14,1,0,0,0,2016,0.13893854354641239,0
2016-05-15,1,1,1,1,2016,0.33965756738203595,0
2016-05-16,0,1,2,2,2016,0.5279182524632896,1
2016-05-17,0,0,2,2,2016,0.18662258960060732,0
2016-05-18,0,0,2,1,2016,0.10690933996819042,0
2016-05-19,0,0,2,0,2016,0.1709720933012182,0
2016-05-20,0,0,2,0,2016,0.11984518889119243,0
2016-05-21,0,0,2,0,2016,0.15063400662304297,0
2016-05-22,0,0,1,0,2016,0.1206103062407989,0
2016-05-23,0,0,0,0,2016,0.13959907407667965,0
2016-05-24,0,0,0,0,2016,0.16563389394156441,0
2016-05-25,0,0,0,0,2016,0.12842437661896497,0
2016-05-26,0,0,0,0,2016,0.13317335399844593,0
2016-05-27,0,0,0,0,2016,0.1281265103345682,0
2016-05-28,0,0,0,0,2016,0.09849374682304939,0
2016-05-29,0,0,0,0,2016,0.13895126928812032,0
2016-05-30,0,0,0,0,2016,0.1275133444953398,0
2016-05-31,0,0,0,0,2016,0.1535674270853049,0
2016-06-01,0,0,0,0,2016,0.1412103556114423,0
2016-06-02,0,0,0,0,2016,0.12681420211362507,0
2016-06-03,0,0,0,0,2016,0.1207299508179398,0
2016-06-04,1,0,0,0,2016,0.10916232291374739,0
2016-06-05,0,1,1,1,2016,0.38548126210033534,1
2016-06-06,0,0,1,1,2016,0.11565366558344503,0
2016-06-07,0,0,1,1,2016,0.10744824669936189,0
2016-06-08,0,0,1,0,2016,0.11177737199746428,0
2016-06-09,0,0,1,0,2016,0.10737734105398923,0
2016-06-10,0,0,1,0,2016,0.10312454908537091,0
2016-06-11,0,0,1,0,2016,0.15801807344998955,0
2016-06-12,0,0,0,0,2016,0.13580213042737455,0
2016-06-13,1,0,0,0,2016,0.1225115093165139,0
2016-06-14,0,1,1,1,2016,0.3083463821559343,0
2016-06-15,0,0,1,1,2016,0.12058181925741163,0
2016-06-16,0,0,1,1,2016,0.12757158571704735,0
2016-06-17,1,0,1,0,2016,0.12401350975963835,0
2016-06-18,0,1,2,1,2016,0.2795067618120643,0
2016-06-19,0,0,2,1,2016,0.19370931913310496,0
2016-06-20,0,0,2,1,2016,0.18569290492843854,0
2016-06-21,0,0,1,0,2016,0.13172236632469697,0
2016-06-22,1,0,1,0,2016,0.13097273286009783,0
2016-06-23,1,1,2,1,2016,0.3305670136564425,0
2016-06-24,1,1,3,2,2016,0.5795988047652885,1
2016-06-25,0,1,3,3,2016,0.580327615336828,1
2016-06-26,1,0,3,2,2016,0.2891789441705563,0
2016-06-27,0,1,4,2,2016,0.5436887323671963,1
2016-06-28,0,0,4,1,2016,0.4347812800994186,1
2016-06-29,1,0,4,1,2016,0.2746423415296562,0
2016-06-30,0,1,4,1,2016,0.4898953597987118,1
2016-07-01,0,0,3,1,2016,0.2316815556025326,0
2016-07-02,1,0,2,1,2016,0.2341718366806671,0
2016-07-03,0,1,3,1,2016,0.7817442496882302,1
2016-07-04,1,0,2,1,2016,0.3090268489204465,0
2016-07-05,0,1,3,2,2016,0.6187268762238277,1
2016-07-06,1,0,3,1,2016,0.45962832106705503,1
2016-07-07,1,1,3,2,2016,0.5150122737604642,1
2016-07-08,1,1,4,2,2016,0.5859467847544941,1
2016-07-09,1,1,5,3,2016,0.8984231398929069,1
2016-07-10,1,1,5,3,2016,0.5960319082668422,1
2016-07-11,1,1,6,3,2016,0.6269272070238678,1
2016-07-12,1,1,6,3,2016,0.9239635291771658,1
2016-07-13,1,1,7,3,2016,0.9615749698141008,1
2016-07-14,1,1,7,3,2016,0.9679363814694566,1
2016-07-15,1,1,7,3,2016,0.9758630998863373,1
2016-07-16,0,1,7,3,2016,0.8588524053914522,1
2016-07-17,1,0,6,2,2016,0.6070850409122872,1
2016-07-18,1,1,6,2,2016,0.9664032062256102,1
2016-07-19,1,1,6,2,2016,0.977976375269436,1
2016-07-20,1,1,6,3,2016,0.8749635364797816,1
2016-07-21,1,1,6,3,2016,0.8999147772320067,1
2016-07-22,1,1,6,3,2016,0.9511225605186837,1
2016-07-23,1,1,6,3,2016,0.9464687841694329,1
2016-07-24,1,1,7,3,2016,0.9778038603954922,1
2016-07-25,1,1,7,3,2016,0.9250928124914869,1
2016-07-26,1,1,7,3,2016,0.8580493878084036,1
2016-07-27,1,1,7,3,2016,0.938269432275154,1
2016-07-28,1,1,7,3,2016,0.9004064910229429,1
2016-07-29,1,1,7,3,2016,0.9573699990980511,1
2016-07-30,1,1,7,3,2016,0.9370460247962396,1
2016-07-31,0,1,7,3,2016,0.95324532733205,1
2016-08-01,0,0,6,2,2016,0.7810537090788132,1
2016-08-02,0,0,5,1,2016,0.7032372473786205,1
2016-08-03,0,0,4,0,2016,0.5981358470733406,1
2016-08-04,0,0,3,0,2016,0.47623565052010297,1
2016-08-05,1,0,2,0,2016,0.4851024604652604,1
2016-08-06,1,1,2,1,2016,0.7819282036067633,1
2016-08-07,1,1,2,2,2016,0.723662246054539,1
2016-08-08,1,1,3,3,2016,0.7775680247354128,1
2016-08-09,1,0,3,2,2016,0.5144247260843662,1
2016-08-10,1,1,5,3,2016,0.8585777767726064,1
2016-08-11,1,1,6,3,2016,0.8948080501674895,1
2016-08-12,1,1,7,3,2016,0.9112156722510291,1
2016-08-13,1,1,7,3,2016,0.8542197893401123,1
2016-08-14,1,1,7,3,2016,0.9337289419399887,1
2016-08-15,1,1,7,3,2016,0.8916209836857051,1
2016-08-16,1,1,7,3,2016,0.8710674201293769,1
2016-08-17,0,1,7,3,2016,0.8700375880423209,1
2016-08-18,0,0,6,2,2016,0.6809655809573162,1
2016-08-19,1,0,5,1,2016,0.5179714099968153,1
2016-08-20,0,1,5,1,2016,0.7203492283908668,1
2016-08-21,0,0,4,1,2016,0.5041012126457958,1
2016-08-22,1,0,3,1,2016,0.4716369779411822,1
2016-08-23,1,1,3,1,2016,0.7910134566351772,1
2016-08-24,1,1,3,2,2016,0.6673374387558011,1
2016-08-25,1,1,4,3,2016,0.7129728651687495,1
2016-08-26,0,1,5,3,2016,0.8262224642181865,1
2016-08-27,0,0,4,2,2016,0.5063720126383665,1
2016-08-28,1,0,4,1,2016,0.4200343401060752,1
2016-08-29,1,1,5,1,2016,0.9347075522314261,1
2016-08-30,0,1,5,2,2016,0.7453420202504536,1
2016-08-31,1,0,4,2,2016,0.4352070517334488,1
2016-09-01,1,1,4,2,2016,0.6793698034931026,1
2016-09-02,1,1,4,2,2016,0.765894196676431,1
2016-09-03,1,1,5,3,2016,0.8277671376607306,1
2016-09-04,1,1,6,3,2016,0.8923133431949378,1
2016-09-05,1,1,6,3,2016,0.8369254636416976,1
2016-09-06,1,1,6,3,2016,0.8630405098490942,1
2016-09-07,1,1,7,3,2016,0.8509087219034782,1
2016-09-08,1,1,7,3,2016,0.787751081120607,1
2016-09-09,1,1,7,3,2016,0.8617308775791367,1
2016-09-10,1,1,7,3,2016,0.9341207200024874,1
2016-09-11,0,1,7,3,2016,0.9592483014453477,1
2016-09-12,0,0,6,2,2016,0.5902546012468275,1
2016-09-13,1,0,5,1,2016,0.39848357385465016,1
2016-09-14,1,1,5,1,2016,0.6750728471767519,1
2016-09-15,0,1,5,2,2016,0.8324781536181339,1
2016-09-16,0,0,4,2,2016,0.49475071295958756,1
2016-09-17,1,0,3,1,2016,0.2873692163822822,0
2016-09-18,1,1,3,1,2016,0.5101913361854122,1
2016-09-19,0,1,4,2,2016,0.661946530980399,1
2016-09-20,0,0,4,2,2016,0.39529916266744075,1
2016-09-21,1,0,3,1,2016,0.3452838312924105,0
2016-09-22,0,1,3,1,2016,0.6047688744393231,1
2016-09-23,1,0,3,1,2016,0.31897478523551454,0
2016-09-24,0,1,4,2,2016,0.5628230999346089,1
2016-09-25,0,0,3,1,2016,0.39667315105787265,1
2016-09-26,0,0,2,1,2016,0.3217197722304322,0
2016-09-27,0,0,2,0,2016,0.32641541747064967,0
2016-09-28,0,0,2,0,2016,0.31043909661374874,0
2016-09-29,0,0,1,0,2016,0.20492038794326584,0
2016-09-30,1,0,1,0,2016,0.2560533171246678,0
2016-10-01,1,1,1,1,2016,0.845692910510049,1
2016-10-02,0,1,2,2,2016,0.6324446979913555,1
2016-10-03,1,0,2,2,2016,0.3177356558375916,0
2016-10-04,0,1,3,2,2016,0.6843034415633752,1
2016-10-05,0,0,3,1,2016,0.327127266206703,0
2016-10-06,1,0,3,1,2016,0.28425798579610206,0
2016-10-07,1,1,4,1,2016,0.5691214487231536,1
2016-10-08,1,1,4,2,2016,0.6733986755750462,1
2016-10-09,1,1,4,3,2016,0.8219523439133796,1
2016-10-10,1,1,5,3,2016,0.6850959045877176,1
2016-10-11,1,1,5,3,2016,0.6879356456664686,1
2016-10-12,0,1,6,3,2016,0.8358964104630073,1
2016-10-13,0,0,6,2,2016,0.3539293347780508,1
2016-10-14,1,0,5,1,2016,0.3184661180499618,0
2016-10-15,0,1,5,1,2016,0.5960519885625273,1
2016-10-16,0,0,4,1,2016,0.3369031897039631,0
2016-10-17,0,0,3,1,2016,0.2614129502368906,0
2016-10-18,0,0,2,0,2016,0.18459029873488805,0
2016-10-19,0,0,1,0,2016,0.15011275705615126,0
2016-10-20,0,0,1,0,2016,0.18271413303751546,0
2016-10-21,0,0,1,0,2016,0.18076915134371707,0
2016-10-22,0,0,0,0,2016,0.15369918927518988,0
2016-10-23,0,0,0,0,2016,0.1943032807595754,0
2016-10-24,0,0,0,0,2016,0.11661535317784119,0
2016-10-25,0,0,0,0,2016,0.11538179064191208,0
2016-10-26,0,0,0,0,2016,0.10777837416046045,0
2016-10-27,0,0,0,0,2016,0.10653033525119787,0
2016-10-28,0,0,0,0,2016,0.1058017783590294,0
2016-10-29,0,0,0,0,2016,0.10482777353706384,0
2016-10-30,1,0,0,0,2016,0.09522327316885937,0
2016-10-31,0,1,1,1,2016,0.2883331104109322,0
2016-11-01,0,0,1,1,2016,0.13640210038380934,0
2016-11-02,0,0,1,1,2016,0.09555144090764851,0
2016-11-03,0,0,1,0,2016,0.11994265121586803,0
2016-11-04,0,0,1,0,2016,0.09470500008478278,0
2016-11-05,0,0,1,0,2016,0.1501521677753948,0
2016-11-06,0,0,1,0,2016,0.08840911008236244,0
2016-11-07,0,0,0,0,2016,0.09092112193031478,0
2016-11-08,0,0,0,0,2016,0.08056924819917385,0
2016-11-09,0,0,0,0,2016,0.06372679254552616,0
2016-11-10,0,0,0,0,2016,0.06750782901315344,0
2016-11-11,0,0,0,0,2016,0.06301497667287743,0
2016-11-12,0,0,0,0,2016,0.07870806824891392,0
2016-11-13,1,0,0,0,2016,0.054323962758316385,0
2016-11-14,1,1,1,1,2016,0.43978491865417696,1
2016-11-15,1,1,2,2,2016,0.45733351066660466,1
2016-11-16,0,1,3,3,2016,0.5598411001730582,1
2016-11-17,0,0,3,2,2016,0.12140974185254262,0
2016-11-18,0,0,3,1,2016,0.10957798651154403,0
2016-11-19,0,0,3,0,2016,0.09238670172262314,0
2016-11-20,0,0,3,0,2016,0.09554401121679125,0
2016-11-21,0,0,2,0,2016,0.0771977403852202,0
2016-11-22,0,0,1,0,2016,0.08063432494734556,0
2016-11-23,0,0,0,0,2016,0.08814660817471204,0
2016-11-24,0,0,0,0,2016,0.06588650869114855,0
2016-11-25,1,0,0,0,2016,0.06513888776171368,0
2016-11-26,0,1,1,1,2016,0.28787311694305545,0
2016-11-28,0,0,1,1,2016,0.07857596250922307,0
2016-11-30,0,0,1,0,2016,0.07263843105078699,0
2016-12-01,0,0,1,0,2016,0.07183916714488067,0
2016-12-02,0,0,1,0,2016,0.07983746963115726,0
2016-12-03,0,0,0,0,2016,0.04782471722808559,0
2016-12-04,0,0,0,0,2016,0.05625510105641785,0
2016-12-05,0,0,0,0,2016,0.06123008771762247,0
2016-12-06,0,0,0,0,2016,0.07598808802560228,0
2016-12-07,0,0,0,0,2016,0.06492027728908008,0
2016-12-08,0,0,0,0,2016,0.059247176446413224,0
2016-12-09,0,0,0,0,2016,0.06927548536898726,0
2016-12-10,0,0,0,0,2016,0.0591304016575493,0
2016-12-11,0,0,0,0,2016,0.05896001564866593,0
2016-12-12,0,0,0,0,2016,0.07734015342557547,0
2016-12-13,0,0,0,0,2016,0.05803564848144126,0
2016-12-14,0,0,0,0,2016,0.054510376957594184,0
2016-12-15,0,0,0,0,2016,0.051070815114464846,0
2016-12-17,0,0,0,0,2016,0.04745191201875306,0
2016-12-18,0,0,0,0,2016,0.047110720768038225,0
2016-12-19,0,0,0,0,2016,0.0467752286996811,0
2016-12-20,0,0,0,0,2016,0.046312588757634054,0
2016-12-21,0,0,0,0,2016,0.04598841705883375,0
2016-12-23,0,0,0,0,2016,0.04425933094397607,0
2016-12-30,1,1,2,2,2016,0.19162070115973967,0
2016-12-31,0,1,3,3,2016,0.36824773007204764,1
2017-01-01,0,0,3,2,2017,0.11691066430490135,0
2017-01-02,0,0,3,1,2017,0.07817854509533059,0
2017-01-03,0,0,3,0,2017,0.07234131130981807,0
2017-01-04,0,0,3,0,2017,0.0784133623351652,0
2017-01-05,1,0,2,0,2017,0.07941497506739584,0
2017-01-06,1,1,2,1,2017,0.27314397999658335,0
2017-01-07,1,1,2,2,2017,0.2540903192874165,0
2017-01-08,1,1,3,3,2017,0.301385169788831,0
2017-01-09,0,1,4,3,2017,0.4261891829799131,1
2017-01-10,0,0,4,2,2017,0.11125560620492564,0
2017-01-11,0,0,4,1,2017,0.1083711304214833,0
2017-01-12,1,0,4,0,2017,0.09779013052391412,0
2017-01-13,1,1,4,1,2017,0.25901314334920283,0
2017-01-14,1,1,4,2,2017,0.47715621076457204,1
2017-01-15,0,1,4,3,2017,0.34601915439811876,0
2017-01-16,1,0,3,2,2017,0.1453463297682141,0
2017-01-17,0,1,4,2,2017,0.48078444972954415,1
2017-01-18,0,0,4,1,2017,0.15765626098509467,0
2017-01-30,0,0,1,0,2017,0.0939487999632796,0
2017-01-31,0,0,1,0,2017,0.10359204510200212,0
2017-02-01,0,0,1,0,2017,0.09818281868401767,0
2017-02-02,0,0,1,0,2017,0.07770457132174588,0
2017-02-03,1,0,0,0,2017,0.07625143043483255,0
2017-02-04,0,1,1,1,2017,0.22586563865373507,0
2017-02-05,0,0,1,1,2017,0.1091237673469923,0
2017-02-06,0,0,1,1,2017,0.09239986407310707,0
2017-02-07,0,0,1,0,2017,0.0841969876095788,0
2017-02-08,0,0,1,0,2017,0.07634250022411732,0
2017-02-09,0,0,1,0,2017,0.06161939783653014,0
2017-02-10,0,0,1,0,2017,0.0634544515591374,0
2017-02-11,0,0,0,0,2017,0.07107115082329475,0
2017-02-12,0,0,0,0,2017,0.06439106944687088,0
2017-02-13,0,0,0,0,2017,0.0665662893728167,0
2017-02-14,0,0,0,0,2017,0.0652428264210298,0
2017-02-15,0,0,0,0,2017,0.05970232162555752,0
2017-02-16,0,0,0,0,2017,0.045696909562896994,0
2017-02-19,0,0,0,0,2017,0.054838114772918584,0
2017-02-20,0,0,0,0,2017,0.05247353783269208,0
2017-02-21,0,0,0,0,2017,0.052173361244459426,0
2017-02-22,0,0,0,0,2017,0.051938898548305155,0
2017-02-23,0,0,0,0,2017,0.04137335880010652,0
2017-02-24,0,0,0,0,2017,0.0514825247868032,0
2017-02-25,0,0,0,0,2017,0.057453933128897995,0
2017-02-26,0,0,0,0,2017,0.06033519736207564,0
2017-03-01,0,0,0,0,2017,0.04984888178797301,0
2017-03-02,0,0,0,0,2017,0.0482852359861406,0
2017-03-03,1,0,0,0,2017,0.04839078447028927,0
2017-03-04,0,1,1,1,2017,0.19988327047286947,0
2017-03-05,0,0,1,1,2017,0.09215327407221596,0
2017-03-06,0,0,1,1,2017,0.05183702008776712,0
2017-03-07,0,0,1,0,2017,0.05913736420038905,0
2017-03-08,0,0,1,0,2017,0.06310297650842273,0
2017-03-09,0,0,1,0,2017,0.060647418930641926,0
2017-03-10,0,0,1,0,2017,0.06172962836791754,0
2017-03-11,0,0,0,0,2017,0.045664783788571875,0
2017-03-12,0,0,0,0,2017,0.06266396591300082,0
2017-03-13,0,0,0,0,2017,0.08533494693354224,0
2017-03-14,0,0,0,0,2017,0.08290707511520598,0
2017-03-15,0,0,0,0,2017,0.07075035045571314,0
2017-03-16,0,0,0,0,2017,0.07678509369049595,0
2017-03-17,1,0,0,0,2017,0.09102404948146464,0
2017-03-18,0,1,1,1,2017,0.2480914900452589,0
2017-03-19,0,0,1,1,2017,0.09249808648935627,0
2017-03-20,0,0,1,1,2017,0.06732000000877507,0
2017-03-21,0,0,1,0,2017,0.08994566182885001,0
2017-03-22,0,0,1,0,2017,0.09401254091393883,0
2017-03-23,0,0,1,0,2017,0.07272052278072903,0
2017-03-24,0,0,1,0,2017,0.06923340467946139,0
2017-03-25,0,0,0,0,2017,0.06864478733118652,0
2017-03-26,0,0,0,0,2017,0.08378161893779336,0
2017-03-27,0,0,0,0,2017,0.07848712580541684,0
2017-03-28,0,0,0,0,2017,0.050915599709249464,0
2017-03-29,0,0,0,0,2017,0.08305267988281358,0
2017-03-30,0,0,0,0,2017,0.08304913276896614,0
2017-03-31,0,0,0,0,2017,0.08315967171651484,0
2017-04-01,0,0,0,0,2017,0.06347345227176784,0
2017-04-02,0,0,0,0,2017,0.08951287376163469,0
2017-04-03,0,0,0,0,2017,0.07470674831761905,0
2017-04-04,0,0,0,0,2017,0.08227803191074923,0
2017-04-05,0,0,0,0,2017,0.099238101778315,0
2017-04-06,0,0,0,0,2017,0.07866521375456544,0
2017-04-07,0,0,0,0,2017,0.07846917383244573,0
2017-04-08,0,0,0,0,2017,0.07835579929433745,0
2017-04-09,0,0,0,0,2017,0.06342744653296124,0
2017-04-10,0,0,0,0,2017,0.08121292086871919,0
2017-04-11,0,0,0,0,2017,0.08121460162281312,0
2017-04-12,0,0,0,0,2017,0.0789236375493461,0
2017-04-13,0,0,0,0,2017,0.08132041034788659,0
2017-04-14,0,0,0,0,2017,0.09114848735474602,0
2017-04-15,0,0,0,0,2017,0.07787304816316012,0
2017-04-16,0,0,0,0,2017,0.09826110179476821,0
2017-04-17,0,0,0,0,2017,0.07510750190106855,0
2017-04-18,0,0,0,0,2017,0.07554634473319807,0
2017-04-19,0,0,0,0,2017,0.07555731556361059,0
2017-04-20,0,0,0,0,2017,0.054480990775208515,0
2017-04-21,0,0,0,0,2017,0.05633498691955231,0
2017-04-22,0,0,0,0,2017,0.06186491271908342,0
2017-04-23,0,0,0,0,2017,0.0619178235255584,0
2017-04-24,0,0,0,0,2017,0.05120876426155044,0
2017-04-26,0,0,0,0,2017,0.05870254800184131,0
2017-04-27,0,0,0,0,2017,0.0767531261278469,0
2017-04-28,0,0,0,0,2017,0.04333037807618217,0
2017-04-29,0,0,0,0,2017,0.05412958141621284,0
2017-04-30,0,0,0,0,2017,0.07397117382073849,0
2017-05-01,0,0,0,0,2017,0.07397255412808815,0
2017-05-02,1,0,0,0,2017,0.08347321740592516,0
2017-05-03,0,1,1,1,2017,0.2968512869813406,0
2017-05-04,0,0,1,1,2017,0.10833747348968407,0
2017-05-05,1,0,1,1,2017,0.1293342340550531,0
2017-05-06,1,1,2,1,2017,0.3515618445302171,1
2017-05-08,0,1,3,2,2017,0.1814920245213426,0
2017-05-09,0,0,3,1,2017,0.1104359359704421,0
2017-05-10,1,0,2,0,2017,0.1535897565867377,0
2017-05-11,0,1,3,1,2017,0.36130852176771183,1
2017-05-12,0,0,3,1,2017,0.19165509013404836,0
2017-05-13,0,0,2,1,2017,0.13676240068255746,0
2017-05-14,0,0,1,0,2017,0.13441137202812284,0
2017-05-15,0,0,1,0,2017,0.1423791992783349,0
2017-05-16,0,0,1,0,2017,0.1363466120842579,0
2017-05-17,0,0,1,0,2017,0.14389973627344144,0
2017-05-18,1,0,0,0,2017,0.1570062260999845,0
2017-05-19,1,1,1,1,2017,0.3090980656476253,0
2017-05-20,0,1,2,2,2017,0.3765021914997166,1
2017-05-21,1,0,2,2,2017,0.24080844655480838,0
2017-05-22,0,1,3,2,2017,0.41027725232063605,1
2017-05-23,0,0,3,1,2017,0.1400191409326238,0
2017-05-24,1,0,3,1,2017,0.10264473259206247,0
2017-05-25,0,1,4,1,2017,0.44838084462156236,1
2017-05-26,0,0,3,1,2017,0.19072241541359738,0
2017-05-27,0,0,2,1,2017,0.17906989242236207,0
2017-05-28,1,0,2,0,2017,0.18386882803690063,0
2017-05-29,1,1,2,1,2017,0.5383180254072394,1
2017-05-30,1,1,3,2,2017,0.4931232040468816,1
2017-05-31,0,1,4,3,2017,0.6142023152463097,1
2017-06-01,1,0,3,2,2017,0.257689623102819,0
2017-06-02,0,1,4,2,2017,0.5151116825360957,1
2017-06-03,1,0,4,1,2017,0.22857588633211698,0
2017-06-04,1,1,5,2,2017,0.47183220930246156,1
2017-06-05,0,1,5,2,2017,0.7718036809261826,1
2017-06-06,0,0,4,2,2017,0.23608689385220585,0
2017-06-07,1,0,3,1,2017,0.1866970031327968,0
2017-06-08,1,1,4,1,2017,0.4600745959146355,1
2017-06-09,0,1,4,2,2017,0.7029553002888973,1
2017-06-10,1,0,4,2,2017,0.39948420547647956,1
2017-06-11,0,1,4,2,2017,0.5857818282880116,1
2017-06-12,1,0,3,1,2017,0.2360678232840504,0
2017-06-13,0,1,4,2,2017,0.4667991276950061,1
2017-06-14,1,0,4,1,2017,0.3472494298333764,0
2017-06-15,1,1,4,2,2017,0.6208255106753549,1
2017-06-16,1,1,4,2,2017,0.9146432507085582,1
2017-06-17,1,1,5,3,2017,0.7844813429045685,1
2017-06-18,1,0,4,2,2017,0.34935953869921127,0
2017-06-19,0,0,5,2,2017,0.4612937479775921,1
2017-06-20,1,0,5,2,2017,0.3965078841610482,1
2017-06-21,0,1,6,2,2017,0.6750214238478173,1
2017-06-22,0,0,5,1,2017,0.3019960497898875,0
2017-06-23,1,0,4,1,2017,0.3377699219321378,0
2017-06-24,0,1,4,1,2017,0.650348968177709,1
2017-06-25,1,0,3,1,2017,0.3406732091312603,0
2017-06-26,0,1,3,2,2017,0.6484487326961741,1
2017-06-27,0,0,3,1,2017,0.42969248084139616,1
2017-06-28,0,0,2,1,2017,0.3036763657631639,0
2017-06-29,0,0,2,0,2017,0.3661532861221542,1
2017-06-30,1,0,2,0,2017,0.2140634177389274,0
2017-07-01,0,1,2,1,2017,0.5125673573394139,1
2017-07-02,0,0,2,1,2017,0.2823743852337392,0
2017-07-03,1,0,1,1,2017,0.2888531168803659,0
2017-07-04,0,1,2,1,2017,0.7223079183829175,1
2017-07-05,1,0,2,1,2017,0.3666855400991067,1
2017-07-06,1,1,3,2,2017,0.6820907549967445,1
2017-07-07,1,1,4,2,2017,0.7956814003578893,1
2017-07-08,1,1,4,3,2017,0.7716426036899147,1
2017-07-09,1,1,5,3,2017,0.6925616754004018,1
2017-07-10,1,0,5,2,2017,0.3624888740270297,1
2017-07-11,1,1,6,3,2017,0.8921338290593961,1
2017-07-12,0,1,7,3,2017,0.7768304811627224,1
2017-07-13,0,0,6,2,2017,0.3953813697989567,1
2017-07-14,1,0,5,1,2017,0.45639491992897935,1
2017-07-15,0,1,5,1,2017,0.7125066552972524,1
2017-07-16,1,0,4,1,2017,0.261711856712589,0
2017-07-17,1,1,4,2,2017,0.7678468613538634,1
2017-07-18,1,1,4,2,2017,0.8066989768293393,1
2017-07-19,1,1,4,3,2017,0.8154192696315901,1
2017-07-20,1,1,5,3,2017,0.8043141749427495,1
2017-07-21,1,1,6,3,2017,0.8255207559074209,1
2017-07-22,1,1,6,3,2017,0.7692628819108255,1
2017-07-23,0,1,7,3,2017,0.835982255468441,1
2017-07-24,0,0,6,2,2017,0.49074360947208445,1
2017-07-25,1,0,5,1,2017,0.4427455503887496,1
2017-07-26,1,1,5,1,2017,0.8208769327458305,1
2017-07-27,1,1,5,2,2017,0.7754566252942735,1
2017-07-28,1,1,5,3,2017,0.8560047689557287,1
2017-07-29,1,1,5,3,2017,0.9303812153011392,1
2017-07-30,1,1,5,3,2017,0.9137347746801084,1
2017-07-31,1,1,6,3,2017,0.904455911817586,1
2017-08-01,1,1,7,3,2017,0.9391309704235271,1
2017-08-02,1,1,7,3,2017,0.9238177461367673,1
2017-08-03,1,1,7,3,2017,0.9206587119802259,1
2017-08-04,1,1,7,3,2017,0.9752036619657672,1
2017-08-05,1,1,7,3,2017,0.9728874515571753,1
2017-08-06,1,1,7,3,2017,0.9781318546793853,1
2017-08-07,1,1,7,3,2017,0.9819164427610935,1
2017-08-08,1,1,7,3,2017,0.9687295299553659,1
2017-08-09,1,1,7,3,2017,0.9350281209378669,1
2017-08-10,1,1,7,3,2017,0.9120834895606884,1
2017-08-11,1,1,7,3,2017,0.9461214092641714,1
2017-08-12,1,1,7,3,2017,0.9653423623488098,1
2017-08-13,1,1,7,3,2017,0.9593431773846025,1
2017-08-14,1,1,7,3,2017,0.9486771960087094,1
2017-08-15,1,1,7,3,2017,0.9784013497078381,1
2017-08-16,1,1,7,3,2017,0.9722746350615915,1
2017-08-17,1,1,7,3,2017,0.9528513496762603,1
2017-08-18,1,1,7,3,2017,0.9638245229516921,1
2017-08-19,1,1,7,3,2017,0.9905286775618324,1
2017-08-20,1,1,7,3,2017,0.9907223018231841,1
2017-08-21,1,1,7,3,2017,0.9897558594047593,1
2017-08-22,1,1,7,3,2017,0.9893409598558313,1
2017-08-23,1,1,7,3,2017,0.9932065960590033,1
2017-08-24,1,1,7,3,2017,0.9941060840138883,1
2017-08-25,1,1,7,3,2017,0.9906047116312586,1
2017-08-26,1,1,7,3,2017,0.9848326960075127,1
2017-08-27,1,1,7,3,2017,0.9766670253460953,1
2017-08-28,1,1,7,3,2017,0.9631209353274235,1
2017-08-29,1,1,7,3,2017,0.9767591402114565,1
2017-08-30,1,1,7,3,2017,0.9794424903548219,1
2017-08-31,1,1,7,3,2017,0.9343672263376537,1
2017-09-01,1,1,7,3,2017,0.9457223470233468,1
2017-09-02,1,1,7,3,2017,0.9455210124171572,1
2017-09-03,1,1,7,3,2017,0.9827231075515651,1
2017-09-04,1,1,7,3,2017,0.9853279176225234,1
2017-09-05,1,1,7,3,2017,0.9551675160768347,1
2017-09-06,1,1,7,3,2017,0.9043019287474391,1
2017-09-07,1,1,7,3,2017,0.9210436179214488,1
2017-09-08,1,1,7,3,2017,0.971714236755375,1
2017-09-09,1,1,7,3,2017,0.9592713963190674,1
2017-09-10,1,1,7,3,2017,0.9537491546846435,1
2017-09-11,1,1,7,3,2017,0.9576075670292448,1
2017-09-12,1,1,7,3,2017,0.9816187974863062,1
2017-09-13,1,1,7,3,2017,0.9887569691202455,1
2017-09-14,1,1,7,3,2017,0.9872077048414603,1
2017-09-15,1,1,7,3,2017,0.9920719327664088,1
2017-09-16,1,1,7,3,2017,0.9915505302283902,1
2017-09-17,1,1,7,3,2017,0.9127959849958344,1
2017-09-18,1,1,7,3,2017,0.9802485599496489,1
2017-09-19,1,1,7,3,2017,0.9758654597495733,1
2017-09-20,1,1,7,3,2017,0.9569120143900792,1
2017-09-21,1,1,7,3,2017,0.9664429397035988,1
2017-09-22,1,1,7,3,2017,0.9531695904920823,1
2017-09-23,1,1,7,3,2017,0.9666417403222889,1
2017-09-24,0,1,7,3,2017,0.977219155199828,1
2017-09-25,0,0,6,2,2017,0.4850375970086527,1
2017-09-26,1,0,5,1,2017,0.4840628790293033,1
2017-09-27,1,1,5,1,2017,0.8664777715321476,1
2017-09-28,1,1,5,2,2017,0.8854782146946585,1
2017-09-29,1,1,5,3,2017,0.7704863026641949,1
2017-09-30,1,1,5,3,2017,0.7401893580648136,1
2017-10-01,1,1,5,3,2017,0.7785173678268583,1
2017-10-02,1,1,6,3,2017,0.9387528436682642,1
2017-10-03,1,1,7,3,2017,0.9148341687790501,1
2017-10-04,0,1,7,3,2017,0.8381361125003869,1
2017-10-05,1,0,6,2,2017,0.5775237000704687,1
2017-10-06,0,1,6,2,2017,0.8078446609856801,1
2017-10-07,1,0,5,1,2017,0.46631182121432885,1
2017-10-08,1,1,5,2,2017,0.8978616618057289,1
2017-10-09,1,1,5,2,2017,0.8625983736409886,1
2017-10-10,1,1,5,3,2017,0.9005331722234768,1
2017-10-11,1,1,5,3,2017,0.9808680940354142,1
2017-10-12,1,1,6,3,2017,0.9628717741220386,1
2017-10-13,1,1,6,3,2017,0.9695895955347942,1
2017-10-14,1,1,7,3,2017,0.9513783007318583,1
2017-10-15,1,1,7,3,2017,0.9813890287089868,1
2017-10-16,1,1,7,3,2017,0.9774799717537432,1
2017-10-17,1,1,7,3,2017,0.9472153239351044,1
2017-10-18,1,1,7,3,2017,0.9387585095965966,1
2017-10-19,1,1,7,3,2017,0.9238430599975581,1
2017-10-20,1,1,7,3,2017,0.8192615172583859,1
2017-10-21,0,1,7,3,2017,0.8560252414330528,1
2017-10-22,1,0,6,2,2017,0.46026549971529246,1
2017-10-23,1,1,6,2,2017,0.7695651222849325,1
2017-10-24,1,1,6,2,2017,0.9420435674079566,1
2017-10-25,1,1,6,3,2017,0.9806437518227029,1
2017-10-26,1,1,6,3,2017,0.9826089089938203,1
2017-10-27,1,1,6,3,2017,0.9831100229766627,1
2017-10-28,1,1,6,3,2017,0.9804722254472172,1
2017-10-29,1,1,7,3,2017,0.9829209810002606,1
2017-10-30,1,1,7,3,2017,0.9743025665900084,1
2017-10-31,1,1,7,3,2017,0.859388546853993,1
2017-11-01,1,1,7,3,2017,0.8411973967170164,1
2017-11-02,1,1,7,3,2017,0.8818124834668231,1
2017-11-03,1,1,7,3,2017,0.8881334290515588,1
2017-11-04,1,1,7,3,2017,0.8144002696408226,1
2017-11-05,0,1,7,3,2017,0.833111200389494,1
2017-11-06,0,0,6,2,2017,0.5552422609358052,1
2017-11-07,0,0,5,1,2017,0.4625812852293544,1
2017-11-08,0,0,4,0,2017,0.3536267541614564,1
2017-11-09,0,0,3,0,2017,0.3660542941125989,1
2017-11-10,0,0,2,0,2017,0.36046261891293485,1
2017-11-11,0,0,1,0,2017,0.28105929407650126,0
2017-11-12,1,0,0,0,2017,0.251522025387849,0
2017-11-13,0,1,1,1,2017,0.4812674852841726,1
2017-11-14,0,0,1,1,2017,0.23990234737537272,0
2017-11-15,0,0,1,1,2017,0.1992832201647374,0
2017-11-16,0,0,1,0,2017,0.2282895568325808,0
2017-11-17,0,0,1,0,2017,0.17022082703339553,0
2017-11-18,0,0,1,0,2017,0.22023996275596824,0
2017-11-19,0,0,1,0,2017,0.20443728388630314,0
2017-11-20,0,0,0,0,2017,0.12976409306312728,0
2017-11-21,1,0,0,0,2017,0.14512767938323962,0
2017-11-22,0,1,1,1,2017,0.5658189637464993,1
2017-11-23,0,0,1,1,2017,0.20593697448112722,0
2017-11-24,1,0,1,1,2017,0.11428943001401018,0
2017-11-25,0,1,2,1,2017,0.6958004995000759,1
2017-11-26,1,0,2,1,2017,0.14707935740900918,0
2017-11-27,0,1,3,2,2017,0.513471973759714,1
2017-11-28,0,0,3,1,2017,0.1318311327543962,0
2017-11-29,1,0,2,1,2017,0.09317844506128065,0
2017-11-30,0,1,3,1,2017,0.5651520393465628,1
2017-12-01,0,0,3,1,2017,0.10095885590824166,0
2017-12-02,0,0,2,1,2017,0.09811528979430464,0
2017-12-03,1,0,2,0,2017,0.10260287083138411,0
2017-12-04,1,1,2,1,2017,0.2537496878853891,0
2017-12-05,1,1,3,2,2017,0.30125941722352206,0
2017-12-06,0,1,4,3,2017,0.4883868364652496,1
2017-12-07,1,0,3,2,2017,0.10853033043153837,0
2017-12-08,1,1,4,2,2017,0.7666792647942625,1
2017-12-09,1,1,5,2,2017,0.6777386550532287,1
2017-12-10,1,1,6,3,2017,0.579598522078105,1
2017-12-11,0,1,6,3,2017,0.6878248240976012,1
2017-12-12,0,0,5,2,2017,0.18836033420565979,0
2017-12-13,0,0,4,1,2017,0.16686092424871896,0
2017-12-14,0,0,4,0,2017,0.10470841048354619,0
2017-12-15,0,0,3,0,2017,0.10175809913186683,0
2017-12-16,0,0,2,0,2017,0.08741825903280973,0
2017-12-17,0,0,1,0,2017,0.11354977193233404,0
2017-12-18,0,0,0,0,2017,0.05938947388804447,0
2017-12-19,1,0,0,0,2017,0.060612088145256704,0
2017-12-20,1,1,1,1,2017,0.25249799717898996,0
2017-12-21,0,1,2,2,2017,0.46312274836977896,1
2017-12-22,1,0,2,2,2017,0.08078426962440913,0
2017-12-23,1,1,3,2,2017,0.41925128998610306,1
2017-12-24,1,1,4,2,2017,0.8818497050526348,1
2017-12-26,1,1,5,2,2017,0.31604209458868526,0
2017-12-27,1,1,5,2,2017,0.875712125672321,1
2017-12-28,1,1,5,2,2017,0.8812725633787858,1
2017-12-29,0,1,6,3,2017,0.856965883013152,1
2017-12-30,1,0,5,2,2017,0.16069615111763638,0
2017-12-31,1,1,5,2,2017,0.7511095710926774,1
2018-01-01,1,1,5,2,2018,0.8654513596621267,1
2018-01-02,1,1,6,3,2018,0.8957645329495092,1
2018-01-03,1,1,6,3,2018,0.9066619595936978,1
2018-01-04,1,1,6,3,2018,0.8958766806854841,1
2018-01-05,1,1,6,3,2018,0.8257358588762994,1
2018-01-06,1,1,7,3,2018,0.8736781074552272,1
2018-01-07,1,1,7,3,2018,0.9219503136137829,1
2018-01-08,1,1,7,3,2018,0.9577120535284456,1
2018-01-11,0,1,5,1,2018,0.3012538493176302,0
2018-01-12,0,0,4,0,2018,0.16582832091136274,0
2018-01-13,1,0,3,0,2018,0.1707071311534378,0
2018-01-14,1,1,3,1,2018,0.3573026059088447,1
2018-01-15,0,1,3,2,2018,0.4975456210149034,1
2018-01-16,0,0,2,2,2018,0.25473095114896027,0
2018-01-17,0,0,2,1,2018,0.17758004676605596,0
2018-01-18,0,0,2,0,2018,0.16241885333334455,0
2018-01-19,0,0,2,0,2018,0.14427091566953884,0
2018-01-21,0,0,1,0,2018,0.1357397851172555,0
2018-01-22,0,0,0,0,2018,0.11680290638881868,0
2018-01-23,0,0,0,0,2018,0.11039372931205962,0
2018-01-24,0,0,0,0,2018,0.10430175950308503,0
2018-01-25,0,0,0,0,2018,0.09717556542514029,0
2018-01-26,0,0,0,0,2018,0.09836884639135207,0
2018-01-27,1,0,0,0,2018,0.0924776106788245,0
2018-01-28,0,1,1,1,2018,0.2694855000244839,0
2018-01-29,0,0,1,1,2018,0.16174850134762273,0
2018-01-30,0,0,1,1,2018,0.13065186419475858,0
2018-01-31,0,0,1,0,2018,0.09652186145016692,0
2018-02-01,0,0,1,0,2018,0.07746996697005391,0
2018-02-02,0,0,1,0,2018,0.0803659087932563,0
2018-02-03,0,0,1,0,2018,0.08085948876307554,0
2018-02-04,0,0,0,0,2018,0.07453823667144915,0
2018-02-05,0,0,0,0,2018,0.07133232463337516,0
2018-02-06,0,0,0,0,2018,0.06896559307423117,0
2018-02-07,0,0,0,0,2018,0.06892005092750954,0
2018-02-08,0,0,0,0,2018,0.05475594448266884,0
2018-02-09,0,0,0,0,2018,0.05440345381931738,0
2018-02-10,0,0,0,0,2018,0.05434617486283431,0
2018-02-11,0,0,0,0,2018,0.059381251722795146,0
2018-02-12,0,0,0,0,2018,0.0678489525357816,0
2018-02-13,0,0,0,0,2018,0.06343560482529396,0
2018-02-14,0,0,0,0,2018,0.05268342970897594,0
2018-02-15,0,0,0,0,2018,0.044131443170210935,0
2018-02-16,0,0,0,0,2018,0.04349076068412324,0
2018-02-17,0,0,0,0,2018,0.046276327864472375,0
2018-02-18,1,0,0,0,2018,0.06448910002692777,0
2018-02-19,0,1,1,1,2018,0.2760102715048765,0
2018-02-20,0,0,1,1,2018,0.0754738453536349,0
2018-02-21,0,0,1,1,2018,0.07308690013039888,0
2018-02-22,0,0,1,0,2018,0.08277673117447511,0
2018-02-24,0,0,1,0,2018,0.07065867689415786,0
2018-02-25,1,0,1,0,2018,0.0879487908168482,0
2018-02-26,0,1,1,1,2018,0.170184646676269,0
2018-02-28,0,0,1,1,2018,0.07977864624469846,0
2018-03-01,0,0,1,0,2018,0.08350902866311209,0
2018-03-02,0,0,1,0,2018,0.08186908045579709,0
2018-03-03,0,0,1,0,2018,0.058774324210176934,0
2018-03-04,0,0,1,0,2018,0.05780193941338043,0
2018-03-05,0,0,0,0,2018,0.07620141468542074,0
2018-03-06,0,0,0,0,2018,0.052672122164244856,0
2018-03-07,0,0,0,0,2018,0.053766349853730196,0
2018-03-08,0,0,0,0,2018,0.05311870148947564,0
2018-03-09,0,0,0,0,2018,0.045668262830194435,0
2018-03-10,0,0,0,0,2018,0.0533547584472717,0
2018-03-11,0,0,0,0,2018,0.05450283977825482,0
2018-03-12,0,0,0,0,2018,0.06043871490427243,0
2018-03-13,0,0,0,0,2018,0.056641480067918734,0
2018-03-14,0,0,0,0,2018,0.05597719726666919,0
2018-03-15,0,0,0,0,2018,0.05094990080966059,0
2018-03-16,0,0,0,0,2018,0.051525098436019816,0
2018-03-17,0,0,0,0,2018,0.05100837619402464,0
2018-03-18,0,0,0,0,2018,0.05039370780685951,0
2018-03-19,0,0,0,0,2018,0.049801806730952115,0
2018-03-20,0,0,0,0,2018,0.05038047213482654,0
2018-03-21,0,0,0,0,2018,0.046513003356268116,0
2018-03-22,0,0,0,0,2018,0.07717812794516535,0
2018-03-23,0,0,0,0,2018,0.05721271482979105,0
2018-03-24,0,0,0,0,2018,0.051479397021343395,0
2018-03-25,0,0,0,0,2018,0.04623239408101245,0
2018-03-26,0,0,0,0,2018,0.0442010767037991,0
2018-03-27,0,0,0,0,2018,0.05065018585386262,0
2018-03-28,0,0,0,0,2018,0.051903608238871975,0
2018-03-29,0,0,0,0,2018,0.048584731721110774,0
2018-03-30,0,0,0,0,2018,0.045303405979250436,0
2018-03-31,0,0,0,0,2018,0.06272256874150856,0
2018-04-01,0,0,0,0,2018,0.043159842012063625,0
2018-04-02,0,0,0,0,2018,0.06238171661718235,0
2018-04-03,0,0,0,0,2018,0.04508756018269549,0
2018-04-04,1,0,0,0,2018,0.06075696363706688,0
2018-04-05,0,1,1,1,2018,0.16693917739522843,0
2018-04-06,0,0,1,1,2018,0.10044081897723829,0
2018-04-07,0,0,1,1,2018,0.07292870138699054,0
2018-04-08,0,0,1,0,2018,0.06055051088488972,0
2018-04-09,0,0,1,0,2018,0.07989307320735196,0
2018-04-10,0,0,1,0,2018,0.08076397483913392,0
2018-04-11,0,0,1,0,2018,0.09941424787654149,0
2018-04-13,0,0,0,0,2018,0.05515711346339277,0
2018-04-14,0,0,0,0,2018,0.05764046619310929,0
2018-04-15,0,0,0,0,2018,0.061277128757950904,0
2018-04-16,0,0,0,0,2018,0.07012460936201474,0
2018-04-17,0,0,0,0,2018,0.0699278541710569,0
2018-04-18,0,0,0,0,2018,0.05717817985733842,0
2018-04-19,0,0,0,0,2018,0.05365928439148746,0
2018-04-20,0,0,0,0,2018,0.061388324140544535,0
2018-04-21,0,0,0,0,2018,0.05515967003550584,0
2018-04-22,0,0,0,0,2018,0.054673866154648774,0
2018-04-23,0,0,0,0,2018,0.0752373515378644,0
2018-04-24,0,0,0,0,2018,0.07481777238038365,0
2018-04-25,0,0,0,0,2018,0.10074303910942592,0
2018-04-26,0,0,0,0,2018,0.08937750096179883,0
2018-04-27,0,0,0,0,2018,0.08874626044248551,0
2018-04-28,1,0,0,0,2018,0.10524166234503361,0
2018-04-29,0,1,1,1,2018,0.3960652523668171,1
2018-04-30,0,0,1,1,2018,0.1906125234841568,0
2018-05-01,0,0,1,1,2018,0.1014894304785841,0
2018-05-02,0,0,1,0,2018,0.09762108996445862,0
2018-05-03,0,0,1,0,2018,0.094152015010322,0
2018-05-04,1,0,1,0,2018,0.10919293256482458,0
2018-05-05,0,1,2,1,2018,0.17601024544627042,0
2018-05-06,0,0,1,1,2018,0.14440372928022144,0
2018-05-07,0,0,1,1,2018,0.09820860858756636,0
2018-05-08,0,0,1,0,2018,0.11142653075119692,0
2018-05-09,0,0,1,0,2018,0.13571608737101915,0
2018-05-10,0,0,1,0,2018,0.11806804778711066,0
2018-05-11,0,0,1,0,2018,0.11250946936416174,0
2018-05-12,0,0,0,0,2018,0.11761827025245133,0
2018-05-13,0,0,0,0,2018,0.1231413336111806,0
2018-05-14,0,0,0,0,2018,0.08714932865846912,0
2018-05-15,0,0,0,0,2018,0.07345881181873293,0
2018-05-16,0,0,0,0,2018,0.1182184409363772,0
2018-05-17,0,0,0,0,2018,0.10182743894342841,0
2018-05-18,0,0,0,0,2018,0.10424958294034647,0
2018-05-19,0,0,0,0,2018,0.08916984605997721,0
2018-05-20,0,0,0,0,2018,0.08534878465492432,0
2018-05-21,0,0,0,0,2018,0.06842246445349134,0
2018-05-22,0,0,0,0,2018,0.0712048626477311,0
2018-05-23,0,0,0,0,2018,0.06853791879550547,0
2018-05-24,0,0,0,0,2018,0.11278935559205519,0
2018-05-25,0,0,0,0,2018,0.10339279227987919,0
2018-05-26,0,0,0,0,2018,0.14918832694559672,0
2018-05-27,0,0,0,0,2018,0.10179358255963848,0
2018-05-28,0,0,0,0,2018,0.08950985304239514,0
2018-05-29,0,0,0,0,2018,0.12556779496977769,0
2018-05-30,0,0,0,0,2018,0.08343961452784486,0
2018-05-31,0,0,0,0,2018,0.10349350065686261,0
2018-06-01,0,0,0,0,2018,0.08366345777078776,0
2018-06-02,0,0,0,0,2018,0.09606330947461254,0
2018-06-03,0,0,0,0,2018,0.10403064118221755,0
2018-06-04,0,0,0,0,2018,0.07984392098900257,0
2018-06-05,0,0,0,0,2018,0.07609910087024715,0
2018-06-06,1,0,0,0,2018,0.09012204962035918,0
2018-06-07,0,1,1,1,2018,0.21741185270090368,0
2018-06-08,0,0,1,1,2018,0.13586293052031917,0
2018-06-09,1,0,1,1,2018,0.10169526125569461,0
2018-06-10,0,1,2,1,2018,0.34490067748547826,0
2018-06-11,1,0,2,1,2018,0.202609066596583,0
2018-06-12,0,1,3,2,2018,0.34710820367805834,0
2018-06-13,0,0,3,1,2018,0.18384564022433897,0
2018-06-14,0,0,2,1,2018,0.149836778775001,0
2018-06-15,1,0,2,0,2018,0.11352501760431301,0
2018-06-16,1,1,3,1,2018,0.3545932728902449,1
2018-06-17,1,1,3,2,2018,0.620868676369963,1
2018-06-18,0,1,4,3,2018,0.6538354395705857,1
2018-06-19,1,0,3,2,2018,0.26123936225569167,0
2018-06-20,0,1,4,2,2018,0.3622060165757005,1
2018-06-21,0,0,4,1,2018,0.21125528142320407,0
2018-06-22,0,0,4,1,2018,0.2747205845285104,0
2018-06-23,1,0,3,0,2018,0.24962767023522056,0
2018-06-24,0,1,3,1,2018,0.40391011756380935,1
2018-06-25,0,0,2,1,2018,0.25823530330932204,0
2018-06-26,0,0,2,1,2018,0.16461261905249172,0
2018-06-27,1,0,1,0,2018,0.1999579177036717,0
2018-06-28,1,1,2,1,2018,0.3577934682529302,1
2018-06-29,1,1,3,2,2018,0.5261254197778699,1
2018-06-30,0,1,4,3,2018,0.545955909761328,1
2018-07-01,0,0,3,2,2018,0.3383292165550653,0
2018-07-02,1,0,3,1,2018,0.23460422877531412,0
2018-07-03,1,1,4,1,2018,0.4202007132811978,1
2018-07-04,1,1,5,2,2018,0.6878451399938239,1
2018-07-05,1,1,5,3,2018,0.6633097075439132,1
2018-07-06,1,1,5,3,2018,0.6394392943648349,1
2018-07-07,1,1,5,3,2018,0.700948158196782,1
2018-07-08,1,1,6,3,2018,0.7492907801174685,1
2018-07-09,0,1,7,3,2018,0.7332184985629576,1
2018-07-10,0,0,6,2,2018,0.39700068219938367,1
2018-07-11,1,0,5,1,2018,0.31632421877628286,0
2018-07-12,1,1,5,1,2018,0.7362987135524295,1
2018-07-13,0,1,5,2,2018,0.7579510312282663,1
2018-07-14,0,0,4,2,2018,0.5079441032854461,1
2018-07-15,0,0,3,1,2018,0.4192640038780026,1
2018-07-16,1,0,2,0,2018,0.2852465654144588,0
2018-07-17,1,1,3,1,2018,0.7492751556665536,1
2018-07-18,1,1,4,2,2018,0.8992438334059001,1
2018-07-19,1,1,4,3,2018,0.8095678461783377,1
2018-07-20,1,1,4,3,2018,0.8670919773155297,1
2018-07-21,1,1,5,3,2018,0.840716496548783,1
2018-07-22,1,1,6,3,2018,0.7874907718667193,1
2018-07-23,1,1,7,3,2018,0.7262403072195567,1
2018-07-24,1,1,7,3,2018,0.8299254495775693,1
2018-07-25,1,1,7,3,2018,0.8161756085524614,1
2018-07-26,1,1,7,3,2018,0.8314607780433965,1
2018-07-27,0,1,7,3,2018,0.7652997085775027,1
2018-07-28,1,0,6,2,2018,0.608930785583425,1
2018-07-29,0,1,6,2,2018,0.7250645941081962,1
2018-07-30,1,0,5,1,2018,0.42647740708430354,1
2018-07-31,1,1,5,2,2018,0.6234335549375121,1
2018-08-01,0,1,5,2,2018,0.6765879073221005,1
2018-08-02,0,0,4,2,2018,0.4101712903925526,1
2018-08-03,1,0,3,1,2018,0.38923143890225376,1
2018-08-04,0,1,4,1,2018,0.5555951328683363,1
2018-08-05,1,0,3,1,2018,0.3651761443496772,1
2018-08-06,1,1,4,2,2018,0.6283639998187954,1
2018-08-07,0,1,4,2,2018,0.6907759147312093,1
2018-08-08,0,0,3,2,2018,0.39753881752064146,1
2018-08-09,0,0,3,1,2018,0.32105003359426854,0
2018-08-10,0,0,3,0,2018,0.3586558855194893,1
2018-08-11,0,0,2,0,2018,0.43268967072447617,1
2018-08-12,1,0,2,0,2018,0.31586859393972344,0
2018-08-13,1,1,2,1,2018,0.47642342242878966,1
2018-08-14,1,1,2,2,2018,0.7363555460764821,1
2018-08-15,1,1,3,3,2018,0.6760251458078622,1
2018-08-16,1,1,4,3,2018,0.8668404488670798,1
2018-08-17,1,1,5,3,2018,0.8240844894097725,1
2018-08-18,1,1,6,3,2018,0.9206034087349957,1
2018-08-19,1,1,7,3,2018,0.8466090197836075,1
2018-08-20,1,1,7,3,2018,0.951816442342211,1
2018-08-21,1,1,7,3,2018,0.7493047463860375,1
2018-08-22,1,1,7,3,2018,0.827402060376709,1
2018-08-23,1,1,7,3,2018,0.8137974294375705,1
2018-08-24,1,1,7,3,2018,0.929970215320855,1
2018-08-25,1,1,7,3,2018,0.8567139596671359,1
2018-08-26,1,1,7,3,2018,0.8817885841672094,1
2018-08-27,1,1,7,3,2018,0.8078028921556251,1
2018-08-28,1,1,7,3,2018,0.9265774447520412,1
2018-08-29,1,1,7,3,2018,0.9385119355261615,1
2018-08-30,1,1,7,3,2018,0.949691056092163,1
2018-08-31,1,1,7,3,2018,0.8958518788669186,1
2018-09-01,0,1,7,3,2018,0.8416040363502171,1
2018-09-02,1,0,6,2,2018,0.5783801411639087,1
2018-09-03,1,1,6,2,2018,0.8234148603054962,1
2018-09-04,1,1,6,2,2018,0.9350686100318616,1
2018-09-05,1,1,6,3,2018,0.8191408153894943,1
2018-09-06,1,1,6,3,2018,0.7990941373477517,1
2018-09-07,1,1,6,3,2018,0.7448591864029747,1
2018-09-08,1,1,6,3,2018,0.8178991959149464,1
2018-09-09,1,1,7,3,2018,0.907688379338397,1
2018-09-10,1,1,7,3,2018,0.9060624044301316,1
2018-09-11,1,1,7,3,2018,0.9385875641962298,1
2018-09-12,1,1,7,3,2018,0.9134751652197222,1
2018-09-13,1,1,7,3,2018,0.8674582754472309,1
2018-09-14,1,1,7,3,2018,0.8990016802934984,1
2018-09-15,0,1,7,3,2018,0.8557502826219887,1
2018-09-16,1,0,6,2,2018,0.5474005181192366,1
2018-09-17,1,1,6,2,2018,0.7001473921782606,1
2018-09-18,1,1,6,2,2018,0.771373446548422,1
2018-09-19,1,1,6,3,2018,0.8660161702162277,1
2018-09-20,0,1,6,3,2018,0.8454750215426027,1
2018-09-21,1,0,5,2,2018,0.5010237649236898,1
2018-09-22,1,1,5,2,2018,0.7659765369957353,1
2018-09-23,1,1,6,2,2018,0.8112642998616745,1
2018-09-24,1,1,6,3,2018,0.8255263972512502,1
2018-09-25,1,1,6,3,2018,0.8393933070748714,1
2018-09-26,1,1,6,3,2018,0.8717349850500276,1
2018-09-27,1,1,6,3,2018,0.8643529782995407,1
2018-09-28,1,1,7,3,2018,0.8467754713088567,1
2018-09-29,1,1,7,3,2018,0.8092964638494543,1
2018-09-30,1,1,7,3,2018,0.8554101283373969,1
2018-10-01,0,1,7,3,2018,0.8435068987646828,1
2018-10-02,1,0,6,2,2018,0.5116972612556868,1
2018-10-03,1,1,6,2,2018,0.7495162296407757,1
2018-10-04,1,1,6,2,2018,0.8006297757896057,1
2018-10-05,0,1,6,3,2018,0.826927697177538,1
2018-10-06,0,0,5,2,2018,0.4671268259073622,1
2018-10-07,1,0,4,1,2018,0.36155068005407837,1
2018-10-08,1,1,4,1,2018,0.6892557343436687,1
2018-10-09,0,1,5,2,2018,0.7618544367824833,1
2018-10-10,1,0,4,2,2018,0.4105300929804647,1
2018-10-11,0,1,4,2,2018,0.5750530247292408,1
2018-10-12,1,0,3,1,2018,0.34852335604634666,0
2018-10-13,0,1,4,2,2018,0.5550618570056429,1
2018-10-14,1,0,4,1,2018,0.35519915472281366,1
2018-10-15,1,1,4,2,2018,0.7147613526422755,1
2018-10-16,1,1,4,2,2018,0.6871004843905343,1
2018-10-17,1,1,5,3,2018,0.7914479326862947,1
2018-10-18,0,1,5,3,2018,0.647156464687582,1
2018-10-19,0,0,5,2,2018,0.3918308196083079,1
2018-10-20,1,0,4,1,2018,0.29295976050336286,0
2018-10-21,1,1,5,1,2018,0.6067093168303368,1
2018-10-22,0,1,5,2,2018,0.5970269997637742,1
2018-10-23,0,0,4,2,2018,0.3485139257453981,0
2018-10-24,0,0,3,1,2018,0.2551552785744765,0
2018-10-25,0,0,2,0,2018,0.20786944573957872,0
2018-10-26,0,0,2,0,2018,0.19616172909571744,0
2018-10-27,1,0,2,0,2018,0.1851503839963461,0
2018-10-28,0,1,2,1,2018,0.5571303151853055,1
2018-10-29,0,0,1,1,2018,0.20686071370229436,0
2018-10-30,0,0,1,1,2018,0.16977778210158279,0
2018-10-31,0,0,1,0,2018,0.14692248324637017,0
2018-11-01,0,0,1,0,2018,0.1447748349947483,0
2018-11-02,0,0,1,0,2018,0.13564818498899803,0
2018-11-03,0,0,1,0,2018,0.1274951886396605,0
2018-11-04,1,0,0,0,2018,0.10969372187573692,0
2018-11-05,0,1,1,1,2018,0.2765757282416963,0
2018-11-06,1,0,1,1,2018,0.162827225995716,0
2018-11-07,0,1,2,2,2018,0.4320359582052718,1
2018-11-08,0,0,2,1,2018,0.16602498631277973,0
2018-11-09,0,0,2,1,2018,0.1419918549668618,0
2018-11-10,0,0,2,0,2018,0.1227757037848783,0
2018-11-11,1,0,2,0,2018,0.12162277845295125,0
2018-11-12,0,1,2,1,2018,0.281284905174736,0
2018-11-13,0,0,2,1,2018,0.20707238109009182,0
2018-11-14,0,0,1,1,2018,0.11460567922180033,0
2018-11-15,0,0,1,0,2018,0.09886696426575557,0
2018-11-16,0,0,1,0,2018,0.09250764850428889,0
2018-11-17,1,0,1,0,2018,0.08673991924269778,0
2018-11-18,1,1,2,1,2018,0.2285984228018963,0
2018-11-19,0,1,2,2,2018,0.29706355103812243,0
2018-11-20,0,0,2,2,2018,0.13946710333992632,0
2018-11-21,0,0,2,1,2018,0.10324310046067435,0
2018-11-23,0,0,2,0,2018,0.09296090628697153,0
2018-11-24,0,0,2,0,2018,0.09203318167932736,0
2018-11-25,0,0,1,0,2018,0.08318135609818972,0
2018-11-26,0,0,0,0,2018,0.07514879776792661,0
2018-11-27,0,0,0,0,2018,0.07039464655032733,0
2018-11-28,0,0,0,0,2018,0.0695379218612643,0
2018-12-01,0,0,0,0,2018,0.06650269332477722,0
2018-12-02,0,0,0,0,2018,0.06558401621028168,0
2018-12-03,0,0,0,0,2018,0.06506914700085535,0
2018-12-04,0,0,0,0,2018,0.0645855352426605,0
2018-12-05,0,0,0,0,2018,0.06072674989821158,0
2018-12-07,0,0,0,0,2018,0.05666910860394137,0
2018-12-08,0,0,0,0,2018,0.056134431445466274,0
2018-12-09,0,0,0,0,2018,0.05580469275914568,0
2018-12-10,0,0,0,0,2018,0.0549107423549483,0
2018-12-11,0,0,0,0,2018,0.05439932968989525,0
2018-12-12,0,0,0,0,2018,0.051206046519153066,0
2018-12-13,0,0,0,0,2018,0.0508256304967515,0
2018-12-14,0,0,0,0,2018,0.05042800903608577,0
2018-12-15,0,0,0,0,2018,0.05005754785659663,0
2018-12-16,0,0,0,0,2018,0.04969219709673706,0
2018-12-17,0,0,0,0,2018,0.0491983671640525,0
2018-12-18,0,0,0,0,2018,0.046327996812043866,0
2018-12-19,0,0,0,0,2018,0.04354211258911847,0
2018-12-20,0,0,0,0,2018,0.04307633241401589,0
2018-12-21,0,0,0,0,2018,0.042616622552529425,0
2018-12-22,0,0,0,0,2018,0.04235982054912503,0
2018-12-23,1,0,0,0,2018,0.04181333122984011,0
2018-12-24,0,1,1,1,2018,0.14122778308460485,0
2018-12-26,0,0,1,1,2018,0.06578578006811998,0
2018-12-27,0,0,1,0,2018,0.05954611183674119,0
2018-12-28,0,0,1,0,2018,0.05943927563045326,0
2018-12-29,0,0,1,0,2018,0.05925908925317314,0
2018-12-30,0,0,1,0,2018,0.059023901595977514,0
2018-12-31,0,0,0,0,2018,0.05355013214704335,0
2019-01-01,0,0,0,0,2019,0.055445349297549074,0
2019-01-02,0,0,0,0,2019,0.05529816395648719,0
2019-01-03,0,0,0,0,2019,0.055037437209774255,0
2019-01-04,0,0,0,0,2019,0.054298321146289595,0
2019-01-05,0,0,0,0,2019,0.05393292621283745,0
2019-01-06,0,0,0,0,2019,0.05337053026814172,0
2019-01-07,0,0,0,0,2019,0.052656884192511716,0
2019-01-08,0,0,0,0,2019,0.051834846554132036,0
2019-01-09,0,0,0,0,2019,0.05117885046261431,0
2019-01-10,0,0,0,0,2019,0.050700648055852726,0
2019-01-11,0,0,0,0,2019,0.05026159584688127,0
2019-01-12,0,0,0,0,2019,0.04960205148299539,0
2019-01-13,0,0,0,0,2019,0.04909981493555909,0
2019-01-15,0,0,0,0,2019,0.048002155342528614,0
2019-01-16,0,0,0,0,2019,0.047521249178687136,0
2019-01-17,0,0,0,0,2019,0.0471090138183387,0
2019-01-18,0,0,0,0,2019,0.04646479750177019,0
2019-01-19,0,0,0,0,2019,0.04626342805509543,0
2019-01-20,0,0,0,0,2019,0.04603572783225085,0
2019-01-21,0,0,0,0,2019,0.045669749411006995,0
2019-01-22,0,0,0,0,2019,0.04503141840639441,0
2019-01-23,0,0,0,0,2019,0.04222895057045532,0
2019-01-24,0,0,0,0,2019,0.041774879403852674,0
2019-01-25,1,0,0,0,2019,0.041583089278251856,0
2019-01-26,0,1,1,1,2019,0.1301178807258948,0
2019-01-27,0,0,1,1,2019,0.07509280712557997,0
2019-01-28,0,0,1,1,2019,0.06335967024689085,0
2019-01-29,0,0,1,0,2019,0.058927344703602176,0
2019-01-30,0,0,1,0,2019,0.05819094126027322,0
2019-01-31,0,0,1,0,2019,0.05766837636656746,0
2019-02-01,0,0,1,0,2019,0.05732577332802292,0
2019-02-03,0,0,0,0,2019,0.05044775131865527,0
2019-02-04,0,0,0,0,2019,0.0502840944401031,0
2019-02-06,0,0,0,0,2019,0.04931495809582469,0
2019-02-07,0,0,0,0,2019,0.04882237081601151,0
2019-02-08,0,0,0,0,2019,0.04836192997598842,0
2019-02-09,0,0,0,0,2019,0.04805350780928144,0
2019-02-10,0,0,0,0,2019,0.04803504130349707,0
2019-02-11,0,0,0,0,2019,0.04761413886895237,0
2019-02-12,0,0,0,0,2019,0.04709918235914601,0
2019-02-15,0,0,0,0,2019,0.0460699377774018,0
2019-02-16,0,0,0,0,2019,0.045798947312065935,0
2019-02-17,0,0,0,0,2019,0.04539612931944308,0
2019-02-18,0,0,0,0,2019,0.045017631894393687,0
2019-02-19,0,0,0,0,2019,0.04437743104006606,0
2019-02-20,0,0,0,0,2019,0.04401290076658863,0
2019-02-22,0,0,0,0,2019,0.043195315857738455,0
2019-02-23,0,0,0,0,2019,0.042847378469476796,0
2019-02-24,0,0,0,0,2019,0.042504863654118506,0
2019-02-25,0,0,0,0,2019,0.0398493035002668,0
2019-02-26,0,0,0,0,2019,0.03953482155521763,0
2019-02-27,0,0,0,0,2019,0.03922519592181123,0
2019-02-28,0,0,0,0,2019,0.03891272099662557,0
2019-03-01,0,0,0,0,2019,0.0386130829884623,0
2019-03-02,0,0,0,0,2019,0.03843464731794201,0
2019-03-03,0,0,0,0,2019,0.03825239789456892,0
2019-03-04,0,0,0,0,2019,0.03785027080214008,0
2019-03-05,0,0,0,0,2019,0.037568055236841535,0
2019-03-06,0,0,0,0,2019,0.03740319623239018,0
2019-03-07,0,0,0,0,2019,0.03734844062058362,0
2019-03-08,0,0,0,0,2019,0.05344111214161927,0
2019-03-09,0,0,0,0,2019,0.03714380908212427,0
2019-03-10,0,0,0,0,2019,0.037100944700464863,0
2019-03-11,0,0,0,0,2019,0.03705308631514397,0
2019-03-12,0,0,0,0,2019,0.036792071670325346,0
2019-03-13,0,0,0,0,2019,0.03642508934739559,0
2019-03-14,0,0,0,0,2019,0.036281114647515364,0
2019-03-15,0,0,0,0,2019,0.03623655537352342,0
2019-03-16,0,0,0,0,2019,0.03608538315190232,0
2019-03-17,0,0,0,0,2019,0.051820678844260226,0
2019-03-18,0,0,0,0,2019,0.03590711075211747,0
2019-03-19,0,0,0,0,2019,0.035768013313056964,0
2019-03-20,0,0,0,0,2019,0.03573503783901642,0
2019-03-21,0,0,0,0,2019,0.03559958605848872,0
2019-03-22,0,0,0,0,2019,0.03546628710690087,0
2019-03-23,0,0,0,0,2019,0.03523357585163904,0
2019-03-24,0,0,0,0,2019,0.03509954916721666,0
2019-03-25,0,0,0,0,2019,0.03507278105927826,0
2019-03-26,0,0,0,0,2019,0.034947620639018,0
2019-03-27,0,0,0,0,2019,0.03502138718778376,0
2019-03-28,0,0,0,0,2019,0.03490509317238992,0
2019-03-29,0,0,0,0,2019,0.03478393462948276,0
2019-03-30,0,0,0,0,2019,0.03476170758249953,0
2019-03-31,0,0,0,0,2019,0.03483704881630657,0
2019-04-01,0,0,0,0,2019,0.034823413925702054,0
2019-04-02,0,0,0,0,2019,0.03470612244015412,0
2019-04-03,0,0,0,0,2019,0.03468626579573261,0
2019-04-04,0,0,0,0,2019,0.03456334674805827,0
2019-04-05,0,0,0,0,2019,0.034536150149293524,0
2019-04-06,0,0,0,0,2019,0.03455211822695365,0
2019-04-07,0,0,0,0,2019,0.034591763704220194,0
2019-04-08,0,0,0,0,2019,0.03471017888854193,0
2019-04-09,0,0,0,0,2019,0.03483819363989999,0
2019-04-10,0,0,0,0,2019,0.03497568101386757,0
2019-04-11,0,0,0,0,2019,0.035200363426211176,0
2019-04-12,0,0,0,0,2019,0.05121708138404417,0
2019-04-13,0,0,0,0,2019,0.0358438910708418,0
2019-04-14,0,0,0,0,2019,0.035893108165861505,0
2019-04-15,0,0,0,0,2019,0.03593390287463095,0
2019-04-16,0,0,0,0,2019,0.051995382436313055,0
2019-04-17,0,0,0,0,2019,0.036505100123341606,0
2019-04-18,0,0,0,0,2019,0.05294382967692815,0
2019-04-19,1,0,0,0,2019,0.037182456898349966,0
2019-04-20,0,1,1,1,2019,0.25806587012694393,0
2019-04-21,0,0,1,1,2019,0.12292671646327524,0
2019-04-22,0,0,1,1,2019,0.10580574575570861,0
2019-04-23,0,0,1,0,2019,0.07085641100180931,0
2019-04-24,1,0,1,0,2019,0.0713673947037522,0
2019-04-25,0,1,2,1,2019,0.1791220734142247,0
2019-04-26,0,0,2,1,2019,0.10601838823552917,0
2019-04-27,0,0,1,1,2019,0.08124071511712076,0
2019-04-28,0,0,1,0,2019,0.07703173692226453,0
2019-04-29,0,0,1,0,2019,0.07702859462675311,0
2019-04-30,1,0,1,0,2019,0.07705832476945874,0
2019-05-01,0,1,2,1,2019,0.3728394950027391,1
2019-05-02,1,0,1,1,2019,0.10406901635211434,0
2019-05-03,0,1,2,2,2019,0.310467256580084,0
2019-05-04,0,0,2,1,2019,0.12362695587567052,0
2019-05-05,0,0,2,1,2019,0.1066472486606375,0
2019-05-06,1,0,2,0,2019,0.10130548009922115,0
2019-05-07,1,1,3,1,2019,0.3170533898355769,0
2019-05-08,1,1,3,2,2019,0.38634682967540884,1
2019-05-09,1,1,4,3,2019,0.4049868353463166,1
2019-05-10,1,1,4,3,2019,0.6130029933307403,1
2019-05-11,1,1,5,3,2019,0.6131481496086535,1
2019-05-12,1,1,6,3,2019,0.5266017813771705,1
2019-05-13,1,1,7,3,2019,0.657511898827884,1
2019-05-14,1,1,7,3,2019,0.5679470400203128,1
2019-05-15,0,1,7,3,2019,0.5346659168281616,1
2019-05-16,0,0,6,2,2019,0.2990808114064546,0
2019-05-17,0,0,5,1,2019,0.23292730612417065,0
2019-05-18,0,0,4,0,2019,0.20209714101086387,0
2019-05-19,0,0,3,0,2019,0.18363303952321994,0
2019-05-20,0,0,2,0,2019,0.21593246324065715,0
2019-05-23,0,0,0,0,2019,0.12984722313894065,0
2019-05-24,1,0,0,0,2019,0.1306302280865356,0
2019-05-25,0,1,1,1,2019,0.28352834065265137,0
2019-05-26,0,0,1,1,2019,0.18380678524741026,0
2019-05-27,0,0,1,1,2019,0.16035921299436648,0
2019-05-28,0,0,1,0,2019,0.15340861721484836,0
2019-05-29,0,0,1,0,2019,0.15298211504098297,0
2019-05-30,0,0,1,0,2019,0.15289865436671488,0
2019-05-31,0,0,1,0,2019,0.14596163013685043,0
2019-06-01,0,0,0,0,2019,0.1323442769349072,0
2019-06-02,0,0,0,0,2019,0.12627765069986915,0
2019-06-03,0,0,0,0,2019,0.12609624994422217,0
2019-06-04,0,0,0,0,2019,0.12541664493668284,0
2019-06-05,0,0,0,0,2019,0.12531757441447566,0
2019-06-06,0,0,0,0,2019,0.11895016773739611,0
2019-06-07,1,0,0,0,2019,0.11232843613263434,0
2019-06-08,0,1,1,1,2019,0.3708343816632908,1
2019-06-09,1,0,1,1,2019,0.15799349367021365,0
2019-06-10,1,1,2,2,2019,0.42680994304693176,1
2019-06-11,1,1,3,2,2019,0.49164012800543094,1
2019-06-12,1,1,4,3,2019,0.5833917503181029,1
2019-06-13,0,1,5,3,2019,0.42399801368652335,1
2019-06-14,1,0,5,2,2019,0.2370407098639823,0
2019-06-15,0,1,5,2,2019,0.3676125197924136,1
2019-06-16,0,0,5,1,2019,0.23785130120175715,0
2019-06-17,0,0,4,1,2019,0.20648106583753964,0
2019-06-18,0,0,3,0,2019,0.18405075618170144,0
2019-06-19,0,0,2,0,2019,0.19169983935748186,0
2019-06-20,0,0,1,0,2019,0.17672519059917632,0
2019-06-21,0,0,1,0,2019,0.15586475931593566,0
2019-06-22,0,0,0,0,2019,0.1346113984791928,0
2019-06-23,0,0,0,0,2019,0.1304451798644273,0
2019-06-24,0,0,0,0,2019,0.12579095589935405,0
2019-06-25,0,0,0,0,2019,0.13825917015297304,0
2019-06-26,1,0,0,0,2019,0.13490928226252183,0
2019-06-27,0,1,1,1,2019,0.35059498589341215,1
2019-06-28,0,0,1,1,2019,0.18643960424430756,0
2019-06-29,0,0,1,1,2019,0.1536040911043174,0
2019-06-30,0,0,1,0,2019,0.1463387049600723,0
2019-07-01,0,0,1,0,2019,0.20086017649899315,0
2019-07-02,0,0,1,0,2019,0.1481028923342048,0
2019-07-03,0,0,1,0,2019,0.15048025608139456,0
2019-07-04,0,0,0,0,2019,0.1292840616586521,0
2019-07-05,0,0,0,0,2019,0.15175208862692816,0
2019-07-06,0,0,0,0,2019,0.1381616639518621,0
2019-07-07,0,0,0,0,2019,0.1326269837205064,0
2019-07-08,0,0,0,0,2019,0.12801380618137306,0
2019-07-09,0,0,0,0,2019,0.11516539896198559,0
2019-07-10,0,0,0,0,2019,0.11169585247233882,0
2019-07-11,0,0,0,0,2019,0.15663894630734165,0
2019-07-12,0,0,0,0,2019,0.11678362764479804,0
2019-07-13,1,0,0,0,2019,0.11591923907488204,0
2019-07-14,0,1,1,1,2019,0.33421691536807796,0
2019-07-15,0,0,1,1,2019,0.23427680166665685,0
2019-07-16,0,0,1,1,2019,0.15729703319060573,0
2019-07-17,0,0,1,0,2019,0.20298838823649348,0
2019-07-18,1,0,1,0,2019,0.14388421984785119,0
2019-07-19,0,1,2,1,2019,0.37418292472599923,1
2019-07-20,0,0,2,1,2019,0.22788305474685153,0
2019-07-21,1,0,1,1,2019,0.17374799676081829,0
2019-07-22,1,1,2,1,2019,0.3424229363976436,0
2019-07-23,0,1,3,2,2019,0.4844314503676925,1
2019-07-24,0,0,3,2,2019,0.26519296293804245,0
2019-07-25,1,0,3,1,2019,0.23601051931767,0
2019-07-26,0,1,3,1,2019,0.5386028176322596,1
2019-07-27,1,0,3,1,2019,0.3295527917909428,0
2019-07-28,0,1,4,2,2019,0.593761356959501,1
2019-07-29,0,0,3,1,2019,0.2819905226905075,0
2019-07-30,0,0,2,1,2019,0.2151462445353588,0
2019-07-31,0,0,2,0,2019,0.22384626109513275,0
2019-08-01,0,0,2,0,2019,0.19874760452813875,0
2019-08-02,0,0,1,0,2019,0.1842909829226625,0
2019-08-03,1,0,1,0,2019,0.2385171232235303,0
2019-08-04,0,1,1,1,2019,0.3559455411030465,1
2019-08-05,0,0,1,1,2019,0.20999648387198397,0
2019-08-06,0,0,1,1,2019,0.1840668828225298,0
2019-08-07,0,0,1,0,2019,0.17897916105919967,0
2019-08-08,1,0,1,0,2019,0.2014792411563768,0
2019-08-09,0,1,2,1,2019,0.4033029012876469,1
2019-08-10,1,0,2,1,2019,0.2768838432951751,0
2019-08-11,0,1,2,2,2019,0.5031783373379084,1
2019-08-12,0,0,2,1,2019,0.3422828637021623,0
2019-08-13,1,0,2,1,2019,0.19459160771719108,0
2019-08-14,0,1,3,1,2019,0.49588877255919134,1
2019-08-15,1,0,3,1,2019,0.3003659022801118,0
2019-08-16,0,1,3,2,2019,0.4433141237589291,1
2019-08-17,0,0,3,1,2019,0.27213039020455365,0
2019-08-18,1,0,2,1,2019,0.20947325733203925,0
2019-08-19,1,1,3,1,2019,0.502425063822787,1
2019-08-20,0,1,4,2,2019,0.5983457016896245,1
2019-08-21,0,0,3,2,2019,0.28089178718264324,0
2019-08-22,0,0,3,1,2019,0.24295647423503314,0
2019-08-23,0,0,2,0,2019,0.24405056572155015,0
2019-08-24,1,0,2,0,2019,0.26429295519161583,0
2019-08-25,0,1,3,1,2019,0.4005679787196029,1
2019-08-26,0,0,2,1,2019,0.24616955162158116,0
2019-08-27,0,0,1,1,2019,0.18137006081434928,0
2019-08-28,0,0,1,0,2019,0.20340284323654162,0
2019-08-29,1,0,1,0,2019,0.16187489027341442,0
2019-08-30,0,1,2,1,2019,0.4220168922320337,1
2019-08-31,0,0,2,1,2019,0.24215291095796188,0
2019-09-01,0,0,1,1,2019,0.15411977522897682,0
2019-09-02,0,0,1,0,2019,0.20160728392668106,0
2019-09-03,0,0,1,0,2019,0.21902263509537792,0
2019-09-04,0,0,1,0,2019,0.22404938173868494,0
2019-09-05,0,0,1,0,2019,0.220570119730786,0
2019-09-06,1,0,0,0,2019,0.18188814618779406,0
2019-09-07,1,1,1,1,2019,0.3266745895009663,0
2019-09-08,0,1,2,2,2019,0.37296098314240067,1
2019-09-09,0,0,2,2,2019,0.21845140424280302,0
2019-09-10,0,0,2,1,2019,0.18392844855191953,0
2019-09-11,1,0,2,0,2019,0.18625248812835574,0
2019-09-12,1,1,3,1,2019,0.39952271496731645,1
2019-09-13,1,1,4,2,2019,0.48366898674491315,1
2019-09-14,1,1,4,3,2019,0.6221206942086003,1
2019-09-15,0,1,4,3,2019,0.6113881684054915,1
2019-09-16,0,0,4,2,2019,0.35691917905285564,1
2019-09-17,1,0,4,1,2019,0.3118783521846726,0
2019-09-18,0,1,5,1,2019,0.4009111369219953,1
2019-09-19,1,0,4,1,2019,0.27439920794993305,0
2019-09-20,0,1,4,2,2019,0.417858720658208,1
2019-09-21,0,0,3,1,2019,0.25604494482225776,0
2019-09-22,0,0,2,1,2019,0.2192732083500535,0
2019-09-23,0,0,2,0,2019,0.27015075955997453,0
2019-09-24,0,0,2,0,2019,0.23592503025952827,0
2019-09-25,0,0,1,0,2019,0.23062464553344908,0
2019-09-26,0,0,1,0,2019,0.18825654724400026,0
2019-09-27,0,0,0,0,2019,0.16649297125482135,0
2019-09-28,0,0,0,0,2019,0.16704215828035418,0
2019-09-29,0,0,0,0,2019,0.17169834381243385,0
2019-09-30,0,0,0,0,2019,0.16351364520122522,0
2019-10-01,0,0,0,0,2019,0.15036617916218284,0
2019-10-02,1,0,0,0,2019,0.1506761633005665,0
2019-10-03,0,1,1,1,2019,0.30762446706869484,0
2019-10-04,0,0,1,1,2019,0.19411303915641237,0
2019-10-05,0,0,1,1,2019,0.16481269716719005,0
2019-10-06,0,0,1,0,2019,0.16855686580343238,0
2019-10-07,0,0,1,0,2019,0.1677052330975834,0
2019-10-08,0,0,1,0,2019,0.17271278344031354,0
2019-10-09,0,0,1,0,2019,0.12297637915888587,0
2019-10-10,0,0,0,0,2019,0.10941501697669943,0
2019-10-11,0,0,0,0,2019,0.11882977527725823,0
2019-10-12,0,0,0,0,2019,0.10105301200687901,0
2019-10-13,0,0,0,0,2019,0.09466742451841145,0
2019-10-14,0,0,0,0,2019,0.08864389479740455,0
2019-10-15,0,0,0,0,2019,0.0827655783912532,0
2019-10-16,0,0,0,0,2019,0.08171131169729777,0
2019-10-17,0,0,0,0,2019,0.08918584374501767,0
2019-10-18,0,0,0,0,2019,0.07742445049916821,0
2019-10-19,0,0,0,0,2019,0.06829705596425456,0
2019-10-20,0,0,0,0,2019,0.07087801907649008,0
2019-10-21,0,0,0,0,2019,0.07535564313026838,0
2019-10-22,0,0,0,0,2019,0.06238865653125641,0
2019-10-23,0,0,0,0,2019,0.0615298208613631,0
2019-10-24,0,0,0,0,2019,0.07054832444241976,0
2019-10-25,0,0,0,0,2019,0.09398218652399971,0
2019-10-26,0,0,0,0,2019,0.10117636439292002,0
2019-10-27,0,0,0,0,2019,0.09122568162560275,0
2019-10-28,0,0,0,0,2019,0.07879989801470902,0
2019-10-29,0,0,0,0,2019,0.06310301008404666,0
2019-10-30,0,0,0,0,2019,0.06134455972707164,0
2019-10-31,0,0,0,0,2019,0.06371382623679324,0
2019-11-01,0,0,0,0,2019,0.06245918108589403,0
2019-11-02,0,0,0,0,2019,0.057908068013202266,0
2019-11-03,0,0,0,0,2019,0.05815032330925644,0
2019-11-04,0,0,0,0,2019,0.05709212040481143,0
2019-11-05,0,0,0,0,2019,0.05507020168876248,0
2019-11-06,0,0,0,0,2019,0.04888662464962968,0
2019-11-07,0,0,0,0,2019,0.05370324121981218,0
2019-11-08,1,0,0,0,2019,0.04729620006839982,0
2019-11-09,1,1,1,1,2019,0.15489221630610528,0
2019-11-10,0,1,2,2,2019,0.2370933041981785,0
2019-11-11,0,0,2,2,2019,0.13633936268275035,0
2019-11-12,0,0,2,1,2019,0.1225924705283458,0
2019-11-13,0,0,2,0,2019,0.09106672412700087,0
2019-11-14,0,0,2,0,2019,0.08020392844356915,0
2019-11-15,0,0,2,0,2019,0.09119324863733508,0
2019-11-16,0,0,1,0,2019,0.09900976454495686,0
2019-11-17,1,0,0,0,2019,0.10760873312496776,0
2019-11-18,0,1,1,1,2019,0.18294362839560743,0
2019-11-19,0,0,1,1,2019,0.13013995712980503,0
2019-11-22,0,0,1,0,2019,0.07674562307981223,0
2019-11-23,0,0,1,0,2019,0.07600821211276515,0
2019-11-24,0,0,1,0,2019,0.10628155429167255,0
2019-11-25,0,0,0,0,2019,0.06666907752335234,0
2019-11-26,1,0,0,0,2019,0.06581665721025874,0
2019-12-06,1,0,0,0,2019,0.08938521573339259,0
2019-12-07,0,1,1,1,2019,0.24001592633229876,0
2019-12-08,0,0,1,1,2019,0.14830003352397217,0
2019-12-09,0,0,1,1,2019,0.09591399895826398,0
2019-12-10,0,0,1,0,2019,0.06665937125879695,0
2019-12-11,1,0,1,0,2019,0.05715763220910828,0
2019-12-12,1,1,2,1,2019,0.4103022116651083,1
2019-12-13,1,1,3,2,2019,0.6024635504119392,1
2019-12-14,0,1,3,3,2019,0.3518725157248073,1
2019-12-15,0,0,3,2,2019,0.1587851915063563,0
2019-12-16,0,0,3,1,2019,0.13032519808148707,0
2019-12-17,0,0,3,0,2019,0.098238785033962,0
2019-12-18,1,0,3,0,2019,0.08849669902906734,0
2019-12-19,0,1,3,1,2019,0.3570531050389511,1
2019-12-20,0,0,2,1,2019,0.13346724254587441,0
2019-12-21,0,0,1,1,2019,0.13045312631540937,0
2019-12-22,0,0,1,0,2019,0.10400607650372454,0
2019-12-23,0,0,1,0,2019,0.08297902716720683,0
2019-12-24,0,0,1,0,2019,0.07108387958999324,0
2019-12-26,0,0,0,0,2019,0.07097078252667055,0
2019-12-27,0,0,0,0,2019,0.06678863671519036,0
2019-12-28,1,0,0,0,2019,0.05996696518273908,0
2019-12-29,0,1,1,1,2019,0.33955575095619633,0
2019-12-30,0,0,1,1,2019,0.12005877398963519,0
2019-12-31,0,0,1,1,2019,0.1070405142225567,0
2020-01-01,0,0,1,0,2020,0.08489422803692188,0
2020-01-02,0,0,1,0,2020,0.07623036012382739,0
2020-01-03,0,0,1,0,2020,0.08290472484075173,0
2020-01-04,0,0,1,0,2020,0.0742799854689201,0
2020-01-05,0,0,0,0,2020,0.052278071707673554,0
2020-01-06,0,0,0,0,2020,0.06153127372004251,0
2020-01-07,0,0,0,0,2020,0.06435849570967968,0
2020-01-08,0,0,0,0,2020,0.0650889890486435,0
2020-01-10,0,0,0,0,2020,0.05611667288519224,0
2020-01-11,0,0,0,0,2020,0.048955629266481476,0
2020-01-12,0,0,0,0,2020,0.05755339069526679,0
2020-01-13,0,0,0,0,2020,0.043079265858992216,0
2020-01-14,0,0,0,0,2020,0.04608495631915571,0
2020-01-16,0,0,0,0,2020,0.04626508811627783,0
2020-01-17,0,0,0,0,2020,0.045874038505751176,0
2020-01-18,0,0,0,0,2020,0.05318862600379814,0
2020-01-19,0,0,0,0,2020,0.05412230232340028,0
2020-01-20,0,0,0,0,2020,0.056604772442035205,0
2020-01-21,0,0,0,0,2020,0.06495778044449008,0
2020-01-22,0,0,0,0,2020,0.05496377510481235,0
2020-01-23,0,0,0,0,2020,0.05865840922271285,0
2020-01-24,0,0,0,0,2020,0.056399051037325156,0
2020-01-25,0,0,0,0,2020,0.044932659356463185,0
2020-01-26,0,0,0,0,2020,0.03893153187508588,0
2020-01-27,0,0,0,0,2020,0.04495076241077908,0
2020-01-28,0,0,0,0,2020,0.04092684264089294,0
2020-01-29,0,0,0,0,2020,0.03737236513261244,0
2020-01-30,0,0,0,0,2020,0.036958420142835166,0
2020-01-31,0,0,0,0,2020,0.036646966918223535,0
2020-02-01,0,0,0,0,2020,0.0405546267994938,0
2020-02-02,0,0,0,0,2020,0.04955727005752767,0
2020-02-03,0,0,0,0,2020,0.06146605674319061,0
2020-02-05,0,0,0,0,2020,0.03557085189123007,0
2020-02-06,0,0,0,0,2020,0.03505973497632268,0
2020-02-07,0,0,0,0,2020,0.03214398960878118,0
2020-02-08,0,0,0,0,2020,0.03445171966432783,0
2020-02-09,0,0,0,0,2020,0.03423864229389122,0
2020-02-10,0,0,0,0,2020,0.03888924240319037,0
2020-02-11,0,0,0,0,2020,0.03907025277929277,0
2020-02-13,0,0,0,0,2020,0.03369067675548698,0
2020-02-14,0,0,0,0,2020,0.03301631913175938,0
2020-02-15,1,0,0,0,2020,0.03548342766299269,0
2020-02-16,0,1,1,1,2020,0.1473014838247405,0
2020-02-17,0,0,1,1,2020,0.07386837371977158,0
2020-02-18,0,0,1,1,2020,0.057975375696785666,0
2020-02-19,0,0,1,0,2020,0.06354710666446134,0
2020-02-20,0,0,1,0,2020,0.051510523248046426,0
2020-02-21,0,0,1,0,2020,0.04870019950441657,0
2020-02-22,0,0,1,0,2020,0.0688912952329117,0
2020-02-23,0,0,0,0,2020,0.05613755288504741,0
2020-02-24,0,0,0,0,2020,0.04889797290712484,0
2020-02-25,0,0,0,0,2020,0.044870136825520844,0
2020-02-26,1,0,0,0,2020,0.05073477022805881,0
2020-02-27,0,1,1,1,2020,0.16156346115345893,0
2020-02-28,0,0,1,1,2020,0.08798561046583565,0
2020-02-29,0,0,1,1,2020,0.07675694803657543,0
2020-03-01,0,0,1,0,2020,0.0624792342783456,0
2020-03-02,0,0,1,0,2020,0.06553224623854727,0
2020-03-03,0,0,1,0,2020,0.06418544540033858,0
2020-03-04,0,0,1,0,2020,0.06053820372190091,0
2020-03-05,0,0,0,0,2020,0.05563476839329388,0
2020-03-06,0,0,0,0,2020,0.05621486132522969,0
2020-03-07,0,0,0,0,2020,0.055989436890045,0
2020-03-08,0,0,0,0,2020,0.05029215904302451,0
2020-03-09,0,0,0,0,2020,0.05571583196949895,0
2020-03-11,0,0,0,0,2020,0.05244858129748088,0
2020-03-12,0,0,0,0,2020,0.0513841485622303,0
2020-03-13,0,0,0,0,2020,0.050560465437878246,0
2020-03-14,0,0,0,0,2020,0.05047357338856767,0
2020-03-15,0,0,0,0,2020,0.07138046052180123,0
2020-03-16,0,0,0,0,2020,0.05855213046750261,0
2020-03-17,0,0,0,0,2020,0.057343335625530976,0
2020-06-13,1,0,2,1,2020,0.19739445060938146,0
2020-06-14,1,1,3,2,2020,0.2904038994445369,0
2020-06-15,1,1,4,2,2020,0.47151681490743114,1
2020-06-16,0,1,5,3,2020,0.39854473502610266,1
2020-06-17,1,0,4,2,2020,0.2762531749474296,0
2020-06-18,0,1,5,2,2020,0.3829624350497063,1
2020-06-19,1,0,4,1,2020,0.2903808648132387,0
2020-06-20,0,1,5,2,2020,0.38982195849961493,1
2020-06-21,0,0,4,1,2020,0.359356546285812,1
2020-06-22,0,0,3,1,2020,0.20323755903332338,0
2020-06-23,1,0,2,0,2020,0.2670297920586868,0
2020-06-24,1,1,3,1,2020,0.3991529170265648,1
2020-06-25,1,1,3,2,2020,0.5137642541891642,1
2020-06-26,1,1,4,3,2020,0.6182363054038902,1
2020-06-27,0,1,4,3,2020,0.4785294277542032,1
2020-06-28,0,0,4,2,2020,0.33339319375855353,0
2020-06-29,0,0,4,1,2020,0.35917337402849964,1
2020-06-30,0,0,4,0,2020,0.3069459291855965,0
2020-07-01,0,0,3,0,2020,0.22443398013563765,0
2020-07-02,0,0,2,0,2020,0.20773121183158866,0
2020-07-03,1,0,1,0,2020,0.19081999338534908,0
2020-07-04,1,1,1,1,2020,0.3651120382824405,1
2020-07-05,1,1,2,2,2020,0.4028198191354479,1
2020-07-06,0,1,3,3,2020,0.5049455229105415,1
2020-07-07,0,0,3,2,2020,0.45100620048494516,1
2020-07-08,0,0,3,1,2020,0.3436412437316834,0
2020-07-09,0,0,3,0,2020,0.26412714693838324,0
2020-07-10,0,0,3,0,2020,0.24267499347112748,0
2020-07-11,0,0,2,0,2020,0.2733840705735268,0
2020-07-12,1,0,1,0,2020,0.2358091275508256,0
2020-07-13,0,1,1,1,2020,0.4279784335161859,1
2020-07-14,0,0,1,1,2020,0.22483908282049545,0
2020-07-15,0,0,1,1,2020,0.21487340755124076,0
2020-07-16,0,0,1,0,2020,0.22064672011950093,0
2020-07-17,0,0,1,0,2020,0.24102046182479156,0
2020-07-18,0,0,1,0,2020,0.20046939924868193,0
2020-07-19,0,0,1,0,2020,0.18484465476144166,0
2020-07-20,0,0,0,0,2020,0.16112417080330307,0
2020-07-21,0,0,0,0,2020,0.21226837091879852,0
2020-07-22,0,0,0,0,2020,0.1556358562337312,0
2020-07-23,0,0,0,0,2020,0.15352523529175313,0
2020-07-24,0,0,0,0,2020,0.15563268846384123,0
2020-07-25,0,0,0,0,2020,0.1312134220530934,0
2020-07-26,0,0,0,0,2020,0.12290155712363036,0
2020-07-27,1,0,0,0,2020,0.11503853472027462,0
2020-07-28,0,1,1,1,2020,0.2714346783621914,0
2020-07-29,0,0,1,1,2020,0.18057974884601338,0
2020-07-30,0,0,1,1,2020,0.17511676499290568,0
2020-07-31,0,0,1,0,2020,0.1452779829388192,0
2020-08-01,0,0,1,0,2020,0.13223418883001603,0
2020-08-02,1,0,1,0,2020,0.144990985875544,0
2020-08-03,0,1,2,1,2020,0.3083914383535073,0
2020-08-04,0,0,1,1,2020,0.18903660594456434,0
2020-08-05,1,0,1,1,2020,0.15971173620148546,0
2020-08-06,0,1,2,1,2020,0.3230886058689854,0
2020-08-07,1,0,2,1,2020,0.2244079436761698,0
2020-08-08,0,1,3,2,2020,0.3411383715262976,0
2020-08-09,1,0,3,1,2020,0.2141917638855865,0
2020-08-10,0,1,3,2,2020,0.37219059800607485,1
2020-08-11,0,0,3,1,2020,0.2990910434966347,0
2020-08-12,0,0,3,1,2020,0.2365250600932885,0
2020-08-13,0,0,2,0,2020,0.1599323082519926,0
2020-08-14,0,0,2,0,2020,0.1766374680897585,0
2020-08-15,0,0,1,0,2020,0.17048929034816468,0
2020-08-16,0,0,1,0,2020,0.14810838204434612,0
2020-08-17,0,0,0,0,2020,0.11261233180749469,0
2020-08-18,0,0,0,0,2020,0.1922693927370576,0
2020-08-19,1,0,0,0,2020,0.15011831171194062,0
2020-08-20,1,1,1,1,2020,0.297752283013752,0
2020-08-21,0,1,2,2,2020,0.5632186648653486,1
2020-08-22,0,0,2,2,2020,0.23468577268994814,0
2020-08-23,0,0,2,1,2020,0.19594886417771154,0
2020-08-24,1,0,2,0,2020,0.20962901158600608,0
2020-08-25,1,1,3,1,2020,0.4068390086675617,1
2020-08-26,0,1,4,2,2020,0.6301444989297725,1
2020-08-27,1,0,3,2,2020,0.269032078142792,0
2020-08-28,0,1,3,2,2020,0.41015912523146786,1
2020-08-29,0,0,3,1,2020,0.29708869839644814,0
2020-08-30,0,0,3,1,2020,0.2666707553565086,0
2020-08-31,0,0,3,0,2020,0.2530674660979776,0
2020-09-01,0,0,2,0,2020,0.1928060926562199,0
2020-09-02,0,0,1,0,2020,0.17120273239831815,0
2020-09-03,1,0,1,0,2020,0.15898998311768153,0
2020-09-04,1,1,1,1,2020,0.4537948631091213,1
2020-09-05,0,1,2,2,2020,0.44665079496855137,1
2020-09-06,0,0,2,2,2020,0.2904439102295603,0
2020-09-07,0,0,2,1,2020,0.2075253170388508,0
2020-09-08,0,0,2,0,2020,0.1888810612160524,0
2020-09-09,0,0,2,0,2020,0.16713767121726997,0
2020-09-10,1,0,2,0,2020,0.1659608177265937,0
2020-09-11,0,1,2,1,2020,0.33188608858486235,0
2020-09-12,0,0,1,1,2020,0.21176489191694658,0
2020-09-13,0,0,1,1,2020,0.1824956803265267,0
2020-09-14,0,0,1,0,2020,0.1737242390037286,0
2020-09-15,0,0,1,0,2020,0.16098770272482513,0
2020-09-16,1,0,1,0,2020,0.1621047056935932,0
2020-09-17,1,1,2,1,2020,0.6183581482424575,1
2020-09-18,1,1,2,2,2020,0.6618127115385903,1
2020-09-19,1,1,3,3,2020,0.8386141954347516,1
2020-09-20,1,1,4,3,2020,0.7347574909398088,1
2020-09-21,1,1,5,3,2020,0.7480023613919897,1
2020-09-22,1,1,6,3,2020,0.8550717100696937,1
2020-09-23,0,1,7,3,2020,0.5757401927892349,1
2020-09-24,0,0,6,2,2020,0.35813320458231584,1
2020-09-25,1,0,5,1,2020,0.2438837131689034,0
2020-09-26,0,1,5,1,2020,0.4482046336575052,1
2020-09-27,0,0,4,1,2020,0.3275027041598024,0
2020-09-28,0,0,3,1,2020,0.27817153439628356,0
2020-09-29,0,0,2,0,2020,0.2517475129224317,0
2020-09-30,1,0,1,0,2020,0.17000134199997283,0
2020-10-01,1,1,2,1,2020,0.37787881717884064,1
2020-10-02,0,1,3,2,2020,0.5860807932868353,1
2020-10-03,1,0,2,2,2020,0.266193795071317,0
2020-10-04,1,0,2,1,2020,0.16619199765578796,0
2020-10-05,1,0,3,1,2020,0.28865894758937866,0
2020-10-06,0,1,5,3,2020,0.586973065813807,1
2020-10-07,1,0,5,2,2020,0.3704879649882782,1
2020-10-08,0,1,5,2,2020,0.47540417699421694,1
2020-10-09,1,0,4,1,2020,0.2900943058431086,0
2020-10-10,1,1,5,2,2020,0.4269876072301063,1
2020-10-11,0,1,5,2,2020,0.5155377707163612,1
2020-10-12,1,0,4,2,2020,0.33263666874167597,0
2020-10-13,1,1,4,2,2020,0.6089299751150077,1
2020-10-14,1,1,5,2,2020,0.8505423988692449,1
2020-10-15,1,1,5,3,2020,0.8445673086950141,1
2020-10-16,1,1,6,3,2020,0.6613399320452784,1
2020-10-17,1,1,6,3,2020,0.7836904513844954,1
2020-10-18,0,1,6,3,2020,0.7772253272327788,1
2020-10-19,0,0,6,2,2020,0.4476007318391964,1
2020-10-20,0,0,5,1,2020,0.3677625810006752,1
2020-10-21,0,0,4,0,2020,0.29599486644506284,0
2020-10-22,0,0,3,0,2020,0.25542965660598943,0
2020-10-23,1,0,2,0,2020,0.2186960913150698,0
2020-10-24,0,1,2,1,2020,0.40794308442412164,1
2020-10-25,0,0,1,1,2020,0.2160925412509051,0
2020-10-26,0,0,1,1,2020,0.17434756321963468,0
2020-10-27,0,0,1,0,2020,0.2423029361770675,0
2020-10-28,1,0,1,0,2020,0.20297735848852685,0
2020-10-29,0,1,2,1,2020,0.4537989905449423,1
2020-10-30,1,0,2,1,2020,0.25622288408998245,0
2020-10-31,0,1,2,2,2020,0.34637206262647163,0
2020-11-01,1,0,2,1,2020,0.2124431771641798,0
2020-11-02,0,1,3,2,2020,0.5365848194250606,1
2020-11-03,0,0,3,1,2020,0.23181767505049217,0
2020-11-04,0,0,3,1,2020,0.18707710603957392,0
2020-11-05,0,0,2,0,2020,0.1528013564971561,0
2020-11-06,0,0,2,0,2020,0.151109093779199,0
2020-11-07,0,0,1,0,2020,0.12686986597536618,0
2020-11-09,0,0,0,0,2020,0.10555666788433103,0
2020-11-10,0,0,0,0,2020,0.09969397101577462,0
2020-11-11,0,0,0,0,2020,0.09798035826667773,0
2020-11-12,0,0,0,0,2020,0.09185262120863391,0
2020-11-13,0,0,0,0,2020,0.08639542857814975,0
2020-11-14,0,0,0,0,2020,0.09424234587328671,0
2020-11-15,1,0,0,0,2020,0.07827132294423783,0
2020-11-16,1,1,1,1,2020,0.2294081377885231,0
2020-11-17,1,1,2,2,2020,0.5559495923527714,1
2020-11-18,0,1,3,3,2020,0.6366123305414908,1
2020-11-19,0,0,3,2,2020,0.17998335302505952,0
2020-11-20,1,0,3,1,2020,0.10449867386322476,0
2020-11-21,1,1,4,1,2020,0.30980852394822506,0
2020-11-22,0,1,5,2,2020,0.3960810668922225,1
2020-11-23,0,0,4,2,2020,0.1890124106878159,0
2020-11-24,1,0,3,1,2020,0.10510350097650498,0
2020-11-25,1,1,3,1,2020,0.23321614964377788,0
2020-11-26,1,1,4,2,2020,0.43754112407189943,1
2020-11-27,0,1,5,3,2020,0.6079548736595322,1
2020-11-28,1,0,4,2,2020,0.3012838905819823,0
2020-11-29,0,1,4,2,2020,0.47506045492300175,1
2020-11-30,0,0,4,1,2020,0.22820087576131937,0
2020-12-01,0,0,4,1,2020,0.18889761020057755,0
2020-12-02,0,0,3,0,2020,0.14039628270878984,0
2020-12-03,0,0,2,0,2020,0.1273052325382621,0
2020-12-04,0,0,1,0,2020,0.09949050217397522,0
2020-12-05,0,0,1,0,2020,0.0870807373783097,0
2020-12-06,0,0,0,0,2020,0.07658877601867506,0
2020-12-07,0,0,0,0,2020,0.08184658699661619,0
2020-12-08,0,0,0,0,2020,0.07916926928917009,0
2020-12-09,0,0,0,0,2020,0.06741204477807386,0
2020-12-10,0,0,0,0,2020,0.06193283589098098,0
2020-12-11,0,0,0,0,2020,0.07862978064558479,0
2020-12-12,0,0,0,0,2020,0.081931336368601,0
2020-12-13,1,0,0,0,2020,0.08397173900789762,0
2020-12-14,1,1,1,1,2020,0.3011971541144962,0
2020-12-15,0,1,2,2,2020,0.6162909362819954,1
2020-12-16,0,0,2,2,2020,0.1746431089075811,0
2020-12-17,0,0,2,1,2020,0.1288394022435515,0
2020-12-18,0,0,2,0,2020,0.11493134987618876,0
2020-12-19,0,0,2,0,2020,0.13534530721915194,0
2020-12-20,0,0,2,0,2020,0.13308583845961602,0
2020-12-21,0,0,1,0,2020,0.10877682019811757,0
2020-12-22,0,0,0,0,2020,0.09440920136486722,0
2020-12-23,0,0,0,0,2020,0.10051300493094731,0
2020-12-24,1,0,0,0,2020,0.09856102829961333,0
2020-12-26,0,1,1,1,2020,0.1260296649577156,0
2020-12-27,0,0,1,1,2020,0.08548397934556443,0
2020-12-28,0,0,1,0,2020,0.08996326399969494,0
2020-12-29,0,0,1,0,2020,0.08040960786448362,0
2020-12-30,0,0,1,0,2020,0.07184027419172792,0
2020-12-31,0,0,1,0,2020,0.07480398905046286,0
2021-01-01,0,0,0,0,2021,0.06661245213514201,0
2021-01-02,0,0,0,0,2021,0.06742212239783474,0
2021-01-03,0,0,0,0,2021,0.06650189557211834,0
2021-01-04,0,0,0,0,2021,0.06446600185170608,0
2021-01-05,0,0,0,0,2021,0.06506660082001262,0
2021-01-06,0,0,0,0,2021,0.06435107623094073,0
2021-01-07,0,0,0,0,2021,0.06298291021473187,0
2021-01-08,0,0,0,0,2021,0.05782987653273334,0
2021-01-09,0,0,0,0,2021,0.05710470996597638,0
2021-01-10,0,0,0,0,2021,0.05536840821474423,0
2021-01-11,0,0,0,0,2021,0.06008120156271039,0
2021-01-12,0,0,0,0,2021,0.060563479347210514,0
2021-01-13,0,0,0,0,2021,0.058015776408239766,0
2021-01-14,0,0,0,0,2021,0.049531830806317276,0
2021-01-15,0,0,0,0,2021,0.04892471621973317,0
2021-01-16,0,0,0,0,2021,0.05279531952157853,0
2021-01-17,0,0,0,0,2021,0.04736200102286615,0
2021-01-18,0,0,0,0,2021,0.04579702486419367,0
2021-01-21,0,0,0,0,2021,0.044604106645779094,0
2021-01-22,0,0,0,0,2021,0.03441405155939038,0
2021-01-23,0,0,0,0,2021,0.034038950324292175,0
2021-01-24,0,0,0,0,2021,0.03194997930189337,0
2021-02-05,0,0,0,0,2021,0.04070753928999398,0
2021-02-06,0,0,0,0,2021,0.04383647967798971,0
2021-02-07,0,0,0,0,2021,0.04323161417894219,0
2021-02-08,0,0,0,0,2021,0.04058334922563494,0
2021-02-09,0,0,0,0,2021,0.03636866733768639,0
2021-02-10,0,0,0,0,2021,0.027501076812329682,0
2021-02-11,0,0,0,0,2021,0.035007630358880035,0
2021-02-12,0,0,0,0,2021,0.030966515347527333,0
2021-02-13,0,0,0,0,2021,0.03403445928064546,0
2021-02-14,0,0,0,0,2021,0.04179147533335633,0
2021-02-15,0,0,0,0,2021,0.0339791444004704,0
2021-02-16,0,0,0,0,2021,0.033590488470550316,0
2021-02-17,0,0,0,0,2021,0.033294853630546385,0
2021-02-18,0,0,0,0,2021,0.03300480164709748,0
2021-02-19,0,0,0,0,2021,0.0295384253495442,0
2021-02-20,0,0,0,0,2021,0.03516247090456491,0
2021-02-21,0,0,0,0,2021,0.03581313108075777,0
2021-02-22,0,0,0,0,2021,0.036546214137894065,0
2021-02-23,0,0,0,0,2021,0.033317629612066184,0
2021-02-24,0,0,0,0,2021,0.03212433597954438,0
2021-02-25,0,0,0,0,2021,0.028004996747107457,0
2021-02-26,0,0,0,0,2021,0.03335939832767779,0
2021-02-27,0,0,0,0,2021,0.03056269412945801,0
2021-02-28,0,0,0,0,2021,0.03344949970089325,0
2021-03-01,0,0,0,0,2021,0.027128424454400547,0
2021-03-02,0,0,0,0,2021,0.02977064857113504,0
2021-03-03,0,0,0,0,2021,0.029543062990663393,0
2021-03-04,0,0,0,0,2021,0.029265287445475876,0
2021-03-05,0,0,0,0,2021,0.029050952946085534,0
2021-03-06,0,0,0,0,2021,0.026188983091683566,0
2021-03-07,0,0,0,0,2021,0.026777111988029755,0
2021-03-08,0,0,0,0,2021,0.02922439857392365,0
2021-03-09,0,0,0,0,2021,0.0322297609066441,0
2021-03-11,0,0,0,0,2021,0.029361587358365356,0
2021-03-12,0,0,0,0,2021,0.029389392906393086,0
2021-03-13,0,0,0,0,2021,0.026598045068313494,0
2021-03-14,0,0,0,0,2021,0.029387635850842097,0
2021-03-15,0,0,0,0,2021,0.027300770459387814,0
2021-03-16,0,0,0,0,2021,0.03087517867267445,0
2021-03-17,0,0,0,0,2021,0.03108265924375075,0
2021-03-18,0,0,0,0,2021,0.03052918427042621,0
2021-03-19,0,0,0,0,2021,0.02716755149568424,0
2021-03-20,0,0,0,0,2021,0.027317089229366452,0
2021-03-21,0,0,0,0,2021,0.03324148243010465,0
2021-03-22,0,0,0,0,2021,0.03101353162143698,0
2021-03-23,0,0,0,0,2021,0.033985637944315465,0
2021-03-24,0,0,0,0,2021,0.03876129596513965,0
2021-03-25,0,0,0,0,2021,0.04187403684448553,0
2021-03-26,0,0,0,0,2021,0.04310861327996569,0
2021-03-27,0,0,0,0,2021,0.03902228921287109,0
2021-03-28,0,0,0,0,2021,0.039806677845934314,0
2021-03-29,0,0,0,0,2021,0.048700209681924324,0
2021-03-30,0,0,0,0,2021,0.04788945736538787,0
2021-03-31,0,0,0,0,2021,0.04891217088048602,0
2021-04-01,0,0,0,0,2021,0.037837136816190366,0
2021-04-02,0,0,0,0,2021,0.030966792031123746,0
2021-04-03,0,0,0,0,2021,0.03528087138851057,0
2021-04-04,0,0,0,0,2021,0.0408317685575058,0
2021-04-05,0,0,0,0,2021,0.036083940580798016,0
2021-04-06,1,0,0,0,2021,0.036301855898313744,0
2021-04-07,0,1,1,1,2021,0.13970779921024926,0
2021-04-08,0,0,1,1,2021,0.09206115173018903,0
2021-04-09,0,0,1,1,2021,0.07234626860017701,0
2021-04-10,0,0,1,0,2021,0.08350012963961867,0
2021-04-11,0,0,1,0,2021,0.07927678523821517,0
2021-04-12,0,0,1,0,2021,0.07522611997732483,0
2021-04-13,0,0,1,0,2021,0.08227255750858946,0
2021-04-14,0,0,0,0,2021,0.07325909257995951,0
2021-04-15,0,0,0,0,2021,0.06533402585423034,0
2021-04-16,0,0,0,0,2021,0.07439465528063872,0
2021-04-17,0,0,0,0,2021,0.06813896360680194,0
2021-04-18,0,0,0,0,2021,0.06876534997365716,0
2021-04-19,0,0,0,0,2021,0.0630811951089727,0
2021-04-20,0,0,0,0,2021,0.09806740660093448,0
2021-04-21,0,0,0,0,2021,0.10345727493433542,0
2021-04-22,0,0,0,0,2021,0.08576375856637028,0
2021-04-23,0,0,0,0,2021,0.06680572078538823,0
2021-04-24,0,0,0,0,2021,0.07880989592054066,0
2021-04-25,0,0,0,0,2021,0.08727253066997023,0
2021-04-26,0,0,0,0,2021,0.07231019373250994,0
2021-04-27,0,0,0,0,2021,0.07744777577214562,0
2021-04-28,0,0,0,0,2021,0.0891582258712527,0
2021-04-29,0,0,0,0,2021,0.08825320587935681,0
2021-04-30,0,0,0,0,2021,0.07517812040131973,0
2021-05-01,0,0,0,0,2021,0.06447030368405107,0
2021-05-02,0,0,0,0,2021,0.05717094174470461,0
2021-05-03,0,0,0,0,2021,0.04700093619970567,0
2021-05-04,1,0,0,0,2021,0.04713203006292255,0
2021-05-05,0,1,1,1,2021,0.1862747857393638,0
2021-05-06,0,0,1,1,2021,0.12210167002429237,0
2021-05-07,0,0,1,1,2021,0.10240566420025385,0
2021-05-08,0,0,1,0,2021,0.08168668810588366,0
2021-05-09,0,0,1,0,2021,0.08990484060897361,0
2021-05-10,0,0,1,0,2021,0.1209468981350423,0
2021-05-11,0,0,1,0,2021,0.09585121370308303,0
2021-05-12,0,0,0,0,2021,0.09454260754048942,0
2021-05-13,0,0,0,0,2021,0.06635148659255084,0
2021-05-14,0,0,0,0,2021,0.06614586476642964,0
2021-05-15,0,0,0,0,2021,0.06628871696761454,0
2021-05-16,1,0,0,0,2021,0.09054434148752527,0
2021-05-17,1,1,1,1,2021,0.17632933014786692,0
2021-05-18,0,1,2,2,2021,0.3428883262398716,0
2021-05-19,1,0,2,2,2021,0.14005922462480427,0
2021-05-20,0,1,3,2,2021,0.26229987067891103,0
2021-05-21,0,0,3,1,2021,0.1888829820085352,0
2021-05-22,0,0,3,1,2021,0.16865661459474166,0
2021-05-23,0,0,3,0,2021,0.15345374905317108,0
2021-05-24,0,0,2,0,2021,0.14008920177222003,0
2021-05-25,0,0,1,0,2021,0.10869599683996559,0
2021-05-26,0,0,1,0,2021,0.12879744007995667,0
2021-05-27,1,0,0,0,2021,0.11820697794232639,0
2021-05-28,0,1,1,1,2021,0.2262463378665073,0
2021-05-29,0,0,1,1,2021,0.18279477547312117,0
2021-05-30,0,0,1,1,2021,0.13794872061024882,0
2021-05-31,0,0,1,0,2021,0.1314402483830611,0
2021-06-01,0,0,1,0,2021,0.11631500550897916,0
2021-06-02,1,0,1,0,2021,0.1162614846442221,0
2021-06-03,1,1,2,1,2021,0.2667706612708508,0
2021-06-04,1,1,2,2,2021,0.3797671079362973,1
2021-06-05,0,1,3,3,2021,0.41580404272543775,1
2021-06-06,0,0,3,2,2021,0.20393330887499853,0
2021-06-07,0,0,3,1,2021,0.17597641362244063,0
2021-06-08,0,0,3,0,2021,0.16203299844012653,0
2021-06-09,1,0,3,0,2021,0.17352911676062238,0
2021-06-10,1,1,3,1,2021,0.3447067145672641,0
2021-06-11,0,1,3,2,2021,0.4111446508843481,1
2021-06-12,0,0,2,2,2021,0.24703049110969874,0
2021-06-13,0,0,2,1,2021,0.22898369586608963,0
2021-06-14,0,0,2,0,2021,0.20575168079994322,0
2021-06-15,0,0,2,0,2021,0.20852336094626778,0
2021-06-16,0,0,2,0,2021,0.17637243660546367,0
2021-06-17,1,0,1,0,2021,0.1396920320083083,0
2021-06-18,1,1,1,1,2021,0.2946361396546832,0
2021-06-19,0,1,2,2,2021,0.3675733952906554,1
2021-06-20,1,0,2,2,2021,0.23827427982334176,0
2021-06-21,0,1,3,2,2021,0.3119372862061637,0
2021-06-22,1,0,3,1,2021,0.21895478674709262,0
2021-06-23,0,1,4,2,2021,0.3999748233607019,1
2021-06-24,0,0,4,1,2021,0.38962389720647883,1
2021-06-25,0,0,3,1,2021,0.3368826748322504,0
2021-06-26,0,0,2,0,2021,0.24959163643298815,0
2021-06-27,0,0,2,0,2021,0.23647023596208028,0
2021-06-28,0,0,1,0,2021,0.19972942687582632,0
2021-06-29,0,0,1,0,2021,0.18482389682626246,0
2021-06-30,0,0,0,0,2021,0.15254994457520893,0
2021-07-01,0,0,0,0,2021,0.17256890157797763,0
2021-07-02,0,0,0,0,2021,0.149111859287122,0
2021-07-03,0,0,0,0,2021,0.12041718642010832,0
2021-07-04,1,0,0,0,2021,0.10083888615932256,0
2021-07-05,0,1,1,1,2021,0.26296870023911983,0
2021-07-06,1,0,1,1,2021,0.18995402949326787,0
2021-07-07,1,1,2,2,2021,0.384977327157281,1
2021-07-08,0,1,3,2,2021,0.4597760921105121,1
2021-07-09,0,0,3,2,2021,0.24884648034930268,0
2021-07-10,0,0,3,1,2021,0.20360915009218325,0
2021-07-11,0,0,3,0,2021,0.18208739982674446,0
2021-07-12,0,0,2,0,2021,0.18598209118105158,0
2021-07-13,0,0,2,0,2021,0.1942771773136535,0
2021-07-14,1,0,1,0,2021,0.1550345654292366,0
2021-07-15,1,1,1,1,2021,0.2566724280072531,0
2021-07-16,1,1,2,2,2021,0.4152191597974255,1
2021-07-17,1,1,3,3,2021,0.4530382966871548,1
2021-07-18,0,1,4,3,2021,0.47422135474652777,1
2021-07-19,1,0,4,2,2021,0.33559380107675596,0
2021-07-20,1,1,5,2,2021,0.600366630627217,1
2021-07-21,1,1,6,2,2021,0.6095030583905422,1
2021-07-22,0,1,6,3,2021,0.7125981490628875,1
2021-07-23,0,0,5,2,2021,0.3623259687120845,1
2021-07-24,1,0,4,1,2021,0.2877445281193234,0
2021-07-25,1,1,4,1,2021,0.4037311021992791,1
2021-07-26,0,1,5,2,2021,0.5464745863142854,1
2021-07-27,1,0,4,2,2021,0.3440914750031831,0
2021-07-28,1,1,4,2,2021,0.4968428865198683,1
2021-07-29,1,1,4,2,2021,0.5693748060196953,1
2021-07-30,0,1,5,3,2021,0.6700151490347236,1
2021-07-31,0,0,5,2,2021,0.4484748027829922,1
2021-08-01,0,0,4,1,2021,0.3046721175345031,0
2021-08-02,0,0,3,0,2021,0.2642950510617001,0
2021-08-03,0,0,3,0,2021,0.27768151203653396,0
2021-08-04,0,0,2,0,2021,0.22444859267568854,0
2021-08-05,0,0,1,0,2021,0.25132916248533915,0
2021-08-06,0,0,0,0,2021,0.22182627557173384,0
2021-08-07,0,0,0,0,2021,0.25048073444054386,0
2021-08-08,0,0,0,0,2021,0.22059890964143306,0
2021-08-09,0,0,0,0,2021,0.2334283003473503,0
2021-08-10,0,0,0,0,2021,0.24976736087886667,0
2021-08-11,0,0,0,0,2021,0.23099990023175163,0
2021-08-12,0,0,0,0,2021,0.22349157748472792,0
2021-08-13,0,0,0,0,2021,0.25226476088174654,0
2021-08-14,0,0,0,0,2021,0.22395236340527266,0
2021-08-15,0,0,0,0,2021,0.2008212265093265,0
2021-08-16,0,0,0,0,2021,0.26983852513864276,0
2021-08-17,0,0,0,0,2021,0.2147886943310716,0
2021-08-18,1,0,0,0,2021,0.25291423330674173,0
2021-08-19,1,1,1,1,2021,0.44905101435061573,1
2021-08-20,1,1,2,2,2021,0.4892186079713065,1
2021-08-21,1,1,3,3,2021,0.5564348040144846,1
2021-08-22,0,1,4,3,2021,0.6951402303938538,1
2021-08-23,1,0,4,2,2021,0.3255121008003291,0
2021-08-24,1,1,5,2,2021,0.4879769497418332,1
2021-08-25,1,1,6,2,2021,0.7929733566347723,1
2021-08-26,1,1,6,3,2021,0.7129868883527248,1
2021-08-27,1,1,6,3,2021,0.5947164375077763,1
2021-08-28,0,1,6,3,2021,0.6871508094585325,1
2021-08-29,1,0,5,2,2021,0.3986462635452625,1
2021-08-30,1,1,6,2,2021,0.5088885001086038,1
2021-08-31,1,1,6,2,2021,0.8642639779904789,1
2021-09-01,1,1,6,3,2021,0.7929356612622185,1
2021-09-02,1,1,6,3,2021,0.8489217846609481,1
2021-09-03,0,1,6,3,2021,0.6993876703893478,1
2021-09-04,1,0,5,2,2021,0.4482345147601688,1
2021-09-05,0,1,6,2,2021,0.5543838139638607,1
2021-09-06,0,0,5,1,2021,0.4449219162932149,1
2021-09-07,0,0,4,1,2021,0.4207900129090916,1
2021-09-08,0,0,3,0,2021,0.37154437397281237,1
2021-09-09,1,0,2,0,2021,0.3616310645816377,1
2021-09-10,0,1,2,1,2021,0.5683229940713008,1
2021-09-11,0,0,2,1,2021,0.3923062237183854,1
2021-09-12,0,0,1,1,2021,0.24526871276712653,0
2021-09-13,0,0,1,0,2021,0.2157959932715001,0
2021-09-14,0,0,1,0,2021,0.21327943943712305,0
2021-09-15,0,0,1,0,2021,0.2110770545475649,0
2021-09-16,0,0,1,0,2021,0.20978515712885204,0
2021-09-17,0,0,0,0,2021,0.20576256482772484,0
2021-09-18,0,0,0,0,2021,0.16476994071555429,0
2021-09-19,0,0,0,0,2021,0.1839880616958758,0
2021-09-20,0,0,0,0,2021,0.18649203652495977,0
2021-09-21,0,0,0,0,2021,0.16166170488159645,0
2021-09-22,0,0,0,0,2021,0.16007453393330018,0
2021-09-23,0,0,0,0,2021,0.1525975588637648,0
2021-09-24,0,0,0,0,2021,0.12378859417678566,0
2021-09-25,0,0,0,0,2021,0.11933315431223289,0
2021-09-26,0,0,0,0,2021,0.11905637123475371,0
2021-09-27,0,0,0,0,2021,0.10365475674083352,0
2021-09-28,1,0,0,0,2021,0.12305539390379461,0
2021-09-29,0,1,1,1,2021,0.31297673462256054,0
2021-09-30,0,0,1,1,2021,0.28319324421361575,0
2021-10-01,0,0,1,1,2021,0.15307147524406456,0
2021-10-02,0,0,1,0,2021,0.18201215223526981,0
2021-10-03,0,0,1,0,2021,0.09183389940782825,0
2021-10-04,0,0,1,0,2021,0.10850048563383627,0
2021-10-05,0,0,1,0,2021,0.11771583090949489,0
2021-10-06,0,0,0,0,2021,0.12446479302547918,0
2021-10-07,0,0,0,0,2021,0.17304735874099572,0
2021-10-08,0,0,0,0,2021,0.12109956113567859,0
2021-10-09,0,0,0,0,2021,0.09069131622052065,0
2021-10-10,0,0,0,0,2021,0.0917965605808601,0
2021-10-11,0,0,0,0,2021,0.12472230547768273,0
2021-10-13,0,0,0,0,2021,0.08766974741938212,0
2021-10-14,0,0,0,0,2021,0.08143864442934276,0
2021-10-15,0,0,0,0,2021,0.07292270848587054,0
2021-10-16,0,0,0,0,2021,0.0720685279450487,0
2021-10-17,0,0,0,0,2021,0.07754194679738163,0
2021-10-18,0,0,0,0,2021,0.07755415086544558,0
2021-10-19,0,0,0,0,2021,0.07826134141208355,0
2021-10-20,0,0,0,0,2021,0.06862435547852874,0
2021-10-21,0,0,0,0,2021,0.06609377000556695,0
2021-10-22,0,0,0,0,2021,0.0977961357638722,0
2021-10-23,0,0,0,0,2021,0.07033709377414528,0
2021-10-24,0,0,0,0,2021,0.06891518115881212,0
2021-10-25,0,0,0,0,2021,0.06795010209821432,0
2021-10-27,0,0,0,0,2021,0.07115246008920834,0
2021-10-28,0,0,0,0,2021,0.06627249741455007,0
2021-10-29,0,0,0,0,2021,0.06212965668729275,0
2021-10-30,0,0,0,0,2021,0.05949721213788773,0
2021-10-31,0,0,0,0,2021,0.058204844575084326,0
2021-11-01,0,0,0,0,2021,0.051903930666960245,0
2021-11-02,0,0,0,0,2021,0.056148343066480116,0
2021-11-03,0,0,0,0,2021,0.05537156372557136,0
2021-11-04,0,0,0,0,2021,0.05441461379792372,0
2021-11-05,0,0,0,0,2021,0.06388989381272617,0
2021-11-06,0,0,0,0,2021,0.06135982083480228,0
2021-11-07,0,0,0,0,2021,0.06922222464922868,0
2021-11-08,0,0,0,0,2021,0.06989006898036171,0
2021-11-09,0,0,0,0,2021,0.0610415458146951,0
2021-11-10,0,0,0,0,2021,0.057326207859214474,0
2021-11-11,0,0,0,0,2021,0.05681519688283541,0
2021-11-12,0,0,0,0,2021,0.05522704108587075,0
2021-11-13,0,0,0,0,2021,0.0755190098297561,0
2021-11-14,1,0,0,0,2021,0.06494956914585875,0
2021-11-15,1,1,1,1,2021,0.1748266884099213,0
2021-11-16,0,1,2,2,2021,0.2675100313698917,0
2021-11-17,0,0,2,2,2021,0.15018236160120305,0
2021-11-18,0,0,2,1,2021,0.13009500399672344,0
2021-11-19,0,0,2,0,2021,0.11629626779229965,0
2021-11-20,0,0,2,0,2021,0.15894375608151326,0
2021-11-21,1,0,2,0,2021,0.12304543582183902,0
2021-11-22,0,1,2,1,2021,0.1940334690797875,0
2021-11-23,1,0,1,1,2021,0.11703962470181095,0
2021-11-24,0,1,2,2,2021,0.19719214009822525,0
2021-11-26,0,0,2,1,2021,0.0878847937609972,0
2021-11-27,0,0,2,0,2021,0.0921033713934013,0
2021-11-28,0,0,2,0,2021,0.08731330776125501,0
2021-11-29,0,0,1,0,2021,0.07994699417492815,0
2021-11-30,0,0,1,0,2021,0.09268879326170099,0
2021-12-01,0,0,0,0,2021,0.06167473028464405,0
2021-12-02,0,0,0,0,2021,0.05861130669924927,0
2021-12-03,0,0,0,0,2021,0.05100279579298346,0
2021-12-04,0,0,0,0,2021,0.057490377830494585,0
2021-12-05,0,0,0,0,2021,0.05685459416342792,0
2021-12-06,0,0,0,0,2021,0.06934285046569492,0
2021-12-07,0,0,0,0,2021,0.06658428163786836,0
2021-12-08,0,0,0,0,2021,0.06404916662475575,0
2021-12-09,0,0,0,0,2021,0.06354934009590874,0
2021-12-10,0,0,0,0,2021,0.06266280180853984,0
2021-12-11,0,0,0,0,2021,0.06720161737969844,0
2021-12-12,0,0,0,0,2021,0.06689932820478156,0
2021-12-13,0,0,0,0,2021,0.0676485941905315,0
2021-12-16,0,0,0,0,2021,0.06050893593808724,0
2021-12-17,0,0,0,0,2021,0.059928344069331695,0
2021-12-18,0,0,0,0,2021,0.05950640858995813,0
2021-12-19,0,0,0,0,2021,0.05382557977921238,0
2021-12-20,0,0,0,0,2021,0.05217016534441381,0
2021-12-21,0,0,0,0,2021,0.05058456797337708,0
2021-12-22,0,0,0,0,2021,0.047639940205295675,0
2021-12-23,0,0,0,0,2021,0.04708125195553089,0
2021-12-26,0,0,0,0,2021,0.04332916639282787,0
2021-12-27,0,0,0,0,2021,0.04279517856286966,0
2021-12-28,0,0,0,0,2021,0.038574157221546994,0
2021-12-29,0,0,0,0,2021,0.04228665348088149,0
2022-01-01,0,0,0,0,2022,0.0385812240962502,0
2022-01-02,0,0,0,0,2022,0.038295789725762454,0
2022-01-04,0,0,0,0,2022,0.040230867241279535,0
2022-01-05,0,0,0,0,2022,0.04259097558617085,0
2022-01-06,0,0,0,0,2022,0.043235500373057935,0
2022-01-07,0,0,0,0,2022,0.03968923644316861,0
2022-01-08,0,0,0,0,2022,0.03744811650329878,0
2022-01-09,0,0,0,0,2022,0.035164540673243865,0
2022-01-10,0,0,0,0,2022,0.03479807258840029,0
2022-01-11,0,0,0,0,2022,0.03444352446608572,0
2022-01-12,0,0,0,0,2022,0.03401370635964064,0
2022-01-13,0,0,0,0,2022,0.03359081059354765,0
2022-01-14,0,0,0,0,2022,0.03323004459685241,0
2022-01-15,0,0,0,0,2022,0.032811353954181846,0
2022-01-16,0,0,0,0,2022,0.03245438546840009,0
2022-01-17,0,0,0,0,2022,0.03212943004917858,0
2022-01-18,0,0,0,0,2022,0.031730065278863455,0
2022-01-20,0,0,0,0,2022,0.031264358892279735,0
2022-01-21,0,0,0,0,2022,0.03098091179629932,0
2022-01-22,0,0,0,0,2022,0.02993101008273118,0
2022-01-23,0,0,0,0,2022,0.03111839329644184,0
2022-01-24,0,0,0,0,2022,0.03452950487634876,0
2022-01-25,0,0,0,0,2022,0.0342705047574565,0
2022-01-26,0,0,0,0,2022,0.03402442408170768,0
2022-01-27,0,0,0,0,2022,0.030980567608175875,0
2022-01-28,0,0,0,0,2022,0.032489377062823455,0
2022-01-29,0,0,0,0,2022,0.032055220259863806,0
2022-01-30,0,0,0,0,2022,0.03258262580272233,0
2022-01-31,0,0,0,0,2022,0.032316409517041574,0
2022-02-01,0,0,0,0,2022,0.03206231964293837,0
2022-02-02,0,0,0,0,2022,0.0341583690772492,0
2022-02-03,0,0,0,0,2022,0.03306678409437992,0
2022-02-04,0,0,0,0,2022,0.03171198426740848,0
2022-02-05,0,0,0,0,2022,0.03139997713314227,0
2022-02-06,0,0,0,0,2022,0.03270273640040431,0
2022-02-07,0,0,0,0,2022,0.03659260148701007,0
2022-02-09,0,0,0,0,2022,0.03443515522718434,0
2022-02-10,0,0,0,0,2022,0.034228023868189794,0
2022-02-11,0,0,0,0,2022,0.031187119670365176,0
2022-02-12,0,0,0,0,2022,0.023999043597077812,0
2022-02-13,0,0,0,0,2022,0.027575519521649827,0
2022-02-14,0,0,0,0,2022,0.024029260360404554,0
2022-02-15,0,0,0,0,2022,0.02287929588103041,0
2022-02-16,0,0,0,0,2022,0.025564710404091667,0
2022-02-17,0,0,0,0,2022,0.025562950552516943,0
2022-02-18,0,0,0,0,2022,0.025563639105569518,0
2022-02-19,0,0,0,0,2022,0.02548286684293769,0
2022-02-20,0,0,0,0,2022,0.023860094824179893,0
2022-02-21,0,0,0,0,2022,0.024245510205286307,0
2022-02-22,0,0,0,0,2022,0.024258352772672475,0
2022-02-23,0,0,0,0,2022,0.02549368415641843,0
2022-02-24,0,0,0,0,2022,0.025514069555842758,0
2022-02-25,0,0,0,0,2022,0.025491301753894864,0
2022-02-26,0,0,0,0,2022,0.025512730561768962,0
2022-02-27,0,0,0,0,2022,0.02786726734632657,0
2022-02-28,0,0,0,0,2022,0.02806648045409108,0
2022-03-01,0,0,0,0,2022,0.03312975189770466,0
2022-03-02,0,0,0,0,2022,0.034161058052122724,0
2022-03-03,0,0,0,0,2022,0.0342007152786749,0
2022-03-04,0,0,0,0,2022,0.03677700456251766,0
2022-03-05,0,0,0,0,2022,0.030257225578544048,0
2022-03-06,0,0,0,0,2022,0.028695298768551057,0
2022-03-07,0,0,0,0,2022,0.025919782664748675,0
2022-03-08,0,0,0,0,2022,0.02600567526189655,0
2022-03-09,0,0,0,0,2022,0.026134956491010535,0
2022-03-10,0,0,0,0,2022,0.02626870309127111,0
2022-03-11,0,0,0,0,2022,0.02640300769167386,0
2022-03-12,0,0,0,0,2022,0.02645427001656923,0
2022-03-13,0,0,0,0,2022,0.026463084989212095,0
2022-03-14,0,0,0,0,2022,0.028935242250724087,0
2022-03-15,0,0,0,0,2022,0.03825744563781723,0
2022-03-16,0,0,0,0,2022,0.03819738244235156,0
2022-03-17,0,0,0,0,2022,0.03368145349645157,0
2022-03-18,0,0,0,0,2022,0.02939454214733579,0
2022-03-19,0,0,0,0,2022,0.035630486473965856,0
2022-03-20,0,0,0,0,2022,0.028365299961332194,0
2022-03-21,0,0,0,0,2022,0.030865810937587883,0
2022-03-22,0,0,0,0,2022,0.035866612067760595,0
2022-03-23,0,0,0,0,2022,0.032061489304455196,0
2022-03-24,0,0,0,0,2022,0.05149695298141684,0
2022-03-25,0,0,0,0,2022,0.04033961037967556,0
2022-03-26,0,0,0,0,2022,0.04414496239170889,0
2022-03-27,0,0,0,0,2022,0.04397856976973545,0
2022-03-29,0,0,0,0,2022,0.04111009956652521,0
2022-03-30,0,0,0,0,2022,0.04136067736156767,0
2022-03-31,0,0,0,0,2022,0.04168204633106867,0
2022-04-01,0,0,0,0,2022,0.04180517177725794,0
2022-04-02,0,0,0,0,2022,0.03789512484245453,0
2022-04-03,0,0,0,0,2022,0.03307346900732007,0
2022-04-04,0,0,0,0,2022,0.031463956420979565,0
2022-04-05,0,0,0,0,2022,0.02821452304013272,0
2022-04-06,0,0,0,0,2022,0.028825373135248675,0
2022-04-07,0,0,0,0,2022,0.031200561254785184,0
2022-04-08,0,0,0,0,2022,0.029549405922587518,0
2022-04-09,0,0,0,0,2022,0.02923727931196255,0
2022-04-10,0,0,0,0,2022,0.03379559014623914,0
2022-04-11,0,0,0,0,2022,0.029768745635903652,0
2022-04-13,0,0,0,0,2022,0.03598479386629879,0
2022-04-14,0,0,0,0,2022,0.03610764097121229,0
2022-04-15,0,0,0,0,2022,0.03255843667118938,0
2022-04-16,0,0,0,0,2022,0.03811744900375376,0
2022-04-17,0,0,0,0,2022,0.044942833468732464,0
2022-04-18,0,0,0,0,2022,0.0511345031526824,0
2022-04-19,0,0,0,0,2022,0.051356903212635946,0
2022-04-20,0,0,0,0,2022,0.051320526701619004,0
2022-04-21,0,0,0,0,2022,0.03706718606278377,0
2022-04-22,0,0,0,0,2022,0.043488615965510596,0
2022-04-23,0,0,0,0,2022,0.03764209232881949,0
2022-04-24,0,0,0,0,2022,0.03931256535303563,0
2022-04-25,0,0,0,0,2022,0.0353599619340488,0
2022-04-26,0,0,0,0,2022,0.03881205981585077,0
2022-04-27,0,0,0,0,2022,0.03572717870811938,0
2022-04-28,0,0,0,0,2022,0.03607242952404383,0
2022-04-29,0,0,0,0,2022,0.03537273452329649,0
2022-04-30,0,0,0,0,2022,0.03562203102611107,0
2022-05-01,0,0,0,0,2022,0.03591942407300628,0
2022-05-02,0,0,0,0,2022,0.0537053994683946,0
2022-05-03,0,0,0,0,2022,0.04203153667321069,0
2022-05-04,0,0,0,0,2022,0.038281618173454206,0
2022-05-05,0,0,0,0,2022,0.03748132334379022,0
2022-05-06,0,0,0,0,2022,0.035654263175585114,0
2022-05-07,0,0,0,0,2022,0.03805939737081007,0
2022-05-08,0,0,0,0,2022,0.03427938226725196,0
2022-05-09,0,0,0,0,2022,0.043494035783622285,0
2022-05-10,0,0,0,0,2022,0.04528489064977677,0
2022-05-11,0,0,0,0,2022,0.04175406156047891,0
2022-05-12,0,0,0,0,2022,0.03999798257158578,0
2022-05-13,0,0,0,0,2022,0.03915870303945436,0
2022-05-14,0,0,0,0,2022,0.03935462000760979,0
2022-05-15,0,0,0,0,2022,0.0397217406651928,0
2022-05-16,0,0,0,0,2022,0.03998083791818341,0
2022-05-17,0,0,0,0,2022,0.04386536583456946,0
2022-05-18,1,0,0,0,2022,0.05985169621394696,0
2022-05-19,1,1,1,1,2022,0.21445475824013047,0
2022-05-20,0,1,2,2,2022,0.38698425750692644,1
2022-05-21,0,0,2,2,2022,0.16373619419475094,0
2022-05-22,1,0,2,1,2022,0.14709122218840856,0
2022-05-23,1,1,3,1,2022,0.2613842464260142,0
2022-05-24,0,1,4,2,2022,0.3764724751205496,1
2022-05-25,0,0,4,2,2022,0.256913194297021,0
2022-05-26,0,0,3,1,2022,0.16796879269851056,0
2022-05-27,1,0,2,0,2022,0.1322869831959111,0
2022-05-28,1,1,3,1,2022,0.2793579584023958,0
2022-05-29,1,1,4,2,2022,0.36997865440290817,1
2022-05-30,0,1,4,3,2022,0.3999836733964585,1
2022-05-31,0,0,3,2,2022,0.25259964569964105,0
2022-06-01,0,0,3,1,2022,0.191765539590523,0
2022-06-02,0,0,3,0,2022,0.1590843176717932,0
2022-06-03,0,0,3,0,2022,0.17437644577854128,0
2022-06-04,0,0,2,0,2022,0.15367282608381058,0
2022-06-05,0,0,1,0,2022,0.1321367177064184,0
2022-06-06,1,0,0,0,2022,0.11964228310649748,0
2022-06-07,0,1,1,1,2022,0.2583679955314922,0
2022-06-08,1,0,1,1,2022,0.20205471141038564,0
2022-06-09,1,1,2,2,2022,0.3730085767315129,1
2022-06-10,0,1,3,2,2022,0.4111151716300924,1
2022-06-11,0,0,3,2,2022,0.251793581263935,0
2022-06-12,0,0,3,1,2022,0.20658601754275668,0
2022-06-13,0,0,3,0,2022,0.19813902053090923,0
2022-06-14,0,0,2,0,2022,0.17414164154666187,0
2022-06-15,0,0,2,0,2022,0.186926700068399,0
2022-06-16,1,0,1,0,2022,0.17881986911463987,0
2022-06-17,0,0,0,0,2022,0.16762277939854217,0
2022-06-18,0,0,1,1,2022,0.33318218705559494,0
2022-06-19,1,0,1,1,2022,0.26764974881198417,0
2022-06-20,1,0,1,0,2022,0.17394417653569372,0
2022-06-21,0,1,3,2,2022,0.44753882866499656,1
2022-06-22,0,0,3,2,2022,0.27281110176415035,0
2022-06-23,1,0,3,1,2022,0.19375963081796754,0
2022-06-24,1,0,2,0,2022,0.177314856096948,0
2022-06-25,0,1,4,2,2022,0.5072097705146641,1
2022-06-26,0,0,4,2,2022,0.29118112868726165,0
2022-06-27,0,0,3,1,2022,0.24107251706605878,0
2022-06-28,0,0,2,0,2022,0.2183779461313122,0
2022-06-29,0,0,2,0,2022,0.23859717999586064,0
2022-06-30,0,0,2,0,2022,0.17875043478293817,0
2022-07-01,0,0,1,0,2022,0.20130205554768457,0
2022-07-02,0,0,0,0,2022,0.1582381518583664,0
2022-07-03,0,0,0,0,2022,0.17872543979768926,0
2022-07-04,0,0,0,0,2022,0.14618236333015666,0
2022-07-05,0,0,0,0,2022,0.16671925921690742,0
2022-07-06,1,0,0,0,2022,0.16213028261068094,0
2022-07-07,1,1,1,1,2022,0.2810994832111941,0
2022-07-08,0,1,2,2,2022,0.4044118249496536,1
2022-07-09,1,0,2,2,2022,0.24624222334644708,0
2022-07-10,0,0,2,1,2022,0.18376897021842967,0
2022-07-11,0,0,3,1,2022,0.26161428831564126,0
2022-07-12,0,0,3,1,2022,0.2950662769494368,0
2022-07-13,1,0,3,0,2022,0.26707949852448504,0
2022-07-14,1,1,3,1,2022,0.4751184823875456,1
2022-07-15,1,1,3,2,2022,0.5613324927266019,1
2022-07-16,0,1,4,3,2022,0.5828860439956963,1
2022-07-17,0,0,3,2,2022,0.36278813438940966,1
2022-07-18,0,0,3,1,2022,0.33440672616739536,0
2022-07-19,0,0,3,0,2022,0.2872697358745781,0
2022-07-20,1,0,3,0,2022,0.26494697409434165,0
2022-07-21,0,1,3,1,2022,0.46558685674759537,1
2022-07-22,0,0,2,1,2022,0.29675763172905556,0
2022-07-23,0,0,1,1,2022,0.2371248578908987,0
2022-07-24,0,0,1,0,2022,0.24256764003603531,0
2022-07-25,0,0,1,0,2022,0.2203388181615618,0
2022-07-26,0,0,1,0,2022,0.179073313603051,0
2022-07-27,0,0,1,0,2022,0.17384274557354248,0
2022-07-28,0,0,0,0,2022,0.18331970257434568,0
2022-07-29,0,0,0,0,2022,0.15787784401180224,0
2022-07-30,0,0,0,0,2022,0.15624027269005303,0
2022-07-31,0,0,0,0,2022,0.14561430046889567,0
2022-08-01,0,0,0,0,2022,0.14396261192517087,0
2022-08-02,0,0,0,0,2022,0.14302949028243453,0
2022-08-03,1,0,0,0,2022,0.14173467667834905,0
2022-08-04,0,1,1,1,2022,0.30973945100415057,0
2022-08-05,1,0,1,1,2022,0.20479046811544685,0
2022-08-06,0,1,2,2,2022,0.34528780686599697,0
2022-08-07,0,0,2,1,2022,0.26408020644190033,0
2022-08-08,0,0,2,1,2022,0.25489651548757125,0
2022-08-09,0,0,2,0,2022,0.2785785163661492,0
2022-08-10,0,0,2,0,2022,0.26403800797321647,0
2022-08-11,0,0,1,0,2022,0.17628681710365657,0
2022-08-12,0,0,1,0,2022,0.20447642957678436,0
2022-08-13,0,0,0,0,2022,0.14282530508160493,0
2022-08-14,0,0,0,0,2022,0.17472609996319952,0
2022-08-15,0,0,0,0,2022,0.14540220066152815,0
2022-08-16,0,0,0,0,2022,0.16663701383505714,0
2022-08-17,1,0,0,0,2022,0.11136304897140088,0
2022-08-18,1,1,1,1,2022,0.3790089729566229,1
2022-08-19,1,1,2,2,2022,0.49983668981208723,1
2022-08-20,0,1,3,3,2022,0.4267522168621243,1
2022-08-21,0,0,3,2,2022,0.3117945087694919,0
2022-08-22,0,0,3,1,2022,0.26748278202359593,0
2022-08-23,0,0,3,0,2022,0.2233499540212237,0
2022-08-24,0,0,3,0,2022,0.2111456300770971,0
2022-08-25,1,0,2,0,2022,0.19363448584296222,0
2022-08-26,0,1,2,1,2022,0.3720586298521427,1
2022-08-27,0,1,1,1,2022,0.26492639570051524,0
2022-08-28,0,0,1,1,2022,0.1839167417533729,0
2022-08-29,1,0,1,0,2022,0.14439289038107256,0
2022-08-30,0,1,2,1,2022,0.3725681871510975,1
2022-08-31,1,0,2,1,2022,0.22485828810594558,0
2022-09-01,1,1,3,2,2022,0.43311623972043906,1
2022-09-02,1,1,3,2,2022,0.5504505688090159,1
2022-09-03,0,1,4,3,2022,0.45349905040447774,1
2022-09-04,1,0,4,2,2022,0.3624720634249684,1
2022-09-05,0,1,5,2,2022,0.4751921219959485,1
2022-09-06,1,0,4,1,2022,0.40163442130701843,1
2022-09-07,1,1,5,2,2022,0.6632440561065388,1
2022-09-08,0,1,5,2,2022,0.6319709291530733,1
2022-09-09,0,0,4,2,2022,0.3295191466908581,0
2022-09-10,0,0,3,1,2022,0.26092045879758763,0
2022-09-11,0,0,3,0,2022,0.19450642013343125,0
2022-09-12,0,0,2,0,2022,0.21020828839499964,0
2022-09-13,0,0,2,0,2022,0.25038746940948137,0
2022-09-14,0,0,1,0,2022,0.18516173609137854,0
2022-09-15,0,0,0,0,2022,0.20562033401702454,0
2022-09-16,0,0,0,0,2022,0.2037890223773932,0
2022-09-17,0,0,0,0,2022,0.16276686554855407,0
2022-09-18,0,0,0,0,2022,0.14606162341237536,0
2022-09-19,1,0,0,0,2022,0.14151963944342003,0
2022-09-20,0,1,1,1,2022,0.31597710872067397,0
2022-09-21,1,0,1,1,2022,0.20786027054655706,0
2022-09-22,1,1,2,2,2022,0.5126393141002906,1
2022-09-23,0,1,3,2,2022,0.7232649293928511,1
2022-09-24,0,0,3,2,2022,0.2757884588627179,0
2022-09-25,1,0,3,1,2022,0.22517434137737924,0
2022-09-26,0,1,4,1,2022,0.4608027295944522,1
2022-09-27,0,0,3,1,2022,0.2572809562928774,0
2022-09-28,1,0,3,1,2022,0.20977304828514365,0
2022-09-29,1,1,3,1,2022,0.6307890207218813,1
2022-09-30,1,1,3,2,2022,0.7256144427187401,1
2022-10-01,1,1,4,3,2022,0.7106682448895943,1
2022-10-02,0,1,5,3,2022,0.5600264809349471,1
2022-10-03,0,0,4,2,2022,0.2973568343510819,0
2022-10-04,0,0,4,1,2022,0.260243857796798,0
2022-10-05,0,0,4,0,2022,0.2558694425551546,0
2022-10-06,0,0,3,0,2022,0.22658845816012949,0
2022-10-07,0,0,2,0,2022,0.18970380583906046,0
2022-10-08,0,0,1,0,2022,0.1416409856328222,0
2022-10-09,0,0,0,0,2022,0.1257225112195392,0
2022-10-10,0,0,0,0,2022,0.13469868153502457,0
2022-10-11,0,0,0,0,2022,0.13602468551298846,0
2022-10-12,0,0,0,0,2022,0.14185779266313867,0
2022-10-13,0,0,0,0,2022,0.1427157176637645,0
2022-10-14,0,0,0,0,2022,0.14066429631523333,0
2022-10-15,0,0,0,0,2022,0.14473885339412051,0
2022-10-16,1,0,0,0,2022,0.14301717850995835,0
2022-10-17,0,1,1,1,2022,0.30836062899434585,0
2022-10-18,0,0,1,1,2022,0.20414376783581065,0
2022-10-19,0,0,1,1,2022,0.16277127853047588,0
2022-10-20,0,0,1,0,2022,0.14504579287069166,0
2022-10-21,0,0,1,0,2022,0.12901345693896502,0
2022-10-22,0,0,1,0,2022,0.12233463782072794,0
2022-10-23,0,0,1,0,2022,0.1038058813151346,0
2022-10-24,0,0,0,0,2022,0.08671486040206232,0
2022-10-25,0,0,0,0,2022,0.08545446138271898,0
2022-10-26,0,0,0,0,2022,0.07984779645079401,0
2022-10-27,0,0,0,0,2022,0.07860278184429093,0
2022-10-28,0,0,0,0,2022,0.08388058345514628,0
2022-10-29,0,0,0,0,2022,0.0808842140687002,0
2022-10-30,0,0,0,0,2022,0.07798582383693758,0
2022-10-31,0,0,0,0,2022,0.07282661724654799,0
2022-11-01,1,0,0,0,2022,0.06951316766075516,0
2022-11-04,0,1,1,1,2022,0.11331805969153153,0
2022-11-05,0,0,1,0,2022,0.0872388138327791,0
2022-11-06,0,0,1,0,2022,0.08405085593384791,0
2022-11-07,0,0,1,0,2022,0.07917857625201072,0
2022-11-11,0,0,0,0,2022,0.07318810769608097,0
2022-11-12,0,0,0,0,2022,0.07969766257210689,0
2022-11-13,0,0,0,0,2022,0.07378395222361078,0
2022-11-14,0,0,0,0,2022,0.07643149265734445,0
2022-11-15,0,0,0,0,2022,0.08281784082878221,0
2022-11-16,0,0,0,0,2022,0.08120974884326572,0
2022-11-17,0,0,0,0,2022,0.07998204235863333,0
2022-11-18,0,0,0,0,2022,0.07863472658058142,0
2022-11-19,0,0,0,0,2022,0.07232153013496778,0
2022-11-20,0,0,0,0,2022,0.06795607217282264,0
2022-11-21,0,0,0,0,2022,0.06395118863999484,0
2022-11-22,0,0,0,0,2022,0.056818140210134684,0
2022-11-23,0,0,0,0,2022,0.056110300631943104,0
2022-11-25,0,0,0,0,2022,0.04862188553437557,0
2022-11-26,0,0,0,0,2022,0.046696351905489514,0
2022-11-27,0,0,0,0,2022,0.05115766462382394,0
2022-11-28,0,0,0,0,2022,0.054258824282712566,0
2022-11-29,0,0,0,0,2022,0.05612504240952795,0
2022-12-01,0,0,0,0,2022,0.04775985577686954,0
2022-12-02,0,0,0,0,2022,0.04249484345180176,0
2022-12-03,0,0,0,0,2022,0.039873124517018195,0
2022-12-04,0,0,0,0,2022,0.043788982200533295,0
2022-12-06,0,0,0,0,2022,0.042786283642934034,0
2022-12-08,0,0,0,0,2022,0.04161348549636137,0
2022-12-09,0,0,0,0,2022,0.04116731270813932,0
2022-12-10,0,0,0,0,2022,0.04057244269941439,0
2022-12-15,0,0,0,0,2022,0.03424323985406072,0
2022-12-16,0,0,0,0,2022,0.03387996152495417,0
2022-12-17,0,0,0,0,2022,0.033513660672375184,0
2022-12-18,0,0,0,0,2022,0.03322163440594275,0
2022-12-19,0,0,0,0,2022,0.032892469778856626,0
2022-12-20,0,0,0,0,2022,0.0362394914769622,0
2022-12-21,0,0,0,0,2022,0.03584135294014181,0
2022-12-22,0,0,0,0,2022,0.03549566976585539,0
2022-12-23,0,0,0,0,2022,0.035055887618909855,0
2022-12-24,0,0,0,0,2022,0.03466840898463839,0
2022-12-26,0,0,0,0,2022,0.03388877293050334,0
2022-12-27,0,0,0,0,2022,0.03345794548797074,0
2022-12-28,0,0,0,0,2022,0.033194433052464854,0
2022-12-29,0,0,0,0,2022,0.03295564617463374,0
2022-12-30,0,0,0,0,2022,0.032701661681187676,0
2022-12-31,0,0,0,0,2022,0.03235768736962978,0
2023-01-13,0,0,0,0,2023,0.02472702794394485,0
2023-01-14,0,0,0,0,2023,0.024430103668759678,0
2023-01-16,0,0,0,0,2023,0.023807462666006137,0
2023-01-18,0,0,0,0,2023,0.02322270447911388,0
2023-01-19,0,0,0,0,2023,0.023011953792455606,0
2023-01-20,0,0,0,0,2023,0.022805332254812984,0
2023-01-21,0,0,0,0,2023,0.022569159859018206,0
2023-01-22,0,0,0,0,2023,0.022266592777343823,0
2023-01-23,0,0,0,0,2023,0.02200313207482278,0
2023-01-24,0,0,0,0,2023,0.0217493605780729,0
2023-01-25,0,0,0,0,2023,0.021555748822341035,0
2023-01-26,0,0,0,0,2023,0.02136997839449678,0
2023-01-27,0,0,0,0,2023,0.021192079257782003,0
2023-01-28,0,0,0,0,2023,0.020933637547166022,0
2023-01-29,0,0,0,0,2023,0.020641233265791536,0
2023-01-31,0,0,0,0,2023,0.01762858291801109,0
2023-02-01,0,0,0,0,2023,0.017467341943769928,0
2023-02-03,0,0,0,0,2023,0.019589600992342134,0
2023-02-04,0,0,0,0,2023,0.016964950713757674,0
2023-02-05,0,0,0,0,2023,0.0192268470628043,0
2023-02-07,0,0,0,0,2023,0.018829378284366628,0
2023-02-08,0,0,0,0,2023,0.01863664773727061,0
2023-02-09,0,0,0,0,2023,0.018474669010063706,0
2023-02-10,0,0,0,0,2023,0.018339614787082605,0
2023-02-11,0,0,0,0,2023,0.01966017878310823,0
2023-02-12,0,0,0,0,2023,0.018899496635174918,0
2023-02-13,0,0,0,0,2023,0.018195519325785097,0
2023-02-16,0,0,0,0,2023,0.016872607966357096,0
2023-02-17,0,0,0,0,2023,0.017197710488765765,0
2023-02-18,0,0,0,0,2023,0.017038253407674175,0
2023-02-19,0,0,0,0,2023,0.01683361485671957,0
2023-02-20,0,0,0,0,2023,0.016680912304924942,0
2023-03-05,0,0,0,0,2023,0.01674531741617471,0
2023-03-14,0,0,0,0,2023,0.017932796691023906,0
2023-03-16,0,0,0,0,2023,0.017555610815345936,0
2023-03-17,0,0,0,0,2023,0.017660028612946296,0
2023-03-18,0,0,0,0,2023,0.017742566116723788,0
2023-03-19,0,0,0,0,2023,0.017825526998038098,0
2023-03-28,0,0,0,0,2023,0.018138163217048454,0
2023-03-29,0,0,0,0,2023,0.018815440687681758,0
2023-03-31,0,0,0,0,2023,0.019096175295467352,0
2023-04-01,0,0,0,0,2023,0.01922719529405416,0
2023-04-02,0,0,0,0,2023,0.020610514601732105,0
2023-04-03,0,0,0,0,2023,0.020109802969378324,0
2023-04-04,0,0,0,0,2023,0.019617856525968855,0
2023-04-05,0,0,0,0,2023,0.01974943188256151,0
2023-04-06,0,0,0,0,2023,0.019884321452497182,0
2023-04-07,0,0,0,0,2023,0.01996596115306503,0
2023-04-08,0,0,0,0,2023,0.020073014346226666,0
2023-04-09,0,0,0,0,2023,0.021709404872181388,0
2023-04-10,0,0,0,0,2023,0.022526510284569815,0
2023-04-11,0,0,0,0,2023,0.021231914741612297,0
2023-04-12,0,0,0,0,2023,0.024165021678052977,0
2023-04-14,0,0,0,0,2023,0.023896403159249437,0
2023-04-15,0,0,0,0,2023,0.024029900893308507,0
2023-04-16,0,0,0,0,2023,0.02253241961405466,0
2023-04-17,0,0,0,0,2023,0.022053586954943725,0
2023-04-18,0,0,0,0,2023,0.021552210536892796,0
2023-04-20,0,0,0,0,2023,0.02192246360734521,0
2023-04-21,0,0,0,0,2023,0.02217122565025766,0
2023-04-22,0,0,0,0,2023,0.022334201586084724,0
2023-04-23,0,0,0,0,2023,0.022529830580743548,0
2023-04-24,0,0,0,0,2023,0.022813376464032125,0
2023-04-25,0,0,0,0,2023,0.023009066783681444,0
2023-04-26,0,0,0,0,2023,0.023174365562176568,0
2023-04-27,0,0,0,0,2023,0.023276419360667353,0
2023-04-28,0,0,0,0,2023,0.023498111043001653,0
2023-04-29,0,0,0,0,2023,0.0236988699050688,0
2023-04-30,0,0,0,0,2023,0.023873752093868796,0
2023-05-01,0,0,0,0,2023,0.024842531355990457,0
2023-05-02,0,0,0,0,2023,0.024309983716483942,0
2023-05-03,0,0,0,0,2023,0.026367483691062052,0
2023-05-04,0,0,0,0,2023,0.029571497357821094,0
2023-05-05,0,0,0,0,2023,0.03168991861131009,0
2023-05-06,0,0,0,0,2023,0.03072187492926999,0
2023-05-07,0,0,0,0,2023,0.035672762081027064,0
2023-05-08,0,0,0,0,2023,0.029940763223389174,0
2023-05-09,0,0,0,0,2023,0.03371231206968237,0
2023-05-10,0,0,0,0,2023,0.029683658522244576,0
2023-05-11,0,0,0,0,2023,0.03078158046645512,0
2023-05-12,0,0,0,0,2023,0.03229112873037436,0
2023-05-13,0,0,0,0,2023,0.03716018234100685,0
2023-05-14,0,0,0,0,2023,0.03709760442057751,0
2023-05-15,0,0,0,0,2023,0.03489295339435115,0
2023-05-16,0,0,0,0,2023,0.03435010385789419,0
2023-05-17,0,0,0,0,2023,0.03231128000458604,0
2023-05-18,0,0,0,0,2023,0.03044631766415474,0
2023-05-19,1,0,0,0,2023,0.035040114923025924,0
2023-05-20,0,1,1,1,2023,0.2159247987388506,0
2023-05-21,0,0,1,1,2023,0.1455818249996396,0
2023-05-22,0,0,1,1,2023,0.10087701989589794,0
2023-05-23,0,0,1,0,2023,0.09424584273586423,0
2023-05-24,0,0,1,0,2023,0.09675605700191675,0
2023-05-25,0,0,1,0,2023,0.09626883688527917,0
2023-05-26,0,0,1,0,2023,0.09602067963891173,0
2023-05-27,0,0,0,0,2023,0.0982246345604302,0
2023-05-28,0,0,0,0,2023,0.09130131645187667,0
2023-05-29,0,0,0,0,2023,0.07991476609366925,0
2023-05-30,0,0,0,0,2023,0.08033877835130461,0
2023-05-31,1,0,0,0,2023,0.08257047066587617,0
2023-06-01,0,1,1,1,2023,0.21244495187851128,0
2023-06-02,1,0,1,1,2023,0.137778985951324,0
2023-06-03,0,1,2,2,2023,0.2824154984666433,0
2023-06-04,0,0,2,1,2023,0.22056136100156284,0
2023-06-05,0,0,2,1,2023,0.1487674471250388,0
2023-06-06,0,0,2,0,2023,0.14971930359114166,0
2023-06-07,0,0,2,0,2023,0.14108443317406416,0
2023-06-08,0,0,1,0,2023,0.12542851749934283,0
2023-06-09,0,0,1,0,2023,0.12139409418684491,0
2023-06-10,0,0,0,0,2023,0.11133315111939208,0
2023-06-11,0,0,0,0,2023,0.11515028082900215,0
2023-06-12,0,0,0,0,2023,0.10204281213172237,0
2023-06-13,0,0,0,0,2023,0.09923812494635753,0
2023-06-14,0,0,0,0,2023,0.10122702155919419,0
2023-06-15,0,0,0,0,2023,0.1005904675920308,0
2023-06-16,0,0,0,0,2023,0.10006749776359089,0
2023-06-17,0,0,0,0,2023,0.09953940635363683,0
2023-06-18,0,0,0,0,2023,0.09923699020382938,0
2023-06-19,0,0,0,0,2023,0.09587724933635579,0
2023-06-20,0,0,0,0,2023,0.09545703567242111,0
2023-06-21,0,0,0,0,2023,0.09341208457563972,0
2023-06-22,0,0,0,0,2023,0.096420688695542,0
2023-06-23,0,0,0,0,2023,0.09774441135442095,0
2023-06-24,0,0,0,0,2023,0.1028940476777968,0
2023-06-25,1,0,0,0,2023,0.0907701934477446,0
2023-06-26,0,1,1,1,2023,0.2152251897237149,0
2023-06-27,0,0,1,1,2023,0.1916754409964678,0
2023-06-28,0,0,1,1,2023,0.15518484164805646,0
2023-06-29,0,0,1,0,2023,0.1405413794210451,0
2023-06-30,0,0,1,0,2023,0.13250662571356547,0
2023-07-01,0,0,1,0,2023,0.17192879523634486,0
2023-07-02,0,0,1,0,2023,0.12498217482701997,0
2023-07-03,0,0,0,0,2023,0.1066003082323877,0
2023-07-04,1,0,0,0,2023,0.10581865491767745,0
2023-07-05,0,1,1,1,2023,0.23673799080911306,0
2023-07-06,0,0,1,1,2023,0.16127936455577135,0
2023-07-07,0,0,1,1,2023,0.1309910685785926,0
2023-07-08,0,0,1,0,2023,0.12859119045668552,0
2023-07-09,0,0,1,0,2023,0.17381774717720547,0
2023-07-10,0,0,1,0,2023,0.13009198689429108,0
2023-07-11,0,0,1,0,2023,0.1341683317467004,0
2023-07-12,0,0,0,0,2023,0.11776958502175476,0
2023-07-13,0,0,0,0,2023,0.11941427915136754,0
2023-07-14,0,0,0,0,2023,0.129714447188995,0
2023-07-15,0,0,0,0,2023,0.10976991379748377,0
2023-07-16,1,0,0,0,2023,0.12946573741852643,0
2023-07-17,0,1,1,1,2023,0.2711862929644769,0
2023-07-18,0,0,1,1,2023,0.1690387082269291,0
2023-07-19,0,0,1,1,2023,0.14275365709695614,0
2023-07-20,1,0,1,0,2023,0.14845133422067178,0
2023-07-21,0,1,2,1,2023,0.30840024266276617,0
2023-07-22,0,0,2,1,2023,0.21836245646973465,0
2023-07-23,0,0,2,1,2023,0.13741596371172837,0
2023-07-24,0,0,1,0,2023,0.14443813816711898,0
2023-07-25,0,0,1,0,2023,0.14549147533691925,0
2023-07-26,0,0,1,0,2023,0.1608376523039152,0
2023-07-27,0,0,1,0,2023,0.13389695688823816,0
2023-07-28,0,0,0,0,2023,0.1399948421358173,0
2023-07-29,1,0,0,0,2023,0.13006888079239387,0
2023-07-30,0,1,1,1,2023,0.29324348398010225,0
2023-07-31,1,0,1,1,2023,0.17558064950543747,0
2023-08-01,0,1,2,2,2023,0.3245869301706432,0
2023-08-02,0,0,2,1,2023,0.23161271805194372,0
2023-08-03,0,0,2,1,2023,0.17556085805586502,0
2023-08-04,1,0,2,0,2023,0.13740699547695445,0
2023-08-05,1,1,3,1,2023,0.38617566819143545,1
2023-08-06,1,1,3,2,2023,0.5144905593578569,1
2023-08-07,1,1,4,3,2023,0.5233557250708812,1
2023-08-08,1,1,4,3,2023,0.4711842364717166,1
2023-08-09,1,1,5,3,2023,0.5631384080655351,1
2023-08-10,1,1,6,3,2023,0.6014732156726774,1
2023-08-11,1,1,7,3,2023,0.6872576624933445,1
2023-08-12,0,1,7,3,2023,0.7092879026799738,1
2023-08-13,1,0,6,2,2023,0.468646537679993,1
2023-08-14,1,1,6,2,2023,0.6076978708133673,1
2023-08-15,0,1,6,2,2023,0.6274978773287866,1
2023-08-16,1,0,5,2,2023,0.38981655146264643,1
2023-08-17,1,1,5,2,2023,0.5896413805973362,1
2023-08-18,1,1,5,2,2023,0.6326358665836034,1
2023-08-19,1,1,5,3,2023,0.6800569308424513,1
2023-08-21,0,1,5,2,2023,0.4818974166703034,1
2023-08-22,0,0,4,1,2023,0.3297224722729304,0
2023-08-23,0,0,4,0,2023,0.3187793800297414,0
2023-08-24,0,0,3,0,2023,0.2901735433746032,0
2023-08-25,0,0,2,0,2023,0.2643619580920283,0
2023-08-26,0,0,1,0,2023,0.23935784791264905,0
2023-08-27,0,0,0,0,2023,0.21665700400065205,0
2023-08-28,0,0,0,0,2023,0.2145731103132285,0
2023-08-29,0,0,0,0,2023,0.2098050529882012,0
2023-08-30,1,0,0,0,2023,0.20532978979277403,0
2023-08-31,1,1,1,1,2023,0.7248700217021574,1
2023-09-01,1,1,2,2,2023,0.5983308249656254,1
2023-09-02,0,1,3,3,2023,0.6005040965052809,1
2023-09-03,0,0,3,2,2023,0.3601493100265759,1
2023-09-04,0,0,3,1,2023,0.3051119048303987,0
2023-09-05,0,0,3,0,2023,0.27409933545751536,0
2023-09-06,0,0,3,0,2023,0.2602951528033159,0
2023-09-07,0,0,2,0,2023,0.2263052883798654,0
2023-09-08,1,0,1,0,2023,0.19496858953768179,0
2023-09-09,0,1,1,1,2023,0.5905610287997142,1
2023-09-10,0,0,1,1,2023,0.23373789003517875,0
2023-09-11,1,0,1,1,2023,0.17989627154683044,0
2023-09-12,1,1,2,1,2023,0.4348293440526161,1
2023-09-13,1,1,3,2,2023,0.51515878201479,1
2023-09-14,0,1,4,3,2023,0.4754722237834765,1
2023-09-15,1,0,4,2,2023,0.3665885597750072,1
2023-09-16,1,1,4,2,2023,0.4328018901964434,1
2023-09-17,1,1,5,2,2023,0.48731893673157795,1
2023-09-18,0,1,6,3,2023,0.5166226383882905,1
2023-09-19,0,0,5,2,2023,0.3081167269725746,0
2023-09-20,0,0,4,1,2023,0.23173897439637756,0
2023-09-21,0,0,3,0,2023,0.20659842938578488,0
2023-09-22,0,0,3,0,2023,0.20388418486863308,0
2023-09-23,0,0,2,0,2023,0.18268694844978356,0
2023-09-24,0,0,1,0,2023,0.16340848081598927,0
2023-09-25,0,0,0,0,2023,0.14563672727378088,0
2023-09-26,0,0,0,0,2023,0.1527658101135823,0
2023-09-27,0,0,0,0,2023,0.14503262961284963,0
2023-09-28,0,0,0,0,2023,0.1871653084104083,0
2023-09-29,0,0,0,0,2023,0.1367379137657895,0
2023-09-30,0,0,0,0,2023,0.13701475752186879,0
2023-10-01,0,0,0,0,2023,0.1328025830796474,0
2023-10-02,0,0,0,0,2023,0.12045754857211163,0
2023-10-03,0,0,0,0,2023,0.1149498872670943,0
2023-10-04,0,0,0,0,2023,0.10978376617464318,0
2023-10-05,0,0,0,0,2023,0.10774357403881298,0
2023-10-06,0,0,0,0,2023,0.10609622304496837,0
2023-10-07,0,0,0,0,2023,0.10422962263890188,0
2023-10-08,0,0,0,0,2023,0.10238936665609846,0
2023-10-09,0,0,0,0,2023,0.0957152674744013,0
2023-10-10,0,0,0,0,2023,0.09411367307287422,0
2023-10-11,0,0,0,0,2023,0.09236503602044971,0
2023-10-12,0,0,0,0,2023,0.0863758675197223,0
2023-10-13,0,0,0,0,2023,0.0807389250893802,0
2023-10-14,0,0,0,0,2023,0.07534892771027178,0
2023-10-15,0,0,0,0,2023,0.07387722094648266,0
2023-10-16,0,0,0,0,2023,0.06907313483630415,0
2023-10-17,0,0,0,0,2023,0.06440444796443395,0
2023-10-18,1,0,0,0,2023,0.05991287317762745,0
2023-10-19,1,1,1,1,2023,0.30033280378307353,0
2023-10-20,1,1,2,2,2023,0.3303164309262125,0
2023-10-21,1,1,3,3,2023,0.41746897129667454,1
2023-10-22,1,1,4,3,2023,0.3248604328268581,0
2023-10-23,0,1,5,3,2023,0.3379657186376483,0
2023-10-24,0,0,5,2,2023,0.19614251266411661,0
2023-10-25,1,0,5,1,2023,0.1667306997479921,0
2023-10-26,1,1,5,1,2023,0.3903036643893014,1
2023-10-27,1,1,5,2,2023,0.5385957700291454,1
2023-10-28,1,1,5,3,2023,0.7079804060171783,1
2023-10-29,1,1,5,3,2023,0.4168612607404653,1
2023-10-30,1,1,5,3,2023,0.6970588518795798,1
2023-10-31,0,1,6,3,2023,0.627363782887991,1
2023-11-01,0,0,6,2,2023,0.25238859711335676,0
2023-11-02,0,0,5,1,2023,0.20561672045061574,0
2023-11-03,0,0,4,0,2023,0.1794943323032862,0
2023-11-04,0,0,3,0,2023,0.17567234991086217,0
2023-11-05,0,0,2,0,2023,0.1391354945777663,0
2023-11-06,0,0,1,0,2023,0.1314740919726152,0
2023-11-07,0,0,0,0,2023,0.10995479689144251,0
2023-11-08,0,0,0,0,2023,0.10803766841552807,0
2023-11-09,0,0,0,0,2023,0.10655929191237104,0
2023-11-10,0,0,0,0,2023,0.10497636014266348,0
2023-11-11,0,0,0,0,2023,0.10372861887853241,0
2023-11-12,0,0,0,0,2023,0.10191331018422413,0
2023-11-13,0,0,0,0,2023,0.10015565925751274,0
2023-11-14,0,0,0,0,2023,0.09866533188066527,0
2023-11-16,0,0,0,0,2023,0.09537037906591274,0
2023-11-17,0,0,0,0,2023,0.09369137184304994,0
2023-11-18,0,0,0,0,2023,0.08750785994884727,0
2023-11-19,0,0,0,0,2023,0.08192567655659784,0
2023-11-20,0,0,0,0,2023,0.07669207375303967,0
2023-11-21,0,0,0,0,2023,0.07186072965269155,0
2023-11-22,0,0,0,0,2023,0.059125893403233154,0
2023-11-24,0,0,0,0,2023,0.06530742600420891,0
2023-11-25,0,0,0,0,2023,0.06665821372204736,0
2023-11-26,0,0,0,0,2023,0.060075783718103015,0
2023-11-27,0,0,0,0,2023,0.0735816986278039,0
2023-11-28,0,0,0,0,2023,0.06913455912577446,0
2023-11-29,0,0,0,0,2023,0.05711724691246813,0
2023-11-30,0,0,0,0,2023,0.05108402007462884,0
2023-12-01,0,0,0,0,2023,0.04671643026118887,0
2023-12-02,0,0,0,0,2023,0.05005585868191597,0
2023-12-03,0,0,0,0,2023,0.04794210614737343,0
2023-12-04,0,0,0,0,2023,0.04721302810761285,0
2023-12-05,0,0,0,0,2023,0.04655913874771787,0
2023-12-06,0,0,0,0,2023,0.0459684184628095,0
2023-12-07,0,0,0,0,2023,0.04520643481375604,0
2023-12-08,0,0,0,0,2023,0.04130920984778174,0
2023-12-09,0,0,0,0,2023,0.03421978019302052,0
2023-12-10,0,0,0,0,2023,0.033570175819023974,0
2023-12-11,0,0,0,0,2023,0.03664176978081287,0
2023-12-12,0,0,0,0,2023,0.03408844243141789,0
2023-12-13,0,0,0,0,2023,0.03273039698093085,0
2023-12-14,0,0,0,0,2023,0.029086633845254752,0
2023-12-15,0,0,0,0,2023,0.033736467439924915,0
2023-12-16,0,0,0,0,2023,0.029962781280173805,0
2023-12-17,0,0,0,0,2023,0.029587313533538367,0
2023-12-18,0,0,0,0,2023,0.033471726022596626,0
2023-12-19,0,0,0,0,2023,0.03308758314743032,0
2023-12-20,0,0,0,0,2023,0.03265877304310355,0
2023-12-22,0,0,0,0,2023,0.03186896434655497,0
2023-12-23,0,0,0,0,2023,0.031420066709708025,0
2023-12-24,0,0,0,0,2023,0.031022636222723547,0
2023-12-26,0,0,0,0,2023,0.030905031059354413,0
2023-12-27,0,0,0,0,2023,0.0316321020494775,0
2023-12-28,0,0,0,0,2023,0.031387613648895425,0
2023-12-29,0,0,0,0,2023,0.03137661367888787,0
2023-12-30,0,0,0,0,2023,0.0308546503365216,0
2023-12-31,0,0,0,0,2023,0.02911294605241208,0
