date,y,hd_yt_lastday,hd_ytdays_7,hd_ytdays_3,fold,prob,call
2012-01-01,0,0,0,0,2012,0.028472419207260447,0
2012-01-02,0,0,0,0,2012,0.036619626820889234,0
2012-01-03,0,0,0,0,2012,0.0397335737170835,0
2012-01-04,0,0,0,0,2012,0.037304618423144226,0
2012-01-05,0,0,0,0,2012,0.02930478216344381,0
2012-01-06,0,0,0,0,2012,0.03576350324384369,0
2012-01-07,0,0,0,0,2012,0.029670220503627418,0
2012-01-08,0,0,0,0,2012,0.03416250845297742,0
2012-01-09,0,0,0,0,2012,0.033542424332821806,0
2012-01-10,0,0,0,0,2012,0.029977883922827055,0
2012-01-11,0,0,0,0,2012,0.03625947284538984,0
2012-01-12,0,0,0,0,2012,0.030457066731157847,0
2012-01-13,0,0,0,0,2012,0.03463447845414423,0
2012-01-14,0,0,0,0,2012,0.03968948745618121,0
2012-01-15,0,0,0,0,2012,0.03412678764173674,0
2012-01-16,0,0,0,0,2012,0.03543616336589472,0
2012-01-17,0,0,0,0,2012,0.031439636832056556,0
2012-01-18,0,0,0,0,2012,0.04051556187373765,0
2012-01-19,0,0,0,0,2012,0.03180009054200393,0
2012-01-20,0,0,0,0,2012,0.04329873137499242,0
2012-01-21,0,0,0,0,2012,0.0507923362453597,0
2012-01-22,0,0,0,0,2012,0.03296822430789729,0
2012-01-24,0,0,0,0,2012,0.03287946218449303,0
2012-01-25,0,0,0,0,2012,0.032963858295012124,0
2012-01-26,0,0,0,0,2012,0.042669035752053344,0
2012-01-27,0,0,0,0,2012,0.03859773001029446,0
2012-01-28,0,0,0,0,2012,0.03279406862315006,0
2012-01-29,0,0,0,0,2012,0.03837274669638629,0
2012-01-30,0,0,0,0,2012,0.03855388927094366,0
2012-01-31,0,0,0,0,2012,0.03328151013404934,0
2012-02-01,0,0,0,0,2012,0.03345485248919303,0
2012-02-02,0,0,0,0,2012,0.033476159121443146,0
2012-02-03,0,0,0,0,2012,0.040582522942020444,0
2012-02-04,1,0,0,0,2012,0.03391608342974248,0
2012-02-05,1,1,1,1,2012,0.15522852709550117,0
2012-02-06,0,1,2,2,2012,0.16749122823391718,0
2012-02-07,0,0,2,2,2012,0.06064449749869243,0
2012-02-08,0,0,2,1,2012,0.04778497784415719,0
2012-02-09,0,0,2,0,2012,0.10266599495535174,0
2012-02-10,0,0,2,0,2012,0.08009342926858722,0
2012-02-11,0,0,2,0,2012,0.08479654287240038,0
2012-02-12,0,0,1,0,2012,0.0763049191563017,0
2012-02-13,0,0,0,0,2012,0.0397230441377703,0
2012-02-14,0,0,0,0,2012,0.039786313124419576,0
2012-02-16,0,0,0,0,2012,0.039544116499580804,0
2012-02-17,0,0,0,0,2012,0.038975432757473255,0
2012-02-18,0,0,0,0,2012,0.06344550133103889,0
2012-02-19,0,0,0,0,2012,0.05218689256969294,0
2012-02-20,0,0,0,0,2012,0.043328544913790575,0
2012-02-21,0,0,0,0,2012,0.050326721477967,0
2012-02-22,0,0,0,0,2012,0.03918487252089838,0
2012-02-23,0,0,0,0,2012,0.050467953209679714,0
2012-02-24,0,0,0,0,2012,0.04793017613560223,0
2012-02-25,0,0,0,0,2012,0.039745294874054655,0
2012-02-26,0,0,0,0,2012,0.05781092645281674,0
2012-02-27,0,0,0,0,2012,0.040241471556956926,0
2012-02-28,0,0,0,0,2012,0.040187665010552764,0
2012-02-29,0,0,0,0,2012,0.05868727739735659,0
2012-03-01,0,0,0,0,2012,0.08477156832962104,0
2012-03-02,0,0,0,0,2012,0.041023123939495566,0
2012-03-03,0,0,0,0,2012,0.04105177642655106,0
2012-03-04,0,0,0,0,2012,0.04085719889193623,0
2012-03-05,0,0,0,0,2012,0.04105440536722763,0
2012-03-06,0,0,0,0,2012,0.04057707173320715,0
2012-03-07,0,0,0,0,2012,0.040032631683078655,0
2012-03-08,0,0,0,0,2012,0.04012233174804091,0
2012-03-09,0,0,0,0,2012,0.040363968600735135,0
2012-03-10,0,0,0,0,2012,0.040306777635633007,0
2012-03-11,0,0,0,0,2012,0.04054719664398477,0
2012-03-12,0,0,0,0,2012,0.0448807515354929,0
2012-03-13,0,0,0,0,2012,0.04590596751585294,0
2012-03-14,0,0,0,0,2012,0.04152334041376051,0
2012-03-15,0,0,0,0,2012,0.046510327896247525,0
2012-03-16,0,0,0,0,2012,0.042138935407787334,0
2012-03-17,0,0,0,0,2012,0.04661570964102619,0
2012-03-20,0,0,0,0,2012,0.04322474349314274,0
2012-03-21,0,0,0,0,2012,0.04345890896548981,0
2012-03-22,0,0,0,0,2012,0.04346587620563611,0
2012-03-23,0,0,0,0,2012,0.043710752897295785,0
2012-03-24,0,0,0,0,2012,0.04968548896227358,0
2012-03-25,0,0,0,0,2012,0.048131625575560597,0
2012-03-26,0,0,0,0,2012,0.04456427157694257,0
2012-03-27,0,0,0,0,2012,0.050753382714466486,0
2012-03-28,0,0,0,0,2012,0.04518302515013472,0
2012-03-29,0,0,0,0,2012,0.04546904587998852,0
2012-03-30,0,0,0,0,2012,0.04571928669180354,0
2012-03-31,0,0,0,0,2012,0.045768440287213524,0
2012-04-01,0,0,0,0,2012,0.045819473825861524,0
2012-04-02,0,0,0,0,2012,0.09446207845780864,0
2012-04-03,0,0,0,0,2012,0.04610373408344065,0
2012-04-04,0,0,0,0,2012,0.0463259832358723,0
2012-04-05,0,0,0,0,2012,0.046014773742380166,0
2012-04-06,0,0,0,0,2012,0.045872380767103114,0
2012-04-07,0,0,0,0,2012,0.04608978164183851,0
2012-04-08,0,0,0,0,2012,0.04611256751223306,0
2012-04-09,0,0,0,0,2012,0.04596547642809483,0
2012-04-10,0,0,0,0,2012,0.046183885080336495,0
2012-04-11,0,0,0,0,2012,0.04603543172615755,0
2012-04-12,0,0,0,0,2012,0.04607411484482373,0
2012-04-13,1,0,0,0,2012,0.04626575260955029,0
2012-04-14,0,1,1,1,2012,0.2732027557790512,0
2012-04-15,1,0,1,1,2012,0.05465847525195507,0
2012-04-16,1,1,2,2,2012,0.2919931934273378,0
2012-04-17,0,1,3,2,2012,0.23379657633824164,0
2012-04-18,0,0,3,2,2012,0.09444800263209581,0
2012-04-19,1,0,3,1,2012,0.1186395578787406,0
2012-04-20,1,1,4,1,2012,0.4529465226612499,1
2012-04-21,0,1,4,2,2012,0.25056593199391225,0
2012-04-22,0,0,4,2,2012,0.10028451718656285,0
2012-04-23,0,0,3,1,2012,0.09775750591955706,0
2012-04-24,0,0,2,0,2012,0.09536225619893673,0
2012-04-25,0,0,2,0,2012,0.09139854177824384,0
2012-04-26,0,0,2,0,2012,0.09357946265945274,0
2012-04-27,0,0,1,0,2012,0.07979998410799387,0
2012-04-28,0,0,0,0,2012,0.08046969101646266,0
2012-04-29,0,0,0,0,2012,0.07804188939132392,0
2012-04-30,0,0,0,0,2012,0.0754098786515022,0
2012-05-01,0,0,0,0,2012,0.07631879301951315,0
2012-05-02,1,0,0,0,2012,0.07675425731268902,0
2012-05-03,0,1,1,1,2012,0.2244466404614572,0
2012-05-04,0,0,1,1,2012,0.08808087994137288,0
2012-05-05,0,0,1,1,2012,0.09808721047963664,0
2012-05-06,0,0,1,0,2012,0.10316423064512026,0
2012-05-07,0,0,1,0,2012,0.10000746574922086,0
2012-05-08,1,0,1,0,2012,0.09933748087036244,0
2012-05-09,1,1,2,1,2012,0.2596839649267308,0
2012-05-10,0,1,2,2,2012,0.270823462306977,0
2012-05-11,0,0,2,2,2012,0.12355568166584764,0
2012-05-12,0,0,2,1,2012,0.13219180968334038,0
2012-05-13,0,0,2,0,2012,0.1466926712848406,0
2012-05-14,0,0,2,0,2012,0.12353735131400441,0
2012-05-15,0,0,2,0,2012,0.12458715034038237,0
2012-05-16,0,0,1,0,2012,0.1205924736296189,0
2012-05-17,0,0,0,0,2012,0.11083803066374107,0
2012-05-18,0,0,0,0,2012,0.13239411893187866,0
2012-05-19,0,0,0,0,2012,0.10480705029150669,0
2012-05-20,1,0,0,0,2012,0.12718839864712875,0
2012-05-21,1,1,1,1,2012,0.2807448060396295,0
2012-05-22,0,1,2,2,2012,0.33278133134210297,0
2012-05-23,0,0,2,2,2012,0.16857183569146392,0
2012-05-24,0,0,2,1,2012,0.17718696565461747,0
2012-05-25,0,0,2,0,2012,0.15480851444914517,0
2012-05-26,0,0,2,0,2012,0.14766205924512876,0
2012-05-27,1,0,2,0,2012,0.14541963502986244,0
2012-05-28,0,1,2,1,2012,0.34478634460611857,1
2012-05-29,0,0,1,1,2012,0.1422709570928554,0
2012-05-30,0,0,1,1,2012,0.1567138339860905,0
2012-05-31,0,0,1,0,2012,0.2076445527542141,0
2012-06-01,0,0,1,0,2012,0.18853059151681947,0
2012-06-02,0,0,1,0,2012,0.20409581765320148,0
2012-06-03,0,0,1,0,2012,0.15349769343217706,0
2012-06-04,0,0,0,0,2012,0.11527239563874185,0
2012-06-05,0,0,0,0,2012,0.12954048248725303,0
2012-06-06,0,0,0,0,2012,0.11884116819203268,0
2012-06-07,1,0,0,0,2012,0.14926974591947595,0
2012-06-08,0,1,1,1,2012,0.33338827719236797,0
2012-06-09,0,0,1,1,2012,0.14399639597321992,0
2012-06-10,1,0,1,1,2012,0.1466934602286491,0
2012-06-11,1,1,2,1,2012,0.304690273045716,0
2012-06-12,0,1,3,2,2012,0.3287696510413071,0
2012-06-13,0,0,3,2,2012,0.17134031100293462,0
2012-06-14,1,0,3,1,2012,0.17015697146466627,0
2012-06-15,1,1,3,1,2012,0.4211589522228114,1
2012-06-16,1,1,4,2,2012,0.4571041200097322,1
2012-06-17,0,1,5,3,2012,0.4233318419849705,1
2012-06-18,0,0,4,2,2012,0.2845774524700861,0
2012-06-19,0,0,3,1,2012,0.23378102314664015,0
2012-06-20,0,0,3,0,2012,0.18165238248346904,0
2012-06-21,0,0,3,0,2012,0.17720377416104816,0
2012-06-22,0,0,2,0,2012,0.1529670220296396,0
2012-06-23,0,0,1,0,2012,0.10934870983484873,0
2012-06-24,1,0,0,0,2012,0.09104814040373811,0
2012-06-25,0,1,1,1,2012,0.29621607895529967,0
2012-06-26,1,0,1,1,2012,0.11463365951504657,0
2012-06-27,1,1,2,2,2012,0.439640266791383,1
2012-06-28,1,1,3,2,2012,0.3895143393589334,1
2012-06-29,0,1,4,3,2012,0.41751655478422156,1
2012-06-30,1,0,4,2,2012,0.2674654296572373,0
2012-07-01,1,1,5,2,2012,0.46976824898483277,1
2012-07-02,1,1,5,2,2012,0.45447191702085254,1
2012-07-03,1,1,6,3,2012,0.5808987603202738,1
2012-07-04,0,1,6,3,2012,0.5125758709310586,1
2012-07-05,1,0,5,2,2012,0.23561276541553824,0
2012-07-06,1,1,5,2,2012,0.4835517994486741,1
2012-07-07,0,1,6,2,2012,0.557322084212254,1
2012-07-08,1,0,5,2,2012,0.2195516887609557,0
2012-07-09,1,1,5,2,2012,0.6144116902653548,1
2012-07-10,1,1,5,2,2012,0.4792081016621448,1
2012-07-11,1,1,5,3,2012,0.5102295120777114,1
2012-07-12,1,1,6,3,2012,0.5466346622309024,1
2012-07-13,0,1,6,3,2012,0.47287794987006393,1
2012-07-14,0,0,5,2,2012,0.2460649251178092,0
2012-07-15,1,0,5,1,2012,0.2616633620848053,0
2012-07-16,1,1,5,1,2012,0.5816001820840381,1
2012-07-17,1,1,5,2,2012,0.5363204137973944,1
2012-07-18,1,1,5,3,2012,0.6054337839399943,1
2012-07-19,1,1,5,3,2012,0.5472905587852966,1
2012-07-20,1,1,5,3,2012,0.6517890041410244,1
2012-07-21,0,1,6,3,2012,0.6622478599720982,1
2012-07-22,1,0,6,2,2012,0.3497362618990325,1
2012-07-23,0,1,6,2,2012,0.7059641189759209,1
2012-07-24,1,0,5,1,2012,0.34396616859271584,1
2012-07-25,0,1,5,2,2012,0.5869840638854096,1
2012-07-26,1,0,4,1,2012,0.28495778923275145,0
2012-07-27,1,1,4,2,2012,0.49375432894093835,1
2012-07-28,1,1,4,2,2012,0.6091430732659211,1
2012-07-29,1,1,5,3,2012,0.5023233182561399,1
2012-07-30,1,1,5,3,2012,0.527884754548322,1
2012-07-31,1,1,6,3,2012,0.5732470003987759,1
2012-08-01,1,1,6,3,2012,0.6194237437298333,1
2012-08-02,1,1,7,3,2012,0.6550400103376526,1
2012-08-03,1,1,7,3,2012,0.5587065827080959,1
2012-08-04,1,1,7,3,2012,0.6504416803106061,1
2012-08-05,0,1,7,3,2012,0.5827694969450408,1
2012-08-06,0,0,6,2,2012,0.37395735168815375,1
2012-08-07,0,0,5,1,2012,0.31653585769496984,0
2012-08-08,0,0,4,0,2012,0.3051447883848781,0
2012-08-09,0,0,3,0,2012,0.28446325901877195,0
2012-08-10,1,0,2,0,2012,0.24317145014303615,0
2012-08-11,0,1,2,1,2012,0.4186699179960273,1
2012-08-12,0,0,1,1,2012,0.18422376393976753,0
2012-08-13,1,0,1,1,2012,0.21315087178720435,0
2012-08-14,1,1,2,1,2012,0.4018787239283322,1
2012-08-15,1,1,3,2,2012,0.5210234393942083,1
2012-08-16,1,1,4,3,2012,0.5239473548713313,1
2012-08-17,1,1,5,3,2012,0.4958036441864417,1
2012-08-18,1,1,5,3,2012,0.4397628429318596,1
2012-08-19,1,1,6,3,2012,0.5432620583657052,1
2012-08-20,1,1,7,3,2012,0.5797481293811196,1
2012-08-21,0,1,7,3,2012,0.6874562517935197,1
2012-08-22,1,0,6,2,2012,0.32714137990871484,0
2012-08-23,0,1,6,2,2012,0.6301023878452376,1
2012-08-24,1,0,5,1,2012,0.3048639057768423,0
2012-08-25,1,1,5,2,2012,0.5965676725907578,1
2012-08-26,1,1,5,2,2012,0.5761606979229987,1
2012-08-27,1,1,5,3,2012,0.6107916699983049,1
2012-08-28,1,1,5,3,2012,0.584801148593786,1
2012-08-29,1,1,6,3,2012,0.6665017729658855,1
2012-08-30,0,1,6,3,2012,0.6318401524266928,1
2012-08-31,1,0,6,2,2012,0.37043900361842935,1
2012-09-01,1,1,6,2,2012,0.7019547622543276,1
2012-09-02,1,1,6,2,2012,0.7065171778370289,1
2012-09-03,1,1,6,3,2012,0.5268992441731315,1
2012-09-04,1,1,6,3,2012,0.6773420171015696,1
2012-09-05,0,0,5,2,2012,0.2734436248466276,0
2012-09-06,0,0,5,2,2012,0.2888654918723153,0
2012-09-07,0,0,5,1,2012,0.26672301683946287,0
2012-09-08,1,0,4,0,2012,0.34087076465536587,1
2012-09-09,0,1,4,1,2012,0.6022601386359822,1
2012-09-10,1,0,3,1,2012,0.22065359835127527,0
2012-09-11,0,1,3,2,2012,0.5406320848179365,1
2012-09-12,1,0,2,1,2012,0.18716652454111082,0
2012-09-13,1,1,3,2,2012,0.4482552714751884,1
2012-09-14,1,1,4,2,2012,0.5756873282829547,1
2012-09-15,0,1,5,3,2012,0.5373769930292764,1
2012-09-16,1,0,4,2,2012,0.234749777026495,0
2012-09-17,0,1,5,2,2012,0.5035247655560506,1
2012-09-18,0,0,4,1,2012,0.21281742190584466,0
2012-09-19,0,0,4,1,2012,0.2146777288282646,0
2012-09-20,0,0,3,0,2012,0.20013043903306102,0
2012-09-21,0,0,2,0,2012,0.1753231057862974,0
2012-09-22,1,0,1,0,2012,0.1676191093243186,0
2012-09-23,1,1,2,1,2012,0.49882530794236085,1
2012-09-24,1,1,2,2,2012,0.3554061390177582,1
2012-09-25,1,1,3,3,2012,0.5202085553138165,1
2012-09-26,1,1,4,3,2012,0.47489490185940525,1
2012-09-27,1,1,5,3,2012,0.6029701997831036,1
2012-09-28,1,1,6,3,2012,0.5968160952594403,1
2012-09-29,0,1,7,3,2012,0.487372129894979,1
2012-09-30,0,0,6,2,2012,0.29977152897486,0
2012-10-01,0,0,5,1,2012,0.25231077080282643,0
2012-10-02,0,0,4,0,2012,0.2122748709822596,0
2012-10-03,1,0,3,0,2012,0.1826471330264834,0
2012-10-04,1,1,3,1,2012,0.5342213756414051,1
2012-10-05,1,1,3,2,2012,0.49978348089393315,1
2012-10-06,1,1,3,3,2012,0.5454662314080647,1
2012-10-07,1,1,4,3,2012,0.4881528557764145,1
2012-10-08,1,1,5,3,2012,0.5083754655535498,1
2012-10-09,0,1,6,3,2012,0.6207042437849435,1
2012-10-10,0,0,6,2,2012,0.2531719938179622,0
2012-10-11,0,0,5,1,2012,0.22772582536994376,0
2012-10-12,0,0,4,0,2012,0.24527102559452824,0
2012-10-13,0,0,3,0,2012,0.18138754978008467,0
2012-10-14,1,0,2,0,2012,0.17286145799987462,0
2012-10-15,1,1,2,1,2012,0.34962750077556226,1
2012-10-16,1,1,2,2,2012,0.40830816126817193,1
2012-10-17,0,1,3,3,2012,0.4027102654101116,1
2012-10-18,1,0,3,2,2012,0.20238478679077057,0
2012-10-19,1,1,4,2,2012,0.5958911611176355,1
2012-10-20,1,1,5,2,2012,0.588472536439257,1
2012-10-21,1,1,6,3,2012,0.6020671610068911,1
2012-10-22,1,1,6,3,2012,0.48631833666365776,1
2012-10-23,0,1,6,3,2012,0.5857808795571325,1
2012-10-24,1,0,5,2,2012,0.24555703495212006,0
2012-10-25,0,1,6,2,2012,0.5467829216815283,1
2012-10-26,1,0,5,1,2012,0.23254272630510858,0
2012-10-27,1,1,5,2,2012,0.501311195187593,1
2012-10-28,0,1,5,2,2012,0.6166717524233614,1
2012-10-29,0,0,4,2,2012,0.2660745220283044,0
2012-10-30,0,0,3,1,2012,0.19226152045035688,0
2012-10-31,0,0,3,0,2012,0.2022347288866989,0
2012-11-01,1,0,2,0,2012,0.15954198084265864,0
2012-11-02,0,1,3,1,2012,0.43286982867516366,1
2012-11-03,0,0,2,1,2012,0.12982404190523353,0
2012-11-04,0,0,1,1,2012,0.11430609913391111,0
2012-11-05,0,0,1,0,2012,0.11471273219885487,0
2012-11-06,0,0,1,0,2012,0.10864735629914601,0
2012-11-07,0,0,1,0,2012,0.10567716479849368,0
2012-11-08,0,0,1,0,2012,0.10257552227570373,0
2012-11-09,0,0,0,0,2012,0.08606741986984051,0
2012-11-10,0,0,0,0,2012,0.08272060379124858,0
2012-11-11,0,0,0,0,2012,0.07308451019705631,0
2012-11-12,1,0,0,0,2012,0.09028411705827201,0
2012-11-13,0,1,1,1,2012,0.20089136765305857,0
2012-11-14,0,0,1,1,2012,0.07053633625121876,0
2012-11-15,0,0,1,1,2012,0.092787674086129,0
2012-11-16,0,0,1,0,2012,0.07425480167047915,0
2012-11-17,0,0,1,0,2012,0.10225682053227213,0
2012-11-18,0,0,1,0,2012,0.06911590942534775,0
2012-11-19,0,0,1,0,2012,0.0723124820671571,0
2012-11-20,0,0,0,0,2012,0.0713351146331692,0
2012-11-21,1,0,0,0,2012,0.056327287621400296,0
2012-11-23,1,1,1,1,2012,0.07445155077596864,0
2012-11-24,0,1,2,2,2012,0.16423493817076207,0
2012-11-25,0,0,2,1,2012,0.06748780835013823,0
2012-11-26,0,0,2,1,2012,0.07934360083449452,0
2012-11-27,0,0,2,0,2012,0.05975541421816375,0
2012-11-28,0,0,2,0,2012,0.05697775800583407,0
2012-11-29,0,0,1,0,2012,0.06337003825523749,0
2012-11-30,0,0,1,0,2012,0.05816064885266279,0
2012-12-01,0,0,0,0,2012,0.042979321520379685,0
2012-12-02,0,0,0,0,2012,0.052376905005526685,0
2012-12-03,0,0,0,0,2012,0.046043843726670204,0
2012-12-04,0,0,0,0,2012,0.049391010014419694,0
2012-12-05,0,0,0,0,2012,0.03693578827915834,0
2012-12-06,1,0,0,0,2012,0.03588431688591058,0
2012-12-07,0,1,1,1,2012,0.1125218427151748,0
2012-12-08,0,0,1,1,2012,0.03386481821541356,0
2012-12-09,0,0,1,1,2012,0.04071555143099163,0
2012-12-10,0,0,1,0,2012,0.0463252250774425,0
2012-12-11,0,0,1,0,2012,0.03753992358966148,0
2012-12-12,0,0,1,0,2012,0.047813382512207826,0
2012-12-13,0,0,1,0,2012,0.03656766283498554,0
2012-12-14,0,0,0,0,2012,0.03307433969170716,0
2012-12-15,0,0,0,0,2012,0.0473391173876685,0
2012-12-16,0,0,0,0,2012,0.03253760065283501,0
2012-12-17,0,0,0,0,2012,0.04188836877112042,0
2012-12-19,0,0,0,0,2012,0.03082390969566999,0
2012-12-20,1,0,0,0,2012,0.03065184689368728,0
2012-12-21,1,1,1,1,2012,0.11968147462066962,0
2012-12-22,0,1,2,2,2012,0.1169738242029768,0
2012-12-23,0,0,2,2,2012,0.03666354934816847,0
2012-12-24,0,0,2,1,2012,0.05130034000020509,0
2012-12-26,0,0,2,0,2012,0.04195978870747861,0
2012-12-27,0,0,2,0,2012,0.04006900766809287,0
2012-12-28,0,0,1,0,2012,0.035515051117818976,0
2012-12-29,0,0,0,0,2012,0.04088511699159385,0
2012-12-30,0,0,0,0,2012,0.038339738176010864,0
2012-12-31,0,0,0,0,2012,0.04599059447676854,0
2013-01-01,0,0,0,0,2013,0.035609116829426884,0
2013-01-02,0,0,0,0,2013,0.042637467192427066,0
2013-01-03,0,0,0,0,2013,0.04516486023467459,0
2013-01-04,0,0,0,0,2013,0.039893811771058156,0
2013-01-05,0,0,0,0,2013,0.03533895536955981,0
2013-01-06,0,0,0,0,2013,0.045153941634810846,0
2013-01-07,0,0,0,0,2013,0.049483305939084614,0
2013-01-08,0,0,0,0,2013,0.04124579932769839,0
2013-01-09,0,0,0,0,2013,0.034516057975726884,0
2013-01-10,0,0,0,0,2013,0.03465004768885751,0
2013-01-11,0,0,0,0,2013,0.03475174475754449,0
2013-01-12,0,0,0,0,2013,0.03425016202906582,0
2013-01-13,0,0,0,0,2013,0.03453043493979536,0
2013-01-14,0,0,0,0,2013,0.04150598403041125,0
2013-01-15,0,0,0,0,2013,0.03472019013981444,0
2013-01-16,0,0,0,0,2013,0.04999067499784183,0
2013-01-17,0,0,0,0,2013,0.03482367045752035,0
2013-01-18,0,0,0,0,2013,0.03489923855545453,0
2013-01-19,0,0,0,0,2013,0.04191657350935686,0
2013-01-20,0,0,0,0,2013,0.03727615007421669,0
2013-01-21,0,0,0,0,2013,0.03921161317821861,0
2013-01-23,0,0,0,0,2013,0.032428067503480144,0
2013-01-24,0,0,0,0,2013,0.04673596636813216,0
2013-01-25,0,0,0,0,2013,0.03901821262979579,0
2013-01-26,0,0,0,0,2013,0.03261209958695006,0
2013-01-27,0,0,0,0,2013,0.032676498626384415,0
2013-01-28,0,0,0,0,2013,0.03287174768434491,0
2013-01-29,0,0,0,0,2013,0.0328349299322125,0
2013-01-31,0,0,0,0,2013,0.033233578428158134,0
2013-02-01,0,0,0,0,2013,0.03351009466143221,0
2013-02-02,0,0,0,0,2013,0.03362044511074518,0
2013-02-03,1,0,0,0,2013,0.04037386417858499,0
2013-02-04,0,1,1,1,2013,0.10437888472374564,0
2013-02-05,0,0,1,1,2013,0.04544979697005811,0
2013-02-06,0,0,1,1,2013,0.03990685487204175,0
2013-02-07,0,0,1,0,2013,0.03965144233125782,0
2013-02-08,0,0,1,0,2013,0.04690254427181406,0
2013-02-09,0,0,1,0,2013,0.03884207384511348,0
2013-02-10,0,0,1,0,2013,0.03878590568348342,0
2013-02-11,0,0,0,0,2013,0.03751158290968456,0
2013-02-13,0,0,0,0,2013,0.0376831240541584,0
2013-02-14,0,0,0,0,2013,0.037700947643941114,0
2013-02-15,0,0,0,0,2013,0.037921697334064065,0
2013-02-16,0,0,0,0,2013,0.041532412776737575,0
2013-02-17,0,0,0,0,2013,0.04547544288081754,0
2013-02-18,0,0,0,0,2013,0.03799071109829702,0
2013-02-19,0,0,0,0,2013,0.041174069232370915,0
2013-02-21,0,0,0,0,2013,0.03737050058393571,0
2013-02-22,0,0,0,0,2013,0.037545373439081986,0
2013-02-23,0,0,0,0,2013,0.03775911329142226,0
2013-02-24,0,0,0,0,2013,0.038016381341231975,0
2013-02-25,0,0,0,0,2013,0.03817260584247919,0
2013-02-26,0,0,0,0,2013,0.04328297111665363,0
2013-02-27,0,0,0,0,2013,0.04605311133142602,0
2013-02-28,0,0,0,0,2013,0.05370610357453078,0
2013-03-01,0,0,0,0,2013,0.04554005331688745,0
2013-03-02,0,0,0,0,2013,0.04448815054958296,0
2013-03-03,0,0,0,0,2013,0.047122478933556755,0
2013-03-04,0,0,0,0,2013,0.049449962545403583,0
2013-03-05,0,0,0,0,2013,0.04717307888226524,0
2013-03-06,0,0,0,0,2013,0.04716751728259429,0
2013-03-07,0,0,0,0,2013,0.0607581990156954,0
2013-03-09,0,0,0,0,2013,0.05519343461474047,0
2013-03-10,0,0,0,0,2013,0.050717561823838846,0
2013-03-11,0,0,0,0,2013,0.045514847554602236,0
2013-03-12,0,0,0,0,2013,0.05610499383593313,0
2013-03-13,0,0,0,0,2013,0.0636377310987336,0
2013-03-14,0,0,0,0,2013,0.08093137572471786,0
2013-03-15,0,0,0,0,2013,0.08382097624807275,0
2013-03-16,0,0,0,0,2013,0.0807125614413514,0
2013-03-17,0,0,0,0,2013,0.08375890562630862,0
2013-03-18,0,0,0,0,2013,0.09788012892434853,0
2013-03-19,0,0,0,0,2013,0.09517995062777572,0
2013-03-20,0,0,0,0,2013,0.09067103065489765,0
2013-03-21,1,0,0,0,2013,0.09365456487875262,0
2013-03-22,0,1,1,1,2013,0.4151204420414221,1
2013-03-23,0,0,1,1,2013,0.13598651731148775,0
2013-03-24,0,0,1,1,2013,0.1016242892898571,0
2013-03-25,0,0,1,0,2013,0.10695008256757235,0
2013-03-26,0,0,1,0,2013,0.09895252111868028,0
2013-03-27,0,0,1,0,2013,0.10581953939868112,0
2013-03-28,1,0,1,0,2013,0.11144101207287162,0
2013-03-29,0,1,1,1,2013,0.3598819465662315,1
2013-03-30,0,0,1,1,2013,0.10970375058448194,0
2013-03-31,0,0,1,1,2013,0.08262756799466689,0
2013-04-01,0,0,1,0,2013,0.10010536662477326,0
2013-04-02,0,0,1,0,2013,0.0897055997914348,0
2013-04-03,0,0,1,0,2013,0.10694608872304119,0
2013-04-04,0,0,1,0,2013,0.10440498068213451,0
2013-04-05,0,0,0,0,2013,0.10933000455906694,0
2013-04-06,0,0,0,0,2013,0.12629047379077138,0
2013-04-07,0,0,0,0,2013,0.12941813177122086,0
2013-04-09,0,0,0,0,2013,0.1075788634677808,0
2013-04-10,0,0,0,0,2013,0.15395022499748443,0
2013-04-11,0,0,0,0,2013,0.13716223370957,0
2013-04-12,0,0,0,0,2013,0.1375287093694628,0
2013-04-13,0,0,0,0,2013,0.1186300289434014,0
2013-04-14,0,0,0,0,2013,0.10372109942362645,0
2013-04-15,0,0,0,0,2013,0.08706871243702957,0
2013-04-16,0,0,0,0,2013,0.08036914384607703,0
2013-04-17,0,0,0,0,2013,0.08543584606898363,0
2013-04-18,0,0,0,0,2013,0.08100179737222568,0
2013-04-19,0,0,0,0,2013,0.10071391894746749,0
2013-04-20,0,0,0,0,2013,0.11193666446089434,0
2013-04-21,0,0,0,0,2013,0.10725764386678863,0
2013-04-22,0,0,0,0,2013,0.08965209375271861,0
2013-04-23,0,0,0,0,2013,0.09304879335934552,0
2013-04-24,0,0,0,0,2013,0.09948712206751624,0
2013-04-25,0,0,0,0,2013,0.12191094546373728,0
2013-04-26,1,0,0,0,2013,0.12179815148405629,0
2013-04-27,0,1,1,1,2013,0.43763151510693765,1
2013-04-28,0,0,1,1,2013,0.15719595854905724,0
2013-04-29,0,0,1,1,2013,0.10815548022853107,0
2013-04-30,0,0,1,0,2013,0.09992902339124998,0
2013-05-01,0,0,1,0,2013,0.09694438250712727,0
2013-05-02,0,0,1,0,2013,0.10241838968965629,0
2013-05-03,0,0,1,0,2013,0.1118079409190363,0
2013-05-04,0,0,0,0,2013,0.1278763980840043,0
2013-05-05,0,0,0,0,2013,0.13042312665410408,0
2013-05-06,0,0,0,0,2013,0.1250980912401085,0
2013-05-07,0,0,0,0,2013,0.09743427328473174,0
2013-05-08,0,0,0,0,2013,0.07488180748728149,0
2013-05-09,1,0,0,0,2013,0.129935545347578,0
2013-05-10,0,1,1,1,2013,0.3190767227975057,0
2013-05-11,0,0,1,1,2013,0.18338641447683535,0
2013-05-12,0,0,1,1,2013,0.14473228503375873,0
2013-05-13,0,0,1,0,2013,0.17560421234922471,0
2013-05-14,0,0,1,0,2013,0.17075847909351105,0
2013-05-15,0,0,1,0,2013,0.15379544642632428,0
2013-05-16,0,0,1,0,2013,0.15396175927640718,0
2013-05-17,0,0,0,0,2013,0.16899208398547697,0
2013-05-18,0,0,0,0,2013,0.15771073121743903,0
2013-05-19,1,0,0,0,2013,0.16572438649375298,0
2013-05-20,1,1,1,1,2013,0.37055743067217556,1
2013-05-21,0,1,2,2,2013,0.4417882154036694,1
2013-05-22,0,0,2,2,2013,0.20457099997527492,0
2013-05-23,0,0,2,1,2013,0.1752518438691282,0
2013-05-24,0,0,2,0,2013,0.1941267009659664,0
2013-05-25,0,0,2,0,2013,0.23360863203556403,0
2013-05-26,0,0,2,0,2013,0.1903189828875129,0
2013-05-27,1,0,1,0,2013,0.17137542809313416,0
2013-05-28,0,1,1,1,2013,0.4024014420171721,1
2013-05-29,0,0,1,1,2013,0.2133371852491667,0
2013-05-30,1,0,1,1,2013,0.18230375917626931,0
2013-05-31,1,1,2,1,2013,0.5892150066262879,1
2013-06-01,1,1,3,2,2013,0.7666084098439235,1
2013-06-02,1,1,4,3,2013,0.6264108431440133,1
2013-06-03,1,1,5,3,2013,0.7693069846584303,1
2013-06-04,1,1,5,3,2013,0.8020342722416419,1
2013-06-05,0,1,6,3,2013,0.7644669199766232,1
2013-06-06,0,0,6,2,2013,0.41168898468346127,1
2013-06-07,0,0,5,1,2013,0.3453497924244277,1
2013-06-08,1,0,4,0,2013,0.29609015884110074,0
2013-06-09,0,1,4,1,2013,0.4414989408675696,1
2013-06-10,1,0,3,1,2013,0.23619158641617802,0
2013-06-11,0,1,3,2,2013,0.36695653978091985,1
2013-06-12,0,0,2,1,2013,0.2775623740707421,0
2013-06-13,0,0,2,1,2013,0.2204336777475185,0
2013-06-14,0,0,2,0,2013,0.1808432246951092,0
2013-06-15,0,0,2,0,2013,0.18184779006095825,0
2013-06-16,0,0,1,0,2013,0.19635784866971073,0
2013-06-17,0,0,1,0,2013,0.20033811081476186,0
2013-06-18,0,0,0,0,2013,0.21457369120160077,0
2013-06-19,0,0,0,0,2013,0.20434823050128678,0
2013-06-20,0,0,0,0,2013,0.2207948993573484,0
2013-06-21,1,0,0,0,2013,0.20995223284250653,0
2013-06-22,0,1,1,1,2013,0.39039434651774263,1
2013-06-23,1,0,1,1,2013,0.2391831140976704,0
2013-06-24,0,1,2,2,2013,0.600174742909646,1
2013-06-25,1,0,2,1,2013,0.3142520101608643,0
2013-06-26,0,1,3,2,2013,0.41640201953887185,1
2013-06-27,0,0,3,1,2013,0.20272695496716567,0
2013-06-28,0,0,3,1,2013,0.16210409496733139,0
2013-06-29,0,0,2,0,2013,0.20050946283113708,0
2013-06-30,0,0,2,0,2013,0.19382086633956355,0
2013-07-01,1,0,1,0,2013,0.19932223550457837,0
2013-07-02,1,1,2,1,2013,0.5251038285140246,1
2013-07-03,0,1,2,2,2013,0.5659723362379027,1
2013-07-04,0,0,2,2,2013,0.19801170525393055,0
2013-07-05,0,0,2,1,2013,0.14800696067814728,0
2013-07-06,1,0,2,0,2013,0.15608448631532987,0
2013-07-07,0,1,3,1,2013,0.32360641528584266,0
2013-07-08,0,0,3,1,2013,0.1712750498544415,0
2013-07-09,1,0,2,1,2013,0.11444263356349726,0
2013-07-10,0,0,1,0,2013,0.14287104542126222,0
2013-07-11,0,0,2,1,2013,0.15231657100071694,0
2013-07-12,0,0,2,1,2013,0.12110136344215294,0
2013-07-13,0,0,2,0,2013,0.13645903915820518,0
2013-07-14,0,0,1,0,2013,0.12137771884882652,0
2013-07-15,1,0,1,0,2013,0.1277011470784352,0
2013-07-16,1,1,2,1,2013,0.26125082056597576,0
2013-07-17,0,0,1,1,2013,0.19176155377580886,0
2013-07-18,1,0,2,2,2013,0.18920990246035752,0
2013-07-19,0,1,3,2,2013,0.4677818353379708,1
2013-07-20,1,0,3,1,2013,0.17416577506313524,0
2013-07-21,0,1,4,2,2013,0.4312301228455365,1
2013-07-22,0,0,4,1,2013,0.1957345222008799,0
2013-07-23,1,0,3,1,2013,0.1474101091403481,0
2013-07-24,1,1,3,1,2013,0.36973671520865925,1
2013-07-25,1,1,4,2,2013,0.4710355836668481,1
2013-07-26,0,1,4,3,2013,0.5610715989459062,1
2013-07-27,0,0,4,2,2013,0.24940473346191894,0
2013-07-28,1,0,3,1,2013,0.20370080711767957,0
2013-07-29,1,1,4,1,2013,0.5362572313297957,1
2013-07-30,1,1,5,2,2013,0.6289858449110783,1
2013-07-31,1,1,5,3,2013,0.7405475339314443,1
2013-08-01,1,1,5,3,2013,0.7594674196441015,1
2013-08-02,0,1,5,3,2013,0.5726927428173096,1
2013-08-03,0,0,5,2,2013,0.3091873768446441,0
2013-08-04,0,0,5,1,2013,0.3081367297784441,0
2013-08-05,1,0,4,0,2013,0.2815753095066062,0
2013-08-06,1,1,4,1,2013,0.6341504405598906,1
2013-08-07,1,1,4,2,2013,0.5287963762666487,1
2013-08-08,1,1,4,3,2013,0.5972081463924768,1
2013-08-09,0,1,4,3,2013,0.4462581464668251,1
2013-08-10,0,0,4,2,2013,0.3228589430795846,0
2013-08-11,1,0,4,1,2013,0.2878677999012989,0
2013-08-12,0,1,5,1,2013,0.5761018573793888,1
2013-08-13,0,0,4,1,2013,0.2967048765520219,0
2013-08-14,0,0,3,1,2013,0.2599931727052458,0
2013-08-15,0,0,2,0,2013,0.26249401393895033,0
2013-08-16,0,0,1,0,2013,0.2717310828394908,0
2013-08-17,0,0,1,0,2013,0.27133278346074513,0
2013-08-18,0,0,1,0,2013,0.24629534930292193,0
2013-08-19,0,0,0,0,2013,0.22955578689985084,0
2013-08-20,1,0,0,0,2013,0.22859690619575046,0
2013-08-21,1,1,1,1,2013,0.4460995335165321,1
2013-08-22,1,1,2,2,2013,0.5921901443354617,1
2013-08-23,0,1,3,3,2013,0.5277534914099382,1
2013-08-24,1,0,3,2,2013,0.28303274758552804,0
2013-08-25,0,1,4,2,2013,0.600274440487456,1
2013-08-26,0,0,4,1,2013,0.2922598723311785,0
2013-08-27,1,0,4,1,2013,0.21640720279782114,0
2013-08-28,1,1,4,1,2013,0.6598368059371629,1
2013-08-29,0,1,4,2,2013,0.6646981183315541,1
2013-08-30,0,0,3,2,2013,0.2661612597246449,0
2013-08-31,0,0,3,1,2013,0.18126657611520727,0
2013-09-01,0,0,2,0,2013,0.16343592618552855,0
2013-09-02,0,0,2,0,2013,0.1632385642270783,0
2013-09-03,1,0,2,0,2013,0.143611396851173,0
2013-09-04,0,1,2,1,2013,0.36502479307061797,1
2013-09-05,0,0,1,1,2013,0.14051155448144462,0
2013-09-06,0,0,1,1,2013,0.11500122951238316,0
2013-09-07,0,0,1,0,2013,0.12595046894196732,0
2013-09-08,0,0,1,0,2013,0.1347310954219248,0
2013-09-09,0,0,1,0,2013,0.13845502714005586,0
2013-09-10,1,0,1,0,2013,0.14995179218766602,0
2013-09-11,1,1,1,1,2013,0.4858010435728466,1
2013-09-12,1,1,2,2,2013,0.675935595256564,1
2013-09-13,1,1,3,3,2013,0.6975024525267334,1
2013-09-14,1,1,4,3,2013,0.7425994232439282,1
2013-09-15,1,1,5,3,2013,0.6585963275824679,1
2013-09-16,1,1,6,3,2013,0.6370289126490076,1
2013-09-17,1,1,7,3,2013,0.7489048526056211,1
2013-09-18,1,1,7,3,2013,0.7612993215320463,1
2013-09-19,1,1,7,3,2013,0.7684565649356149,1
2013-09-20,1,1,7,3,2013,0.7889062402971064,1
2013-09-21,1,1,7,3,2013,0.7802389208784234,1
2013-09-22,1,1,7,3,2013,0.7571233279983663,1
2013-09-23,1,1,7,3,2013,0.5247193466351381,1
2013-09-24,1,1,7,3,2013,0.7806395730888382,1
2013-09-25,1,1,7,3,2013,0.7707285970547132,1
2013-09-26,0,1,7,3,2013,0.7656275238722534,1
2013-09-27,1,0,6,2,2013,0.4233399499998843,1
2013-09-28,0,1,6,2,2013,0.5883565997699305,1
2013-09-29,0,0,5,1,2013,0.3151587630914062,0
2013-09-30,1,0,4,1,2013,0.26834473077074295,0
2013-10-01,1,1,4,1,2013,0.6095228456849172,1
2013-10-02,1,1,4,2,2013,0.7369996938371121,1
2013-10-03,0,1,4,3,2013,0.5636984854757233,1
2013-10-04,0,0,4,2,2013,0.4156774330143075,1
2013-10-05,0,0,3,1,2013,0.2823635833949085,0
2013-10-06,0,0,3,0,2013,0.27704732938852533,0
2013-10-07,0,0,3,0,2013,0.30506307845739605,0
2013-10-08,0,0,2,0,2013,0.2656833191596738,0
2013-10-09,0,0,1,0,2013,0.2500822241147446,0
2013-10-10,0,0,0,0,2013,0.22400238373368098,0
2013-10-11,0,0,0,0,2013,0.20691984040718392,0
2013-10-12,0,0,0,0,2013,0.1900058204031705,0
2013-10-13,0,0,0,0,2013,0.21945503267224628,0
2013-10-14,0,0,0,0,2013,0.20630861920643373,0
2013-10-15,0,0,0,0,2013,0.1835888031389678,0
2013-10-16,0,0,0,0,2013,0.1952088273697971,0
2013-10-17,0,0,0,0,2013,0.16925576731450018,0
2013-10-18,0,0,0,0,2013,0.16386794375238592,0
2013-10-19,0,0,0,0,2013,0.1731402329538887,0
2013-10-20,0,0,0,0,2013,0.14732652109933148,0
2013-10-21,0,0,0,0,2013,0.1277788820117515,0
2013-10-22,0,0,0,0,2013,0.11331269154731757,0
2013-10-23,0,0,0,0,2013,0.10955902882101307,0
2013-10-24,0,0,0,0,2013,0.08987099096541792,0
2013-10-25,0,0,0,0,2013,0.08377702304914696,0
2013-10-26,0,0,0,0,2013,0.09076862239046664,0
2013-10-27,0,0,0,0,2013,0.0779301552746607,0
2013-10-28,0,0,0,0,2013,0.07608355713147025,0
2013-10-29,0,0,0,0,2013,0.06936593578508408,0
2013-10-30,0,0,0,0,2013,0.06863023973666388,0
2013-10-31,0,0,0,0,2013,0.06581112881277716,0
2013-11-01,0,0,0,0,2013,0.06711625945434024,0
2013-11-02,0,0,0,0,2013,0.06077232280033559,0
2013-11-03,0,0,0,0,2013,0.08302925753466915,0
2013-11-04,0,0,0,0,2013,0.08447204638476515,0
2013-11-05,0,0,0,0,2013,0.07396642060075746,0
2013-11-06,0,0,0,0,2013,0.05577192245386693,0
2013-11-07,0,0,0,0,2013,0.053895566597657686,0
2013-11-08,0,0,0,0,2013,0.052176812354000526,0
2013-11-09,0,0,0,0,2013,0.05226545205763703,0
2013-11-10,0,0,0,0,2013,0.06001988355013878,0
2013-11-11,0,0,0,0,2013,0.048022139017574836,0
2013-11-12,0,0,0,0,2013,0.045650190362287985,0
2013-11-13,0,0,0,0,2013,0.04400466142341051,0
2013-11-14,0,0,0,0,2013,0.04216857600307783,0
2013-11-15,0,0,0,0,2013,0.04060728127147875,0
2013-11-16,0,0,0,0,2013,0.03871993623802683,0
2013-11-17,0,0,0,0,2013,0.03704572796329178,0
2013-11-18,0,0,0,0,2013,0.03635936710916886,0
2013-11-19,0,0,0,0,2013,0.03526231382139929,0
2013-11-20,0,0,0,0,2013,0.034064900406630884,0
2013-11-22,0,0,0,0,2013,0.03305281382722365,0
2013-11-23,0,0,0,0,2013,0.032531196134163755,0
2013-11-24,0,0,0,0,2013,0.032023033923282734,0
2013-11-25,1,0,0,0,2013,0.031608077814984634,0
2013-11-26,0,1,1,1,2013,0.10271559930090132,0
2013-11-27,0,0,1,1,2013,0.042743812999808395,0
2013-11-28,0,0,1,1,2013,0.035375179813949324,0
2013-11-29,0,0,1,0,2013,0.03671659116758821,0
2013-11-30,0,0,1,0,2013,0.03567255523568305,0
2013-12-01,0,0,1,0,2013,0.034688467063687355,0
2013-12-02,0,0,1,0,2013,0.03382999630928041,0
2013-12-03,0,0,0,0,2013,0.031591085968548,0
2013-12-04,0,0,0,0,2013,0.03140971866674021,0
2013-12-05,0,0,0,0,2013,0.03130702801344199,0
2013-12-06,0,0,0,0,2013,0.03119365570762728,0
2013-12-07,0,0,0,0,2013,0.03109893225539917,0
2013-12-09,0,0,0,0,2013,0.03097666945366776,0
2013-12-10,0,0,0,0,2013,0.030862604115439722,0
2013-12-11,0,0,0,0,2013,0.030819367783362916,0
2013-12-12,0,0,0,0,2013,0.030780653158006318,0
2013-12-13,0,0,0,0,2013,0.030743489783714262,0
2013-12-14,0,0,0,0,2013,0.030709386618405502,0
2013-12-15,0,0,0,0,2013,0.030678335485153443,0
2013-12-16,0,0,0,0,2013,0.030650328188716772,0
2013-12-17,0,0,0,0,2013,0.030625356516423195,0
2013-12-18,0,0,0,0,2013,0.030603500872907446,0
2013-12-19,0,0,0,0,2013,0.03058466637945149,0
2013-12-20,0,0,0,0,2013,0.030576349026097006,0
2013-12-21,0,0,0,0,2013,0.03664127315259335,0
2013-12-22,0,0,0,0,2013,0.03048718877072379,0
2013-12-23,0,0,0,0,2013,0.030472551913481097,0
2013-12-24,0,0,0,0,2013,0.03047757101222544,0
2013-12-26,0,0,0,0,2013,0.029664297984600085,0
2013-12-27,0,0,0,0,2013,0.029680222282521308,0
2013-12-28,0,0,0,0,2013,0.029734417455033895,0
2013-12-29,0,0,0,0,2013,0.029745036456223478,0
2013-12-30,0,0,0,0,2013,0.038808408161920736,0
2013-12-31,0,0,0,0,2013,0.035933896837898514,0
2014-01-01,0,0,0,0,2014,0.030714806012109776,0
2014-01-02,0,0,0,0,2014,0.02598970162885399,0
2014-01-03,0,0,0,0,2014,0.02601896711030623,0
2014-01-04,0,0,0,0,2014,0.06573011916718087,0
2014-01-05,0,0,0,0,2014,0.06138124090529631,0
2014-01-06,0,0,0,0,2014,0.05374803164394941,0
2014-01-07,0,0,0,0,2014,0.05401337844091853,0
2014-01-08,0,0,0,0,2014,0.05408772862341102,0
2014-01-09,0,0,0,0,2014,0.054586739521821366,0
2014-01-10,0,0,0,0,2014,0.05494416312049795,0
2014-01-11,0,0,0,0,2014,0.04748773831009871,0
2014-01-12,0,0,0,0,2014,0.04364607343316422,0
2014-01-14,0,0,0,0,2014,0.04883486653314543,0
2014-01-15,0,0,0,0,2014,0.07643270553086644,0
2014-01-16,0,0,0,0,2014,0.05734100586536866,0
2014-01-18,0,0,0,0,2014,0.03702212001415953,0
2014-01-19,0,0,0,0,2014,0.045649982189259725,0
2014-01-20,0,0,0,0,2014,0.040026153626902386,0
2014-01-21,0,0,0,0,2014,0.053387640610085337,0
2014-01-22,0,0,0,0,2014,0.03661545821044124,0
2014-01-23,0,0,0,0,2014,0.029220929077255136,0
2014-01-24,0,0,0,0,2014,0.036842719108887326,0
2014-01-25,0,0,0,0,2014,0.028760443836473616,0
2014-01-26,0,0,0,0,2014,0.0289969422418081,0
2014-01-27,0,0,0,0,2014,0.028972493651339904,0
2014-01-28,0,0,0,0,2014,0.029370597529279344,0
2014-01-29,0,0,0,0,2014,0.03445962174214172,0
2014-01-30,0,0,0,0,2014,0.02978596486158706,0
2014-01-31,0,0,0,0,2014,0.04718592547832717,0
2014-02-01,0,0,0,0,2014,0.03746258377835253,0
2014-02-02,0,0,0,0,2014,0.03687703944590906,0
2014-02-03,0,0,0,0,2014,0.03640412589841878,0
2014-02-04,0,0,0,0,2014,0.045156306749903785,0
2014-02-05,0,0,0,0,2014,0.03574226469694995,0
2014-02-06,0,0,0,0,2014,0.028376294220047255,0
2014-02-07,0,0,0,0,2014,0.04512078200119137,0
2014-02-08,0,0,0,0,2014,0.02878735391244564,0
2014-02-09,0,0,0,0,2014,0.08834709410557776,0
2014-02-10,0,0,0,0,2014,0.05807508545023855,0
2014-02-11,0,0,0,0,2014,0.059961312501472006,0
2014-02-12,0,0,0,0,2014,0.047072432183270806,0
2014-02-13,0,0,0,0,2014,0.05402014440371965,0
2014-02-14,0,0,0,0,2014,0.04715866942097021,0
2014-02-15,0,0,0,0,2014,0.05587195783716832,0
2014-02-16,1,0,0,0,2014,0.07632057938029875,0
2014-02-17,0,1,1,1,2014,0.2295591029281343,0
2014-02-18,0,0,1,1,2014,0.07755027963841161,0
2014-02-19,1,0,1,1,2014,0.05156422086931773,0
2014-02-20,0,1,2,1,2014,0.13678744294416628,0
2014-02-21,0,0,2,1,2014,0.0519318086070682,0
2014-02-22,0,0,2,1,2014,0.03431289122257868,0
2014-02-23,0,0,2,0,2014,0.0414771984196115,0
2014-02-24,0,0,1,0,2014,0.0419572397168309,0
2014-02-25,1,0,1,0,2014,0.04773805276347293,0
2014-02-26,0,1,2,1,2014,0.12852894392121977,0
2014-02-27,0,0,1,1,2014,0.04453370126758202,0
2014-03-02,0,0,1,0,2014,0.04193803947286052,0
2014-03-03,0,0,1,0,2014,0.061776527769664816,0
2014-03-04,0,0,1,0,2014,0.049106697796137654,0
2014-03-05,0,0,0,0,2014,0.037849072756928705,0
2014-03-06,0,0,0,0,2014,0.07609103202343905,0
2014-03-07,1,0,0,0,2014,0.054008222753286095,0
2014-03-08,0,1,1,1,2014,0.15693846616463542,0
2014-03-09,0,0,1,1,2014,0.08761439312500757,0
2014-03-10,0,0,1,1,2014,0.08182699548300364,0
2014-03-11,0,0,1,0,2014,0.09467995652992894,0
2014-03-12,0,0,1,0,2014,0.094450404853332,0
2014-03-13,0,0,1,0,2014,0.08869106133427154,0
2014-03-14,0,0,1,0,2014,0.09637034114620671,0
2014-03-15,0,0,0,0,2014,0.07893330970429732,0
2014-03-16,0,0,0,0,2014,0.08461833346618985,0
2014-03-17,0,0,0,0,2014,0.09395807095012575,0
2014-03-18,0,0,0,0,2014,0.08464349629818231,0
2014-03-19,0,0,0,0,2014,0.08270577000285319,0
2014-03-20,0,0,0,0,2014,0.0833468290320602,0
2014-03-21,0,0,0,0,2014,0.08535063928453475,0
2014-03-22,0,0,0,0,2014,0.09165009150388372,0
2014-03-23,0,0,0,0,2014,0.08617761467172017,0
2014-03-24,0,0,0,0,2014,0.09740634797828861,0
2014-03-25,0,0,0,0,2014,0.0708289233342306,0
2014-03-26,0,0,0,0,2014,0.07417376846208636,0
2014-03-27,0,0,0,0,2014,0.06826007188534494,0
2014-03-28,0,0,0,0,2014,0.0929801204442667,0
2014-03-29,0,0,0,0,2014,0.08504234234061048,0
2014-03-30,0,0,0,0,2014,0.08288503409533991,0
2014-03-31,0,0,0,0,2014,0.07081487796626988,0
2014-04-01,0,0,0,0,2014,0.06938899373607689,0
2014-04-03,0,0,0,0,2014,0.0705460562429702,0
2014-04-04,0,0,0,0,2014,0.10577783559751469,0
2014-04-05,0,0,0,0,2014,0.10179768213341191,0
2014-04-06,0,0,0,0,2014,0.0989361442671844,0
2014-04-07,0,0,0,0,2014,0.08021234065523482,0
2014-04-08,0,0,0,0,2014,0.08084114177055744,0
2014-04-09,0,0,0,0,2014,0.08880840666204656,0
2014-04-10,0,0,0,0,2014,0.10491215194869744,0
2014-04-11,0,0,0,0,2014,0.10612658596602323,0
2014-04-12,0,0,0,0,2014,0.09828704724594177,0
2014-04-13,0,0,0,0,2014,0.09597170402693544,0
2014-04-14,0,0,0,0,2014,0.0969446676394363,0
2014-04-15,0,0,0,0,2014,0.10321771972079892,0
2014-04-16,0,0,0,0,2014,0.1115539503324422,0
2014-04-17,0,0,0,0,2014,0.11293257731992248,0
2014-04-18,0,0,0,0,2014,0.10320355268503018,0
2014-04-19,0,0,0,0,2014,0.10868452353375498,0
2014-04-20,0,0,0,0,2014,0.11397947370480588,0
2014-04-21,0,0,0,0,2014,0.12928510980171545,0
2014-04-22,1,0,0,0,2014,0.11141197626503435,0
2014-04-23,0,1,1,1,2014,0.24893672484244975,0
2014-04-24,0,0,1,1,2014,0.13803454186412234,0
2014-04-25,0,0,1,1,2014,0.10865641261966828,0
2014-04-26,0,0,1,0,2014,0.15883538132570263,0
2014-04-27,0,0,1,0,2014,0.13428638361325726,0
2014-04-28,0,0,1,0,2014,0.13332108274434618,0
2014-04-29,0,0,1,0,2014,0.12862251320426432,0
2014-04-30,0,0,0,0,2014,0.12231112266738718,0
2014-05-01,0,0,0,0,2014,0.1229702219448568,0
2014-05-02,0,0,0,0,2014,0.12380782810271329,0
2014-05-03,1,0,0,0,2014,0.13461049195383734,0
2014-05-04,1,1,1,1,2014,0.2891516757953047,0
2014-05-05,0,1,2,2,2014,0.3988600628159976,1
2014-05-06,0,0,2,2,2014,0.1768420278821104,0
2014-05-07,0,0,2,1,2014,0.15840312981479895,0
2014-05-08,0,0,2,0,2014,0.16148410465029134,0
2014-05-09,0,0,2,0,2014,0.16333417099220113,0
2014-05-10,0,0,2,0,2014,0.12759534660243543,0
2014-05-11,0,0,1,0,2014,0.11971486632230238,0
2014-05-12,0,0,0,0,2014,0.11551789014226047,0
2014-05-13,0,0,0,0,2014,0.12412183832939282,0
2014-05-14,0,0,0,0,2014,0.14428310725950821,0
2014-05-15,0,0,0,0,2014,0.13566977054960455,0
2014-05-16,1,0,0,0,2014,0.15573691018305358,0
2014-05-17,1,1,1,1,2014,0.3028053031816557,0
2014-05-18,0,1,2,2,2014,0.41451014109308737,1
2014-05-19,0,0,2,2,2014,0.19926083922579874,0
2014-05-20,0,0,2,1,2014,0.14883192193401276,0
2014-05-21,0,0,2,0,2014,0.1824085471660343,0
2014-05-22,1,0,2,0,2014,0.18464864248049978,0
2014-05-23,0,1,3,1,2014,0.4141674118677905,1
2014-05-24,0,0,2,1,2014,0.20974978777070963,0
2014-05-25,0,0,1,1,2014,0.1623145560973035,0
2014-05-26,0,0,1,0,2014,0.17483036393734314,0
2014-05-27,0,0,1,0,2014,0.1799279841324764,0
2014-05-28,0,0,1,0,2014,0.1813025209968763,0
2014-05-29,0,0,1,0,2014,0.15051061944549882,0
2014-05-30,0,0,0,0,2014,0.1624442213064254,0
2014-05-31,0,0,0,0,2014,0.1624804456536804,0
2014-06-01,0,0,0,0,2014,0.1672916762947955,0
2014-06-02,0,0,0,0,2014,0.16288907105217815,0
2014-06-03,0,0,0,0,2014,0.1425084161389414,0
2014-06-04,0,0,0,0,2014,0.15458932299741934,0
2014-06-05,0,0,0,0,2014,0.16041822692546925,0
2014-06-06,0,0,0,0,2014,0.19911430361747398,0
2014-06-07,0,0,0,0,2014,0.1765164352175877,0
2014-06-08,0,0,0,0,2014,0.17521546353085576,0
2014-06-09,0,0,0,0,2014,0.16451298552648633,0
2014-06-10,0,0,0,0,2014,0.18510822097659943,0
2014-06-11,0,0,0,0,2014,0.18310892566063247,0
2014-06-12,0,0,0,0,2014,0.1870086045384621,0
2014-06-13,0,0,0,0,2014,0.21501425518155165,0
2014-06-14,0,0,0,0,2014,0.19608438445952922,0
2014-06-15,0,0,0,0,2014,0.16360390201316996,0
2014-06-16,1,0,0,0,2014,0.16681616833855187,0
2014-06-17,0,1,1,1,2014,0.3576096203383018,1
2014-06-18,0,0,1,1,2014,0.21488977665775044,0
2014-06-19,0,0,1,1,2014,0.1743161646282967,0
2014-06-20,0,0,1,0,2014,0.19108159048660908,0
2014-06-21,0,0,1,0,2014,0.19226188483457754,0
2014-06-22,0,0,1,0,2014,0.19599885101209413,0
2014-06-23,0,0,1,0,2014,0.19890516610613254,0
2014-06-24,0,0,0,0,2014,0.1807538237291102,0
2014-06-25,0,0,0,0,2014,0.16440232709436917,0
2014-06-26,0,0,0,0,2014,0.15953862855824122,0
2014-06-27,0,0,0,0,2014,0.16821705995679925,0
2014-06-28,0,0,0,0,2014,0.14710881030022926,0
2014-06-29,0,0,0,0,2014,0.1612217400690426,0
2014-06-30,0,0,0,0,2014,0.1580717022132649,0
2014-07-01,0,0,0,0,2014,0.13545731338929795,0
2014-07-02,0,0,0,0,2014,0.17717322351250436,0
2014-07-03,0,0,0,0,2014,0.15705158142970013,0
2014-07-04,0,0,0,0,2014,0.17606303810227403,0
2014-07-05,0,0,0,0,2014,0.19507584588730695,0
2014-07-06,0,0,0,0,2014,0.1940357062935295,0
2014-07-07,0,0,0,0,2014,0.17793313053811818,0
2014-07-08,0,0,0,0,2014,0.18136359605106203,0
2014-07-09,0,0,0,0,2014,0.18673817941640775,0
2014-07-10,1,0,0,0,2014,0.1962970723652939,0
2014-07-11,1,1,1,1,2014,0.3960130366825093,1
2014-07-12,1,1,2,2,2014,0.47322279987224236,1
2014-07-13,1,1,3,3,2014,0.5875952885200973,1
2014-07-14,1,1,4,3,2014,0.5351373312633357,1
2014-07-15,1,1,5,3,2014,0.6023875011313153,1
2014-07-16,1,1,6,3,2014,0.8353463963442146,1
2014-07-17,1,1,7,3,2014,0.8065051248530987,1
2014-07-18,1,1,7,3,2014,0.7218760595363171,1
2014-07-19,0,1,7,3,2014,0.6841064402267847,1
2014-07-20,1,0,6,2,2014,0.32897910036050554,0
2014-07-21,1,1,6,2,2014,0.5888681975913176,1
2014-07-22,1,1,6,2,2014,0.8486892800707775,1
2014-07-23,1,1,6,3,2014,0.8921466330086515,1
2014-07-24,1,1,6,3,2014,0.8622268607456531,1
2014-07-25,1,1,6,3,2014,0.8673212122319265,1
2014-07-26,1,1,6,3,2014,0.8514395080282486,1
2014-07-27,1,1,7,3,2014,0.8757209063116489,1
2014-07-28,1,1,7,3,2014,0.8834565589012372,1
2014-07-29,1,1,7,3,2014,0.8723964329205757,1
2014-07-30,1,1,7,3,2014,0.6163416576977379,1
2014-07-31,1,1,7,3,2014,0.8289604666757165,1
2014-08-01,1,1,7,3,2014,0.8251668487581015,1
2014-08-02,1,1,7,3,2014,0.8580589381095142,1
2014-08-03,1,1,7,3,2014,0.8595876598470497,1
2014-08-04,1,1,7,3,2014,0.9095521737912337,1
2014-08-05,1,1,7,3,2014,0.8990405832340157,1
2014-08-06,1,1,7,3,2014,0.904820603891694,1
2014-08-07,1,1,7,3,2014,0.9092897934350663,1
2014-08-08,1,1,7,3,2014,0.8903770366941525,1
2014-08-09,1,1,7,3,2014,0.9097412637681943,1
2014-08-10,1,1,7,3,2014,0.8678869687668517,1
2014-08-11,1,1,7,3,2014,0.8687237511141399,1
2014-08-12,1,1,7,3,2014,0.8977945596590129,1
2014-08-13,1,1,7,3,2014,0.9230262620007628,1
2014-08-14,1,1,7,3,2014,0.9243049506959282,1
2014-08-15,1,1,7,3,2014,0.916922559737474,1
2014-08-16,1,1,7,3,2014,0.8931176345087419,1
2014-08-17,1,1,7,3,2014,0.8480394297059141,1
2014-08-18,1,1,7,3,2014,0.7262813084765457,1
2014-08-19,1,1,7,3,2014,0.9020553392468732,1
2014-08-20,1,1,7,3,2014,0.8958871827558986,1
2014-08-21,1,1,7,3,2014,0.8882858573428876,1
2014-08-22,1,1,7,3,2014,0.8792903425448951,1
2014-08-23,1,1,7,3,2014,0.67478896411689,1
2014-08-24,1,1,7,3,2014,0.8525073134217611,1
2014-08-25,1,1,7,3,2014,0.8489809189483476,1
2014-08-26,0,1,7,3,2014,0.8918476056387558,1
2014-08-27,1,0,6,2,2014,0.3793780479094836,1
2014-08-28,1,1,6,2,2014,0.8256550695127304,1
2014-08-29,1,1,6,2,2014,0.8048362641746473,1
2014-08-30,1,1,6,3,2014,0.8314123398227229,1
2014-08-31,1,1,6,3,2014,0.7197685727884735,1
2014-09-01,1,1,6,3,2014,0.8752226361328413,1
2014-09-02,1,1,6,3,2014,0.8954873204190897,1
2014-09-03,1,1,7,3,2014,0.9218887424114688,1
2014-09-04,1,1,7,3,2014,0.9369811686019072,1
2014-09-05,1,1,7,3,2014,0.9470571258426573,1
2014-09-06,1,1,7,3,2014,0.9417069376319789,1
2014-09-07,1,1,7,3,2014,0.9343611281673123,1
2014-09-08,1,1,7,3,2014,0.908521446649796,1
2014-09-09,1,1,7,3,2014,0.941498342693111,1
2014-09-10,1,1,7,3,2014,0.9411020042475428,1
2014-09-11,1,1,7,3,2014,0.9390884138942823,1
2014-09-12,1,1,7,3,2014,0.9443506890856431,1
2014-09-13,1,1,7,3,2014,0.9353074921900413,1
2014-09-14,1,1,7,3,2014,0.9457329890757851,1
2014-09-15,1,1,7,3,2014,0.9393614590296899,1
2014-09-16,1,1,7,3,2014,0.9356368386491949,1
2014-09-17,1,1,7,3,2014,0.9367517698321548,1
2014-09-18,1,1,7,3,2014,0.9369204109718823,1
2014-09-19,1,1,7,3,2014,0.9387486604601167,1
2014-09-20,1,1,7,3,2014,0.9383285515389704,1
2014-09-21,1,1,7,3,2014,0.9388597975724723,1
2014-09-22,1,1,7,3,2014,0.9462916120288107,1
2014-09-23,1,1,7,3,2014,0.9362936189985777,1
2014-09-24,1,1,7,3,2014,0.9358255096397372,1
2014-09-25,1,1,7,3,2014,0.9377234107598301,1
2014-09-26,1,1,7,3,2014,0.9356141984141146,1
2014-09-27,1,1,7,3,2014,0.8594806432665592,1
2014-09-28,1,1,7,3,2014,0.9163801964187772,1
2014-09-29,1,1,7,3,2014,0.928317183295469,1
2014-09-30,1,1,7,3,2014,0.9389594006342095,1
2014-10-01,1,1,7,3,2014,0.8807383507243486,1
2014-10-02,1,1,7,3,2014,0.9255508577285628,1
2014-10-03,1,1,7,3,2014,0.9135908934462188,1
2014-10-04,1,1,7,3,2014,0.9266818601964464,1
2014-10-05,1,1,7,3,2014,0.885423652509946,1
2014-10-06,1,1,7,3,2014,0.9276708298842914,1
2014-10-07,1,1,7,3,2014,0.9113793156038025,1
2014-10-08,1,1,7,3,2014,0.929006847848062,1
2014-10-09,1,1,7,3,2014,0.9208405281406816,1
2014-10-10,1,1,7,3,2014,0.8626072634232846,1
2014-10-11,1,1,7,3,2014,0.9317558333358174,1
2014-10-12,1,1,7,3,2014,0.9289047378701902,1
2014-10-13,1,1,7,3,2014,0.9285067014642356,1
2014-10-14,1,1,7,3,2014,0.9299379901809546,1
2014-10-15,1,1,7,3,2014,0.9301873583620116,1
2014-10-16,1,1,7,3,2014,0.9284060143246252,1
2014-10-17,1,1,7,3,2014,0.900453376709638,1
2014-10-18,1,1,7,3,2014,0.9259869505307976,1
2014-10-19,1,1,7,3,2014,0.9254253323228951,1
2014-10-20,1,1,7,3,2014,0.9248010923877685,1
2014-10-21,1,1,7,3,2014,0.9263955635996797,1
2014-10-22,1,1,7,3,2014,0.8637422937038545,1
2014-10-23,1,1,7,3,2014,0.836357785711009,1
2014-10-24,1,1,7,3,2014,0.8641590030071057,1
2014-10-25,1,1,7,3,2014,0.9197709181237832,1
2014-10-26,1,1,7,3,2014,0.9178148947173476,1
2014-10-27,1,1,7,3,2014,0.7950564005945061,1
2014-10-28,1,1,7,3,2014,0.8768342361326631,1
2014-10-29,1,1,7,3,2014,0.828217873613573,1
2014-10-30,0,1,7,3,2014,0.8647466776798467,1
2014-10-31,1,0,6,2,2014,0.5086189087475076,1
2014-11-01,1,1,6,2,2014,0.6702422974731334,1
2014-11-02,1,1,6,2,2014,0.7729739311827207,1
2014-11-03,1,1,6,3,2014,0.720567175794793,1
2014-11-04,1,1,6,3,2014,0.6742128772142569,1
2014-11-05,1,1,6,3,2014,0.6645555791070997,1
2014-11-06,1,1,6,3,2014,0.5972284664103565,1
2014-11-07,1,1,7,3,2014,0.7011128647134759,1
2014-11-08,0,1,7,3,2014,0.7409731241954316,1
2014-11-09,1,0,6,2,2014,0.4706414610602522,1
2014-11-10,1,1,6,2,2014,0.8324185574298408,1
2014-11-11,1,1,6,2,2014,0.8270316332210607,1
2014-11-12,1,1,6,3,2014,0.749420681114857,1
2014-11-13,1,1,6,3,2014,0.6914789603210566,1
2014-11-14,1,1,6,3,2014,0.7644344689502443,1
2014-11-15,1,1,6,3,2014,0.657442737800401,1
2014-11-16,1,1,7,3,2014,0.6430546893081339,1
2014-11-17,0,1,7,3,2014,0.7288701738810478,1
2014-11-18,0,0,6,2,2014,0.5614626486500445,1
2014-11-19,0,0,5,1,2014,0.33030417870744444,0
2014-11-20,1,0,4,0,2014,0.34968217010559,1
2014-11-21,0,1,4,1,2014,0.6036257056940987,1
2014-11-22,1,0,3,1,2014,0.42452044209726375,1
2014-11-23,1,1,3,2,2014,0.5668767803198873,1
2014-11-24,1,1,3,2,2014,0.7169566748718684,1
2014-11-25,1,1,4,3,2014,0.673370270944635,1
2014-11-26,1,1,5,3,2014,0.7725080922941611,1
2014-11-27,0,1,6,3,2014,0.8191977100650654,1
2014-11-28,0,0,5,2,2014,0.5619002051700279,1
2014-11-29,0,0,5,1,2014,0.3368848055381822,0
2014-11-30,0,0,4,0,2014,0.34851691596942014,1
2014-12-01,0,0,3,0,2014,0.31344403130717147,0
2014-12-03,0,0,1,0,2014,0.20697893677350493,0
2014-12-04,0,0,0,0,2014,0.186701134192247,0
2014-12-05,0,0,0,0,2014,0.1480291187460457,0
2014-12-06,0,0,0,0,2014,0.1274293765525232,0
2014-12-07,1,0,0,0,2014,0.20959712092235408,0
2014-12-08,1,1,1,1,2014,0.5340170752688131,1
2014-12-09,0,1,2,2,2014,0.4874025791206377,1
2014-12-10,0,0,2,2,2014,0.20398839086839546,0
2014-12-11,0,0,2,1,2014,0.08704551404123613,0
2014-12-13,0,0,2,0,2014,0.09697218380753989,0
2014-12-14,0,0,2,0,2014,0.13837472162116193,0
2014-12-15,0,0,1,0,2014,0.09039212050393071,0
2014-12-20,0,1,1,1,2014,0.23176501360673746,0
2014-12-21,1,0,1,1,2014,0.16567576878749773,0
2014-12-22,1,1,2,2,2014,0.4174231855402952,1
2014-12-23,1,1,3,2,2014,0.47719426840376955,1
2014-12-24,1,1,4,3,2014,0.6418013237968515,1
2014-12-26,1,1,5,2,2014,0.3493796190119254,1
2014-12-27,1,1,5,2,2014,0.5295282229983375,1
2014-12-28,1,1,6,2,2014,0.4084479993338253,1
2014-12-29,1,1,6,3,2014,0.3955217945290358,1
2014-12-30,1,1,6,3,2014,0.41462080822202246,1
2015-01-01,0,1,5,2,2015,0.3951724702007577,1
2015-01-02,1,0,5,1,2015,0.27421841548417736,0
2015-01-03,0,1,5,1,2015,0.5132114672291468,1
2015-01-04,0,0,4,1,2015,0.3490364653183117,1
2015-01-05,0,0,3,1,2015,0.25970464563463347,0
2015-01-06,1,0,2,0,2015,0.18364221775834288,0
2015-01-07,0,1,2,1,2015,0.46605259589123116,1
2015-01-08,0,0,2,1,2015,0.14632359396457378,0
2015-01-09,0,0,2,1,2015,0.10810629370117222,0
2015-01-10,0,0,1,0,2015,0.20498299678712623,0
2015-01-11,0,0,1,0,2015,0.17698618941047767,0
2015-01-12,1,0,1,0,2015,0.12203045684205123,0
2015-01-13,1,1,2,1,2015,0.4655997736156687,1
2015-01-14,1,1,2,2,2015,0.5969337508915498,1
2015-01-15,1,1,3,3,2015,0.6161464739861306,1
2015-01-16,1,1,4,3,2015,0.6645140196480469,1
2015-01-17,1,1,5,3,2015,0.5874969419866362,1
2015-01-18,1,1,6,3,2015,0.6920033902886986,1
2015-01-19,0,1,7,3,2015,0.7222044203345839,1
2015-01-20,1,0,6,2,2015,0.32937546728863926,0
2015-01-21,1,1,6,2,2015,0.6593075088912582,1
2015-01-22,1,1,6,2,2015,0.8577962354537978,1
2015-01-23,1,1,6,3,2015,0.8642215115313013,1
2015-01-24,1,1,6,3,2015,0.6831884858403785,1
2015-01-25,1,1,6,3,2015,0.7172280594309935,1
2015-01-26,1,1,6,3,2015,0.8705516946925183,1
2015-01-27,1,1,7,3,2015,0.8883330891175415,1
2015-01-28,1,1,7,3,2015,0.8878925473887324,1
2015-01-29,1,1,7,3,2015,0.5394710163428038,1
2015-01-30,1,1,7,3,2015,0.5341591589103768,1
2015-01-31,1,1,7,3,2015,0.8798847371165843,1
2015-02-01,1,1,7,3,2015,0.8656841106615707,1
2015-02-02,1,1,7,3,2015,0.8097544586743265,1
2015-02-03,1,1,7,3,2015,0.8499400044928126,1
2015-02-04,1,1,7,3,2015,0.8333676404556285,1
2015-02-05,1,1,7,3,2015,0.9070807536003407,1
2015-02-06,1,1,7,3,2015,0.7881726486166674,1
2015-02-07,1,1,7,3,2015,0.76337037708122,1
2015-02-08,1,1,7,3,2015,0.8772763008732537,1
2015-02-09,1,1,7,3,2015,0.8923517270552993,1
2015-02-10,1,1,7,3,2015,0.8371757781388801,1
2015-02-11,1,1,7,3,2015,0.9211497508832851,1
2015-02-12,1,1,7,3,2015,0.9383865800017046,1
2015-02-13,1,1,7,3,2015,0.908228372636094,1
2015-02-14,1,1,7,3,2015,0.9154480862639329,1
2015-02-15,0,1,7,3,2015,0.8948009153931441,1
2015-02-16,1,0,6,2,2015,0.4844721103954565,1
2015-02-17,1,1,6,2,2015,0.7234989111177634,1
2015-02-18,0,1,6,2,2015,0.7039744941559555,1
2015-02-19,0,0,5,2,2015,0.37955552853595675,1
2015-02-20,0,0,4,1,2015,0.3008401363259013,0
2015-02-21,0,0,3,0,2015,0.27478325907064455,0
2015-02-22,0,0,2,0,2015,0.24411095947671613,0
2015-02-23,0,0,2,0,2015,0.25735687286675873,0
2015-02-24,0,0,1,0,2015,0.1978859015722204,0
2015-02-25,1,0,0,0,2015,0.24375016073234493,0
2015-02-26,1,1,1,1,2015,0.5132288636106058,1
2015-02-27,0,1,2,2,2015,0.5826122302483074,1
2015-02-28,0,0,2,2,2015,0.2776726218205001,0
2015-03-01,0,0,2,1,2015,0.17846174806250556,0
2015-03-02,1,0,2,0,2015,0.2682405706116467,0
2015-03-03,0,1,3,1,2015,0.4699029045848168,1
2015-03-04,0,0,3,1,2015,0.2289739565698256,0
2015-03-05,0,0,2,1,2015,0.19707626550022994,0
2015-03-06,0,0,1,0,2015,0.20088392779755715,0
2015-03-07,0,0,1,0,2015,0.1757811189084667,0
2015-03-08,0,0,1,0,2015,0.16660722523652352,0
2015-03-09,0,0,1,0,2015,0.1527500241575938,0
2015-03-10,0,0,0,0,2015,0.13869145436449076,0
2015-03-11,0,0,0,0,2015,0.14301207400817945,0
2015-03-12,0,0,0,0,2015,0.14018068650051765,0
2015-03-13,0,0,0,0,2015,0.13618818244560452,0
2015-03-14,0,0,0,0,2015,0.13215560286997788,0
2015-03-15,0,0,0,0,2015,0.13180998970361796,0
2015-03-16,0,0,0,0,2015,0.13142243701938067,0
2015-03-17,0,0,0,0,2015,0.12176280145045355,0
2015-03-18,0,0,0,0,2015,0.12049642984729268,0
2015-03-19,0,0,0,0,2015,0.1169611987089306,0
2015-03-20,0,0,0,0,2015,0.12005254153855009,0
2015-03-21,0,0,0,0,2015,0.11613962891496822,0
2015-03-22,1,0,0,0,2015,0.12084713960037256,0
2015-03-23,0,1,1,1,2015,0.4071091471468193,1
2015-03-24,0,0,1,1,2015,0.17791969909868569,0
2015-03-25,0,0,1,1,2015,0.12551748271239926,0
2015-03-26,0,0,1,0,2015,0.14879945214860207,0
2015-03-27,0,0,1,0,2015,0.13102980721163937,0
2015-03-28,0,0,1,0,2015,0.1314747649353569,0
2015-03-29,1,0,1,0,2015,0.12509034358659984,0
2015-03-30,1,1,1,1,2015,0.3372081307852184,0
2015-03-31,0,1,2,2,2015,0.5241937623376539,1
2015-04-01,1,0,2,2,2015,0.16858214294399024,0
2015-04-02,1,1,3,2,2015,0.3662257874317855,1
2015-04-03,1,1,4,2,2015,0.42385933555260685,1
2015-04-04,0,1,5,3,2015,0.5259252346462189,1
2015-04-05,0,0,5,2,2015,0.21696604869897476,0
2015-04-06,0,0,4,1,2015,0.18469615785422328,0
2015-04-07,0,0,3,0,2015,0.15680791764272467,0
2015-04-08,0,0,3,0,2015,0.14936481897468387,0
2015-04-09,1,0,2,0,2015,0.13589939186650038,0
2015-04-10,0,1,2,1,2015,0.44305412906584873,1
2015-04-11,1,0,1,1,2015,0.15522594349852584,0
2015-04-12,0,1,2,2,2015,0.2998989206952025,0
2015-04-13,0,0,2,1,2015,0.18940677101156056,0
2015-04-14,0,0,2,1,2015,0.1476223292523784,0
2015-04-15,1,0,2,0,2015,0.12168224632434138,0
2015-04-16,0,1,3,1,2015,0.31484620173523964,0
2015-04-17,0,0,2,1,2015,0.1521132397793049,0
2015-04-18,0,0,2,1,2015,0.1255439348405089,0
2015-04-19,0,0,1,0,2015,0.12193021469971985,0
2015-04-20,0,0,1,0,2015,0.12622727330384914,0
2015-04-21,0,0,1,0,2015,0.12533667445919908,0
2015-04-22,0,0,1,0,2015,0.12278899154695233,0
2015-04-23,0,0,0,0,2015,0.10862022743290388,0
2015-04-24,0,0,0,0,2015,0.10860788585981994,0
2015-04-25,0,0,0,0,2015,0.11819972498865643,0
2015-04-26,0,0,0,0,2015,0.11798149636771363,0
2015-04-27,1,0,0,0,2015,0.11420451024386448,0
2015-04-28,0,1,1,1,2015,0.3106587508889963,0
2015-04-29,0,0,1,1,2015,0.16201064447844776,0
2015-04-30,0,0,1,1,2015,0.1276044896379043,0
2015-05-01,0,0,1,0,2015,0.13419296310630327,0
2015-05-02,0,0,1,0,2015,0.12677514252104863,0
2015-05-03,0,0,1,0,2015,0.11113081796719776,0
2015-05-04,0,0,1,0,2015,0.11363541606988033,0
2015-05-05,0,0,0,0,2015,0.10879602876443635,0
2015-05-06,0,0,0,0,2015,0.11515875161451365,0
2015-05-07,0,0,0,0,2015,0.11542385376707431,0
2015-05-09,1,0,0,0,2015,0.10344541040779852,0
2015-05-10,0,1,1,1,2015,0.31513488204883505,0
2015-05-11,0,0,1,1,2015,0.1534264127745242,0
2015-05-12,0,0,1,1,2015,0.12341234575445281,0
2015-05-13,1,0,1,0,2015,0.1286733784332378,0
2015-05-14,0,1,2,1,2015,0.35430633310104775,1
2015-05-16,1,0,2,1,2015,0.10388791730213141,0
2015-05-17,1,1,2,1,2015,0.30701382021301266,0
2015-05-18,1,1,3,2,2015,0.41634133622102854,1
2015-05-19,1,1,4,3,2015,0.5381400960316471,1
2015-05-20,0,1,5,3,2015,0.7558808669013972,1
2015-05-21,1,0,4,2,2015,0.2532104933068258,0
2015-05-22,1,1,5,2,2015,0.6542635462544693,1
2015-05-23,0,1,6,2,2015,0.5258715933194126,1
2015-05-24,0,0,5,2,2015,0.27146291132468764,0
2015-05-25,1,0,4,1,2015,0.20715145371145588,0
2015-05-26,0,1,4,1,2015,0.4606803901661397,1
2015-05-27,0,0,3,1,2015,0.28170405214514044,0
2015-05-28,1,0,3,1,2015,0.2318530269175696,0
2015-05-29,1,1,3,1,2015,0.7117874971008668,1
2015-05-30,1,1,3,2,2015,0.8204072546247759,1
2015-05-31,1,1,4,3,2015,0.8377179650933846,1
2015-06-01,1,1,5,3,2015,0.5987982914912136,1
2015-06-02,0,1,5,3,2015,0.48074622181826165,1
2015-06-03,0,0,5,2,2015,0.19606311700892604,0
2015-06-04,0,0,5,1,2015,0.19779435908413442,0
2015-06-05,1,0,4,0,2015,0.1838485745496019,0
2015-06-06,1,1,4,1,2015,0.4204269938093627,1
2015-06-07,1,1,4,2,2015,0.5481377198298221,1
2015-06-08,1,1,4,3,2015,0.5703236412363717,1
2015-06-09,0,1,4,3,2015,0.5413243378507292,1
2015-06-10,0,0,4,2,2015,0.29198011502442545,0
2015-06-11,0,0,4,1,2015,0.26182026321776986,0
2015-06-12,1,0,4,0,2015,0.289653222047389,0
2015-06-13,0,1,4,1,2015,0.6269392779963529,1
2015-06-14,0,0,3,1,2015,0.3188697957083987,0
2015-06-15,0,0,2,1,2015,0.2537663217410867,0
2015-06-16,1,0,1,0,2015,0.2253167921314145,0
2015-06-17,1,1,2,1,2015,0.47795966161470343,1
2015-06-18,1,1,3,2,2015,0.79981792472602,1
2015-06-19,1,1,4,3,2015,0.7320651066348248,1
2015-06-20,1,1,4,3,2015,0.5604922164116659,1
2015-06-21,1,1,5,3,2015,0.6308835105231656,1
2015-06-22,1,1,6,3,2015,0.7972671389918148,1
2015-06-23,0,1,7,3,2015,0.7519031899685189,1
2015-06-24,0,0,6,2,2015,0.4461356932586929,1
2015-06-25,1,0,5,1,2015,0.32640078429881914,0
2015-06-26,1,1,5,1,2015,0.6485761306214748,1
2015-06-27,1,1,5,2,2015,0.7188700340904797,1
2015-06-28,1,1,5,3,2015,0.7721718884554333,1
2015-06-29,1,1,5,3,2015,0.8468467341324493,1
2015-06-30,1,1,5,3,2015,0.8140630344617187,1
2015-07-01,1,1,6,3,2015,0.9161929940528842,1
2015-07-02,1,1,7,3,2015,0.9218611202134159,1
2015-07-03,1,1,7,3,2015,0.8797174045296702,1
2015-07-04,1,1,7,3,2015,0.9097482683786975,1
2015-07-05,1,1,7,3,2015,0.7873578984556047,1
2015-07-06,1,1,7,3,2015,0.7970280165402158,1
2015-07-07,1,1,7,3,2015,0.9120942787978958,1
2015-07-08,1,1,7,3,2015,0.9040809868680069,1
2015-07-09,1,1,7,3,2015,0.9338158751129619,1
2015-07-10,1,1,7,3,2015,0.9288595069874019,1
2015-07-11,1,1,7,3,2015,0.9450383722119116,1
2015-07-12,1,1,7,3,2015,0.952156452490174,1
2015-07-13,1,1,7,3,2015,0.9526737285041028,1
2015-07-14,1,1,7,3,2015,0.9496418600781369,1
2015-07-15,1,1,7,3,2015,0.9311214836943058,1
2015-07-16,1,1,7,3,2015,0.9381811760643498,1
2015-07-17,1,1,7,3,2015,0.9363156799683973,1
2015-07-18,1,1,7,3,2015,0.9527550239858862,1
2015-07-19,1,1,7,3,2015,0.9271122160921585,1
2015-07-20,1,1,7,3,2015,0.9825742523237176,1
2015-07-21,1,1,7,3,2015,0.9830737224311593,1
2015-07-22,1,1,7,3,2015,0.9832083486520119,1
2015-07-23,1,1,7,3,2015,0.9841714996745101,1
2015-07-24,1,1,7,3,2015,0.9826637152630215,1
2015-07-25,1,1,7,3,2015,0.9744327484997112,1
2015-07-26,1,1,7,3,2015,0.9853198484009543,1
2015-07-27,1,1,7,3,2015,0.9856762028165789,1
2015-07-28,1,1,7,3,2015,0.9840993256354146,1
2015-07-29,1,1,7,3,2015,0.9811177187134482,1
2015-07-30,1,1,7,3,2015,0.9858740158422594,1
2015-07-31,1,1,7,3,2015,0.9857525231275643,1
2015-08-01,1,1,7,3,2015,0.9823209295737717,1
2015-08-02,1,1,7,3,2015,0.974069072639217,1
2015-08-03,1,1,7,3,2015,0.9793483846111587,1
2015-08-04,1,1,7,3,2015,0.9832238284691045,1
2015-08-05,1,1,7,3,2015,0.9839685587246109,1
2015-08-06,1,1,7,3,2015,0.9849213076889639,1
2015-08-07,1,1,7,3,2015,0.9817725306394075,1
2015-08-08,1,1,7,3,2015,0.9860925452476224,1
2015-08-09,1,1,7,3,2015,0.9754564534355713,1
2015-08-10,1,1,7,3,2015,0.9848158440117575,1
2015-08-11,1,1,7,3,2015,0.9840025698094111,1
2015-08-12,1,1,7,3,2015,0.9808862822169853,1
2015-08-13,1,1,7,3,2015,0.9800554686994845,1
2015-08-14,1,1,7,3,2015,0.978885189519582,1
2015-08-15,1,1,7,3,2015,0.9743096109332388,1
2015-08-16,1,1,7,3,2015,0.9413587945894155,1
2015-08-17,1,1,7,3,2015,0.9622540293680997,1
2015-08-18,1,1,7,3,2015,0.941189335799963,1
2015-08-19,1,1,7,3,2015,0.9187436139904518,1
2015-08-20,1,1,7,3,2015,0.9275357572111769,1
2015-08-21,1,1,7,3,2015,0.9395331409559093,1
2015-08-22,1,1,7,3,2015,0.9609352069282413,1
2015-08-23,1,1,7,3,2015,0.9001768289115375,1
2015-08-24,1,1,7,3,2015,0.949714482597945,1
2015-08-25,1,1,7,3,2015,0.9526864112046024,1
2015-08-26,1,1,7,3,2015,0.9620540501385372,1
2015-08-27,1,1,7,3,2015,0.955661098618962,1
2015-08-28,1,1,7,3,2015,0.9725415148800929,1
2015-08-29,1,1,7,3,2015,0.9771663033062113,1
2015-08-30,1,1,7,3,2015,0.9809352263822223,1
2015-08-31,1,1,7,3,2015,0.9816215812960718,1
2015-09-01,1,1,7,3,2015,0.9798107324190082,1
2015-09-02,1,1,7,3,2015,0.9712593995463038,1
2015-09-03,1,1,7,3,2015,0.977619834288886,1
2015-09-04,1,1,7,3,2015,0.9763141014373883,1
2015-09-05,1,1,7,3,2015,0.9846049633961647,1
2015-09-06,1,1,7,3,2015,0.9482329103391052,1
2015-09-07,1,1,7,3,2015,0.9288299119934704,1
2015-09-08,1,1,7,3,2015,0.9521134345250221,1
2015-09-09,1,1,7,3,2015,0.9574850906646836,1
2015-09-10,1,1,7,3,2015,0.9600349770530396,1
2015-09-11,1,1,7,3,2015,0.8831992397401813,1
2015-09-12,1,1,7,3,2015,0.9333557413806094,1
2015-09-13,1,1,7,3,2015,0.9667677912924421,1
2015-09-14,1,1,7,3,2015,0.9730508559645313,1
2015-09-15,1,1,7,3,2015,0.9759683692956781,1
2015-09-16,1,1,7,3,2015,0.9520514399700489,1
2015-09-17,1,1,7,3,2015,0.9780117446752773,1
2015-09-18,1,1,7,3,2015,0.9848033325925803,1
2015-09-19,1,1,7,3,2015,0.9841207057179077,1
2015-09-20,1,1,7,3,2015,0.9782743604124452,1
2015-09-21,1,1,7,3,2015,0.9841738219014219,1
2015-09-22,1,1,7,3,2015,0.9849722978863464,1
2015-09-23,1,1,7,3,2015,0.9739604516565342,1
2015-09-24,1,1,7,3,2015,0.9702140101579199,1
2015-09-25,1,1,7,3,2015,0.9686785396096084,1
2015-09-26,1,1,7,3,2015,0.9639703219217797,1
2015-09-27,1,1,7,3,2015,0.9776343533753646,1
2015-09-28,1,1,7,3,2015,0.979530369252376,1
2015-09-29,1,1,7,3,2015,0.9799801797458866,1
2015-09-30,1,1,7,3,2015,0.9799091987688647,1
2015-10-01,1,1,7,3,2015,0.9562462997695327,1
2015-10-02,1,1,7,3,2015,0.9476494221156303,1
2015-10-03,1,1,7,3,2015,0.927480209627369,1
2015-10-04,1,1,7,3,2015,0.9652507306972871,1
2015-10-05,1,1,7,3,2015,0.9343210303207881,1
2015-10-06,1,1,7,3,2015,0.9114062627337,1
2015-10-07,1,1,7,3,2015,0.9253589155935351,1
2015-10-08,1,1,7,3,2015,0.950950801066049,1
2015-10-09,1,1,7,3,2015,0.9338178551098972,1
2015-10-10,1,1,7,3,2015,0.9002247954639254,1
2015-10-11,1,1,7,3,2015,0.8948466039970997,1
2015-10-12,1,1,7,3,2015,0.9620976256726979,1
2015-10-13,1,1,7,3,2015,0.9600636799780342,1
2015-10-14,1,1,7,3,2015,0.9683830941281266,1
2015-10-15,1,1,7,3,2015,0.9413000765879254,1
2015-10-16,1,1,7,3,2015,0.931038379955763,1
2015-10-17,1,1,7,3,2015,0.908603949845144,1
2015-10-18,1,1,7,3,2015,0.909443472748002,1
2015-10-19,1,1,7,3,2015,0.9541213315224344,1
2015-10-20,1,1,7,3,2015,0.9111860381709149,1
2015-10-21,1,1,7,3,2015,0.8482978062477637,1
2015-10-22,1,1,7,3,2015,0.9001351505708567,1
2015-10-23,1,1,7,3,2015,0.9684676337351812,1
2015-10-24,1,1,7,3,2015,0.9656990296075899,1
2015-10-25,1,1,7,3,2015,0.9715743615602256,1
2015-10-26,1,1,7,3,2015,0.9743937979096566,1
2015-10-27,1,1,7,3,2015,0.9637218130186682,1
2015-10-28,1,1,7,3,2015,0.8629391789172818,1
2015-10-29,1,1,7,3,2015,0.8628929191989502,1
2015-10-30,1,1,7,3,2015,0.9206215813520008,1
2015-10-31,1,1,7,3,2015,0.9231747948291273,1
2015-11-01,1,1,7,3,2015,0.920296743563505,1
2015-11-02,0,1,7,3,2015,0.9220787974024398,1
2015-11-03,0,0,6,2,2015,0.5287418296163623,1
2015-11-04,0,0,5,1,2015,0.5450996128465943,1
2015-11-05,1,0,4,0,2015,0.335823472957512,0
2015-11-06,1,1,4,1,2015,0.7178280277284148,1
2015-11-07,1,1,4,2,2015,0.8138157348798601,1
2015-11-08,1,1,4,3,2015,0.8073792537884353,1
2015-11-09,1,1,4,3,2015,0.7490845384200776,1
2015-11-11,1,1,5,2,2015,0.6833773972733027,1
2015-11-12,0,1,6,2,2015,0.7847257845704645,1
2015-11-13,1,0,5,1,2015,0.5681396555297956,1
2015-11-14,1,1,5,2,2015,0.7697587018193609,1
2015-11-15,0,1,5,2,2015,0.8617573230961533,1
2015-11-17,0,0,3,1,2015,0.34928153832370645,1
2015-11-18,1,0,3,0,2015,0.1963789270732674,0
2015-11-19,1,1,3,1,2015,0.4630410737572625,1
2015-11-20,0,1,4,2,2015,0.856048990419751,1
2015-11-21,1,0,3,2,2015,0.3961070469131057,1
2015-11-22,1,1,3,2,2015,0.6783390429921266,1
2015-11-23,0,1,4,2,2015,0.6147104051996581,1
2015-11-24,1,0,4,2,2015,0.2878379267027091,0
2015-11-27,1,1,3,1,2015,0.2603028346190091,0
2015-11-28,1,1,4,1,2015,0.5969722208474357,1
2015-11-29,1,1,4,2,2015,0.7046654308459843,1
2015-11-30,1,1,4,3,2015,0.6232549996975547,1
2015-12-01,1,1,5,3,2015,0.7060305761524193,1
2015-12-02,1,1,5,3,2015,0.8468572264885276,1
2015-12-03,0,1,6,3,2015,0.7318728923322345,1
2015-12-04,0,0,6,2,2015,0.27476033024682767,0
2015-12-05,1,0,5,1,2015,0.21720076086326723,0
2015-12-06,1,1,5,1,2015,0.5040835513017334,1
2015-12-07,0,1,5,2,2015,0.6263383364382696,1
2015-12-08,0,0,4,2,2015,0.2910937758810981,0
2015-12-09,0,0,3,1,2015,0.24334216689542892,0
2015-12-10,0,0,2,0,2015,0.12148063266398354,0
2015-12-12,0,0,2,0,2015,0.1096742327917321,0
2015-12-13,1,0,1,0,2015,0.12840135381366047,0
2015-12-15,0,1,1,1,2015,0.30662333905297623,0
2015-12-16,1,0,1,1,2015,0.2110177196324261,0
2015-12-17,0,1,2,1,2015,0.3720986049210487,1
2015-12-18,1,0,2,1,2015,0.13380106147992057,0
2015-12-19,0,1,3,2,2015,0.4798329823424584,1
2015-12-20,0,0,3,1,2015,0.31325170515349504,0
2015-12-21,0,0,2,1,2015,0.2438798875107714,0
2015-12-23,0,0,2,0,2015,0.15258062489851912,0
2015-12-24,1,0,1,0,2015,0.08337551647487798,0
2015-12-26,0,1,1,1,2015,0.17682471606488778,0
2015-12-27,1,0,1,1,2015,0.09616121530778392,0
2015-12-28,0,1,2,1,2015,0.5725014666904739,1
2015-12-29,0,0,2,1,2015,0.26855230723258544,0
2015-12-30,0,0,2,1,2015,0.15352721697691799,0
2015-12-31,0,0,2,0,2015,0.14256896533161367,0
2016-01-01,1,0,1,0,2016,0.161107297751465,0
2016-01-02,1,1,2,1,2016,0.36033081814704904,0
2016-01-03,1,1,3,2,2016,0.41345817358904524,0
2016-01-14,0,1,3,2,2016,0.39583366575562506,0
2016-01-15,0,0,3,2,2016,0.13440169714091255,0
2016-01-16,0,0,3,1,2016,0.16050346091625384,0
2016-01-17,1,0,2,0,2016,0.15706029355726087,0
2016-01-18,1,1,3,1,2016,0.3712406355871012,0
2016-01-19,0,1,4,2,2016,0.46212088727500367,1
2016-01-20,0,0,3,2,2016,0.20906145442684523,0
2016-01-21,0,0,2,1,2016,0.1736075936648588,0
2016-01-22,0,0,2,0,2016,0.15025363258824878,0
2016-01-23,0,0,2,0,2016,0.16697029512734857,0
2016-01-24,0,0,2,0,2016,0.15126820193741491,0
2016-01-26,0,0,0,0,2016,0.11953629435003416,0
2016-01-27,0,0,0,0,2016,0.1045966430200566,0
2016-01-28,0,0,0,0,2016,0.11008802858987828,0
2016-01-29,0,0,0,0,2016,0.10039782076507524,0
2016-01-30,0,0,0,0,2016,0.12772706783760415,0
2016-02-02,0,0,0,0,2016,0.06520148175010813,0
2016-02-03,0,0,0,0,2016,0.06527356320196749,0
2016-02-04,0,0,0,0,2016,0.06355081785198509,0
2016-02-05,0,0,0,0,2016,0.06251016909607197,0
2016-02-06,0,0,0,0,2016,0.07530097915922492,0
2016-02-07,0,0,0,0,2016,0.09447870216287567,0
2016-02-08,0,0,0,0,2016,0.08420972014515618,0
2016-02-09,1,0,0,0,2016,0.08872664079605418,0
2016-02-10,0,1,1,1,2016,0.5249465172954574,1
2016-02-11,0,0,1,1,2016,0.18146491294283792,0
2016-02-12,0,0,1,1,2016,0.1569128849339606,0
2016-02-13,0,0,1,0,2016,0.12777582051117983,0
2016-02-14,0,0,1,0,2016,0.1112504021778412,0
2016-02-15,0,0,1,0,2016,0.11486024708284502,0
2016-02-16,0,0,1,0,2016,0.11380475421203617,0
2016-02-17,0,0,0,0,2016,0.08934677588336812,0
2016-02-18,0,0,0,0,2016,0.09797362330088463,0
2016-02-19,0,0,0,0,2016,0.10447631528699304,0
2016-02-20,0,0,0,0,2016,0.07237956107206414,0
2016-02-21,0,0,0,0,2016,0.07677612556031793,0
2016-02-22,0,0,0,0,2016,0.07248379687343759,0
2016-02-23,0,0,0,0,2016,0.08900472810696762,0
2016-02-24,1,0,0,0,2016,0.0805073789854532,0
2016-02-25,0,1,1,1,2016,0.22932591411418743,0
2016-02-26,0,0,1,1,2016,0.09568259330443939,0
2016-02-27,0,0,1,1,2016,0.07049145725422411,0
2016-02-28,0,0,1,0,2016,0.06011592690729696,0
2016-02-29,0,0,1,0,2016,0.06623154318881119,0
2016-03-01,0,0,1,0,2016,0.06720146775165703,0
2016-03-02,0,0,1,0,2016,0.07263427306276077,0
2016-03-03,0,0,0,0,2016,0.06965749350632401,0
2016-03-04,0,0,0,0,2016,0.07359680290991738,0
2016-03-05,0,0,0,0,2016,0.07420169978790171,0
2016-03-06,0,0,0,0,2016,0.06838354012034217,0
2016-03-08,0,0,0,0,2016,0.048755609592899055,0
2016-03-09,0,0,0,0,2016,0.04891635675920306,0
2016-03-10,0,0,0,0,2016,0.052632020952188205,0
2016-03-11,0,0,0,0,2016,0.04843935662760777,0
2016-03-12,0,0,0,0,2016,0.07323573005251845,0
2016-03-13,0,0,0,0,2016,0.04889639371036808,0
2016-03-14,0,0,0,0,2016,0.06348492372968849,0
2016-03-15,0,0,0,0,2016,0.0699841202850658,0
2016-03-16,0,0,0,0,2016,0.07022578786625161,0
2016-03-17,0,0,0,0,2016,0.0686641573344252,0
2016-03-18,0,0,0,0,2016,0.06776787378495802,0
2016-03-19,0,0,0,0,2016,0.0649187542388425,0
2016-03-20,0,0,0,0,2016,0.0598046618434471,0
2016-03-21,1,0,0,0,2016,0.06178700748668596,0
2016-03-23,1,1,1,1,2016,0.12443584723680881,0
2016-03-24,1,1,2,2,2016,0.2502647798971296,0
2016-03-25,0,1,3,2,2016,0.3026346362956349,0
2016-03-26,0,0,3,2,2016,0.15598152245829613,0
2016-03-27,0,0,3,1,2016,0.11524918665354053,0
2016-03-28,0,0,3,0,2016,0.11463113031749662,0
2016-03-29,0,0,2,0,2016,0.09669526322790059,0
2016-03-30,0,0,2,0,2016,0.09531595697323898,0
2016-03-31,0,0,1,0,2016,0.06432127465371783,0
2016-04-01,0,0,0,0,2016,0.07796943675163062,0
2016-04-02,0,0,0,0,2016,0.07738145146785746,0
2016-04-03,0,0,0,0,2016,0.07325444192250914,0
2016-04-04,0,0,0,0,2016,0.0754854308817308,0
2016-04-05,0,0,0,0,2016,0.07127432586826914,0
2016-04-06,0,0,0,0,2016,0.07143134996571866,0
2016-04-07,0,0,0,0,2016,0.06439784012094764,0
2016-04-08,0,0,0,0,2016,0.07432965778008804,0
2016-04-09,0,0,0,0,2016,0.06900359046671967,0
2016-04-10,1,0,0,0,2016,0.07098576988571774,0
2016-04-11,0,1,1,1,2016,0.19577134049156716,0
2016-04-12,0,0,1,1,2016,0.09147350381729465,0
2016-04-13,0,0,1,1,2016,0.06976991234650419,0
2016-04-14,1,0,1,0,2016,0.0918300300922655,0
2016-04-16,0,1,2,1,2016,0.18288341660487586,0
2016-04-17,0,0,2,1,2016,0.11985979577485285,0
2016-04-18,0,0,1,0,2016,0.11124232930644301,0
2016-04-19,0,0,1,0,2016,0.10913050200857585,0
2016-04-20,0,0,1,0,2016,0.10328765328472354,0
2016-04-21,0,0,1,0,2016,0.09966985859780428,0
2016-04-22,0,0,0,0,2016,0.08103703442293389,0
2016-04-23,0,0,0,0,2016,0.07175020293063394,0
2016-04-24,0,0,0,0,2016,0.07501911174893738,0
2016-04-25,0,0,0,0,2016,0.08089576220868874,0
2016-04-26,0,0,0,0,2016,0.07586600718189943,0
2016-04-27,0,0,0,0,2016,0.09032993526887027,0
2016-04-28,0,0,0,0,2016,0.08383825020065824,0
2016-04-29,0,0,0,0,2016,0.08416105938008184,0
2016-04-30,0,0,0,0,2016,0.07890328009664306,0
2016-05-01,1,0,0,0,2016,0.09817754752872178,0
2016-05-02,0,1,1,1,2016,0.39083472599584773,0
2016-05-03,0,0,1,1,2016,0.12549756071760212,0
2016-05-04,0,0,1,1,2016,0.11188237191742849,0
2016-05-05,1,0,1,0,2016,0.1200027212427022,0
2016-05-06,0,1,2,1,2016,0.4291778830855621,1
2016-05-07,0,0,2,1,2016,0.16336062612249172,0
2016-05-08,0,0,2,1,2016,0.1386696509955351,0
2016-05-09,0,0,1,0,2016,0.12130818243568674,0
2016-05-10,0,0,1,0,2016,0.1217480286090218,0
2016-05-11,0,0,1,0,2016,0.140972606400552,0
2016-05-12,0,0,1,0,2016,0.12465726880960502,0
2016-05-13,0,0,0,0,2016,0.1156605589833159,0
2016-05-14,1,0,0,0,2016,0.11112122862021369,0
2016-05-15,1,1,1,1,2016,0.2579974001163654,0
2016-05-16,0,1,2,2,2016,0.3440805749194014,0
2016-05-17,0,0,2,2,2016,0.16736603594237076,0
2016-05-18,0,0,2,1,2016,0.15523337349259067,0
2016-05-19,0,0,2,0,2016,0.14747405871662042,0
2016-05-20,0,0,2,0,2016,0.13576164912239408,0
2016-05-21,0,0,2,0,2016,0.12862959645476132,0
2016-05-22,0,0,1,0,2016,0.13334899962804853,0
2016-05-23,0,0,0,0,2016,0.11556767275316784,0
2016-05-24,0,0,0,0,2016,0.1202402931839859,0
2016-05-25,0,0,0,0,2016,0.11687339951005073,0
2016-05-26,0,0,0,0,2016,0.11673369829140143,0
2016-05-27,0,0,0,0,2016,0.13017984312766817,0
2016-05-28,0,0,0,0,2016,0.11850238996441526,0
2016-05-29,0,0,0,0,2016,0.10802389595001659,0
2016-05-30,0,0,0,0,2016,0.11136132976566258,0
2016-05-31,0,0,0,0,2016,0.10584007996107286,0
2016-06-01,0,0,0,0,2016,0.104460798780061,0
2016-06-02,0,0,0,0,2016,0.11606292728476347,0
2016-06-03,0,0,0,0,2016,0.11119700430586837,0
2016-06-04,1,0,0,0,2016,0.11108046160129792,0
2016-06-05,0,1,1,1,2016,0.3441002896397028,0
2016-06-06,0,0,1,1,2016,0.14012230068152917,0
2016-06-07,0,0,1,1,2016,0.10774545149940334,0
2016-06-08,0,0,1,0,2016,0.10015439834505399,0
2016-06-09,0,0,1,0,2016,0.09289507394851608,0
2016-06-10,0,0,1,0,2016,0.10175371067733574,0
2016-06-11,0,0,1,0,2016,0.11400411807621415,0
2016-06-12,0,0,0,0,2016,0.09775204696106699,0
2016-06-13,1,0,0,0,2016,0.09588639884009316,0
2016-06-14,0,1,1,1,2016,0.24926439084575094,0
2016-06-15,0,0,1,1,2016,0.14246280266112407,0
2016-06-16,0,0,1,1,2016,0.12284847566814237,0
2016-06-17,1,0,1,0,2016,0.12660917292007787,0
2016-06-18,0,1,2,1,2016,0.2917161120985215,0
2016-06-19,0,0,2,1,2016,0.14872051156849916,0
2016-06-20,0,0,2,1,2016,0.12996082534046932,0
2016-06-21,0,0,1,0,2016,0.13180212688503132,0
2016-06-22,1,0,1,0,2016,0.1422360873300335,0
2016-06-23,1,1,2,1,2016,0.36813798903007744,0
2016-06-24,1,1,3,2,2016,0.5574154298766558,1
2016-06-25,0,1,3,3,2016,0.48374583158114376,1
2016-06-26,1,0,3,2,2016,0.23375288705196334,0
2016-06-27,0,1,4,2,2016,0.40792197687381965,0
2016-06-28,0,0,4,1,2016,0.27500031443391004,0
2016-06-29,1,0,4,1,2016,0.21922483584719238,0
2016-06-30,0,1,4,1,2016,0.45131543974892313,1
2016-07-01,0,0,3,1,2016,0.26379190782526935,0
2016-07-02,1,0,2,1,2016,0.1992495502412334,0
2016-07-03,0,1,3,1,2016,0.5407087032308285,1
2016-07-04,1,0,2,1,2016,0.21198629556857623,0
2016-07-05,0,1,3,2,2016,0.5789375297096986,1
2016-07-06,1,0,3,1,2016,0.2712573071946816,0
2016-07-07,1,1,3,2,2016,0.4644793983090984,1
2016-07-08,1,1,4,2,2016,0.6000967750698739,1
2016-07-09,1,1,5,3,2016,0.842023451822806,1
2016-07-10,1,1,5,3,2016,0.69798689390597,1
2016-07-11,1,1,6,3,2016,0.738865055432007,1
2016-07-12,1,1,6,3,2016,0.9199246805562763,1
2016-07-13,1,1,7,3,2016,0.9675675447859206,1
2016-07-14,1,1,7,3,2016,0.9809398710385443,1
2016-07-15,1,1,7,3,2016,0.972011532394327,1
2016-07-16,0,1,7,3,2016,0.7890944882919553,1
2016-07-17,1,0,6,2,2016,0.5539294417640949,1
2016-07-18,1,1,6,2,2016,0.9589631827684042,1
2016-07-19,1,1,6,2,2016,0.9695976028901359,1
2016-07-20,1,1,6,3,2016,0.851024962296203,1
2016-07-21,1,1,6,3,2016,0.90474319938687,1
2016-07-22,1,1,6,3,2016,0.9443557998905889,1
2016-07-23,1,1,6,3,2016,0.9627097334045871,1
2016-07-24,1,1,7,3,2016,0.980745137025527,1
2016-07-25,1,1,7,3,2016,0.9368647619248339,1
2016-07-26,1,1,7,3,2016,0.863554300155902,1
2016-07-27,1,1,7,3,2016,0.942329163229138,1
2016-07-28,1,1,7,3,2016,0.9113925065468081,1
2016-07-29,1,1,7,3,2016,0.9572283661571543,1
2016-07-30,1,1,7,3,2016,0.9002167638370906,1
2016-07-31,0,1,7,3,2016,0.927949672008037,1
2016-08-01,0,0,6,2,2016,0.6539002551325306,1
2016-08-02,0,0,5,1,2016,0.574546416029926,1
2016-08-03,0,0,4,0,2016,0.4962841457784479,1
2016-08-04,0,0,3,0,2016,0.4743171526349075,1
2016-08-05,1,0,2,0,2016,0.4387138636832293,1
2016-08-06,1,1,2,1,2016,0.7702593147581634,1
2016-08-07,1,1,2,2,2016,0.7221829676669262,1
2016-08-08,1,1,3,3,2016,0.83020333602269,1
2016-08-09,1,0,3,2,2016,0.5503181089683841,1
2016-08-10,1,1,5,3,2016,0.8714515094429088,1
2016-08-11,1,1,6,3,2016,0.9024464742744648,1
2016-08-12,1,1,7,3,2016,0.9279837897175389,1
2016-08-13,1,1,7,3,2016,0.8373933491978603,1
2016-08-14,1,1,7,3,2016,0.9134700118281831,1
2016-08-15,1,1,7,3,2016,0.9237359320640078,1
2016-08-16,1,1,7,3,2016,0.9084099168076728,1
2016-08-17,0,1,7,3,2016,0.8593081799385494,1
2016-08-18,0,0,6,2,2016,0.6437693918611466,1
2016-08-19,1,0,5,1,2016,0.5428737964702467,1
2016-08-20,0,1,5,1,2016,0.7684516774798926,1
2016-08-21,0,0,4,1,2016,0.5426320916814734,1
2016-08-22,1,0,3,1,2016,0.4864066829138783,1
2016-08-23,1,1,3,1,2016,0.7846469647577557,1
2016-08-24,1,1,3,2,2016,0.6892571877341076,1
2016-08-25,1,1,4,3,2016,0.7351559153311341,1
2016-08-26,0,1,5,3,2016,0.8426063665494002,1
2016-08-27,0,0,4,2,2016,0.5388106157433069,1
2016-08-28,1,0,4,1,2016,0.4957372657845072,1
2016-08-29,1,1,5,1,2016,0.9244148429351022,1
2016-08-30,0,1,5,2,2016,0.7849776082700158,1
2016-08-31,1,0,4,2,2016,0.5116805706882631,1
2016-09-01,1,1,4,2,2016,0.7627433326095077,1
2016-09-02,1,1,4,2,2016,0.8366246313679958,1
2016-09-03,1,1,5,3,2016,0.7730854510798995,1
2016-09-04,1,1,6,3,2016,0.8637007887943107,1
2016-09-05,1,1,6,3,2016,0.8496118044636526,1
2016-09-06,1,1,6,3,2016,0.8840570822113781,1
2016-09-07,1,1,7,3,2016,0.8708092899800004,1
2016-09-08,1,1,7,3,2016,0.8042917027674231,1
2016-09-09,1,1,7,3,2016,0.8564073775578608,1
2016-09-10,1,1,7,3,2016,0.9231223205553148,1
2016-09-11,0,1,7,3,2016,0.9438608605093184,1
2016-09-12,0,0,6,2,2016,0.6151977303805175,1
2016-09-13,1,0,5,1,2016,0.42819316069871743,1
2016-09-14,1,1,5,1,2016,0.7127979006179367,1
2016-09-15,0,1,5,2,2016,0.7960939117303746,1
2016-09-16,0,0,4,2,2016,0.4441159589123373,1
2016-09-17,1,0,3,1,2016,0.3219106862834645,0
2016-09-18,1,1,3,1,2016,0.515303049879458,1
2016-09-19,0,1,4,2,2016,0.5808331340340804,1
2016-09-20,0,0,4,2,2016,0.3413888394692214,0
2016-09-21,1,0,3,1,2016,0.26204365682695224,0
2016-09-22,0,1,3,1,2016,0.6016577981188342,1
2016-09-23,1,0,3,1,2016,0.31753643649219604,0
2016-09-24,0,1,4,2,2016,0.5199550967431383,1
2016-09-25,0,0,3,1,2016,0.3835667886045918,0
2016-09-26,0,0,2,1,2016,0.28351505616101597,0
2016-09-27,0,0,2,0,2016,0.2715790861612833,0
2016-09-28,0,0,2,0,2016,0.2732953656029638,0
2016-09-29,0,0,1,0,2016,0.22298415272661742,0
2016-09-30,1,0,1,0,2016,0.24289254117527395,0
2016-10-01,1,1,1,1,2016,0.786659959189035,1
2016-10-02,0,1,2,2,2016,0.5696796527994298,1
2016-10-03,1,0,2,2,2016,0.35584762792941516,0
2016-10-04,0,1,3,2,2016,0.7193742095597138,1
2016-10-05,0,0,3,1,2016,0.3947281348842408,0
2016-10-06,1,0,3,1,2016,0.3397271481020595,0
2016-10-07,1,1,4,1,2016,0.6115562842908868,1
2016-10-08,1,1,4,2,2016,0.7089893461420839,1
2016-10-09,1,1,4,3,2016,0.80506832810915,1
2016-10-10,1,1,5,3,2016,0.7145913319060229,1
2016-10-11,1,1,5,3,2016,0.6837278623841518,1
2016-10-12,0,1,6,3,2016,0.8806363135591485,1
2016-10-13,0,0,6,2,2016,0.4714463289618359,1
2016-10-14,1,0,5,1,2016,0.3268764355484789,0
2016-10-15,0,1,5,1,2016,0.613525885820733,1
2016-10-16,0,0,4,1,2016,0.3813332089404061,0
2016-10-17,0,0,3,1,2016,0.3232937852585341,0
2016-10-18,0,0,2,0,2016,0.23888210905218976,0
2016-10-19,0,0,1,0,2016,0.1987262944046128,0
2016-10-20,0,0,1,0,2016,0.20484618291838672,0
2016-10-21,0,0,1,0,2016,0.19559880594906265,0
2016-10-22,0,0,0,0,2016,0.17538346793938628,0
2016-10-23,0,0,0,0,2016,0.16805722952677735,0
2016-10-24,0,0,0,0,2016,0.16192819998500774,0
2016-10-25,0,0,0,0,2016,0.17774837426061962,0
2016-10-26,0,0,0,0,2016,0.11440134769769457,0
2016-10-27,0,0,0,0,2016,0.12769820397372442,0
2016-10-28,0,0,0,0,2016,0.14013380809662504,0
2016-10-29,0,0,0,0,2016,0.15646055831707503,0
2016-10-30,1,0,0,0,2016,0.1378734841473559,0
2016-10-31,0,1,1,1,2016,0.3122534207724318,0
2016-11-01,0,0,1,1,2016,0.15612157406841917,0
2016-11-02,0,0,1,1,2016,0.1786343100275628,0
2016-11-03,0,0,1,0,2016,0.13360952228131695,0
2016-11-04,0,0,1,0,2016,0.10899314118503371,0
2016-11-05,0,0,1,0,2016,0.13765629788545145,0
2016-11-06,0,0,1,0,2016,0.10046278679622683,0
2016-11-07,0,0,0,0,2016,0.13546213291148645,0
2016-11-08,0,0,0,0,2016,0.08927809136297285,0
2016-11-09,0,0,0,0,2016,0.09653326191703024,0
2016-11-10,0,0,0,0,2016,0.07877344363229974,0
2016-11-11,0,0,0,0,2016,0.06690903115440419,0
2016-11-12,0,0,0,0,2016,0.10475394708894521,0
2016-11-13,1,0,0,0,2016,0.1027363367117079,0
2016-11-14,1,1,1,1,2016,0.37747473684009375,0
2016-11-15,1,1,2,2,2016,0.46900252392063,1
2016-11-16,0,1,3,3,2016,0.5281040206527047,1
2016-11-17,0,0,3,2,2016,0.1380069698656538,0
2016-11-18,0,0,3,1,2016,0.11317484929584554,0
2016-11-19,0,0,3,0,2016,0.18256318553881878,0
2016-11-20,0,0,3,0,2016,0.14954822452463964,0
2016-11-21,0,0,2,0,2016,0.1719102663190501,0
2016-11-22,0,0,1,0,2016,0.07537974961055512,0
2016-11-23,0,0,0,0,2016,0.11852852658407208,0
2016-11-24,0,0,0,0,2016,0.06887543806797004,0
2016-11-25,1,0,0,0,2016,0.0674089803371799,0
2016-11-26,0,1,1,1,2016,0.27217712168283353,0
2016-11-28,0,0,1,1,2016,0.0878489910199895,0
2016-11-30,0,0,1,0,2016,0.06247934237570721,0
2016-12-01,0,0,1,0,2016,0.08739873925303412,0
2016-12-02,0,0,1,0,2016,0.06764618473471053,0
2016-12-03,0,0,0,0,2016,0.06207122687049339,0
2016-12-04,0,0,0,0,2016,0.06218925945311271,0
2016-12-05,0,0,0,0,2016,0.058660322914310455,0
2016-12-06,0,0,0,0,2016,0.07984742947870527,0
2016-12-07,0,0,0,0,2016,0.05198126748399576,0
2016-12-08,0,0,0,0,2016,0.05984023588192,0
2016-12-09,0,0,0,0,2016,0.04780010723048043,0
2016-12-10,0,0,0,0,2016,0.044922660082367026,0
2016-12-11,0,0,0,0,2016,0.054232457942765766,0
2016-12-12,0,0,0,0,2016,0.07929545615267104,0
2016-12-13,0,0,0,0,2016,0.06160912783534552,0
2016-12-14,0,0,0,0,2016,0.0586637651544522,0
2016-12-15,0,0,0,0,2016,0.041663021289750315,0
2016-12-17,0,0,0,0,2016,0.04148176829917236,0
2016-12-18,0,0,0,0,2016,0.03855438934336023,0
2016-12-19,0,0,0,0,2016,0.03476110118599968,0
2016-12-20,0,0,0,0,2016,0.0345445805920229,0
2016-12-21,0,0,0,0,2016,0.03794650177348597,0
2016-12-23,0,0,0,0,2016,0.04032608494938665,0
2016-12-30,1,1,2,2,2016,0.15297898859636058,0
2016-12-31,0,1,3,3,2016,0.2701434753413738,0
2017-01-01,0,0,3,2,2017,0.0636974550826563,0
2017-01-02,0,0,3,1,2017,0.0552948023194471,0
2017-01-03,0,0,3,0,2017,0.058346403351713365,0
2017-01-04,0,0,3,0,2017,0.05295369510840299,0
2017-01-05,1,0,2,0,2017,0.04896591424040042,0
2017-01-06,1,1,2,1,2017,0.2041755884862609,0
2017-01-07,1,1,2,2,2017,0.16342780756938,0
2017-01-08,1,1,3,3,2017,0.2356241036503145,0
2017-01-09,0,1,4,3,2017,0.2931531676623717,0
2017-01-10,0,0,4,2,2017,0.1012476368152033,0
2017-01-11,0,0,4,1,2017,0.07089596285437037,0
2017-01-12,1,0,4,0,2017,0.06838518612821837,0
2017-01-13,1,1,4,1,2017,0.19085000437837474,0
2017-01-14,1,1,4,2,2017,0.26761238582235547,0
2017-01-15,0,1,4,3,2017,0.2538012284478887,0
2017-01-16,1,0,3,2,2017,0.11313285216409251,0
2017-01-17,0,1,4,2,2017,0.31185388085779486,0
2017-01-18,0,0,4,1,2017,0.1066125556420575,0
2017-01-30,0,0,1,0,2017,0.05618651958610153,0
2017-01-31,0,0,1,0,2017,0.05441284463705551,0
2017-02-01,0,0,1,0,2017,0.053714812881853743,0
2017-02-02,0,0,1,0,2017,0.05322092618849982,0
2017-02-03,1,0,0,0,2017,0.048740525097263766,0
2017-02-04,0,1,1,1,2017,0.15158733616076506,0
2017-02-05,0,0,1,1,2017,0.06353624982548632,0
2017-02-06,0,0,1,1,2017,0.06039758504785907,0
2017-02-07,0,0,1,0,2017,0.05632383153737172,0
2017-02-08,0,0,1,0,2017,0.05406847057531856,0
2017-02-09,0,0,1,0,2017,0.05312914222655978,0
2017-02-10,0,0,1,0,2017,0.05248288668332247,0
2017-02-11,0,0,0,0,2017,0.04874526109677861,0
2017-02-12,0,0,0,0,2017,0.04775113847194109,0
2017-02-13,0,0,0,0,2017,0.0765767306115704,0
2017-02-14,0,0,0,0,2017,0.06804263421775383,0
2017-02-15,0,0,0,0,2017,0.06678473747270446,0
2017-02-16,0,0,0,0,2017,0.043481874224353616,0
2017-02-19,0,0,0,0,2017,0.04380104936057426,0
2017-02-20,0,0,0,0,2017,0.04383019778237908,0
2017-02-21,0,0,0,0,2017,0.04354804156028329,0
2017-02-22,0,0,0,0,2017,0.050425046643215364,0
2017-02-23,0,0,0,0,2017,0.045107541310201775,0
2017-02-24,0,0,0,0,2017,0.045149154662132686,0
2017-02-25,0,0,0,0,2017,0.05624564753269674,0
2017-02-26,0,0,0,0,2017,0.07761078515387107,0
2017-03-01,0,0,0,0,2017,0.044650915129039175,0
2017-03-02,0,0,0,0,2017,0.047385760349777706,0
2017-03-03,1,0,0,0,2017,0.04499803195073058,0
2017-03-04,0,1,1,1,2017,0.20519053835447681,0
2017-03-05,0,0,1,1,2017,0.05991321233838493,0
2017-03-06,0,0,1,1,2017,0.052500806986038755,0
2017-03-07,0,0,1,0,2017,0.05217789030612745,0
2017-03-08,0,0,1,0,2017,0.04982766769039633,0
2017-03-09,0,0,1,0,2017,0.04703100647930529,0
2017-03-10,0,0,1,0,2017,0.04579267257832194,0
2017-03-11,0,0,0,0,2017,0.04171121024076511,0
2017-03-12,0,0,0,0,2017,0.05781295066097523,0
2017-03-13,0,0,0,0,2017,0.06244596699074005,0
2017-03-14,0,0,0,0,2017,0.0706468492488383,0
2017-03-15,0,0,0,0,2017,0.0694967679683354,0
2017-03-16,0,0,0,0,2017,0.06561896467163103,0
2017-03-17,1,0,0,0,2017,0.06330881865050636,0
2017-03-18,0,1,1,1,2017,0.16240900720392606,0
2017-03-19,0,0,1,1,2017,0.08562325744112856,0
2017-03-20,0,0,1,1,2017,0.0703300254471009,0
2017-03-21,0,0,1,0,2017,0.07378497785672684,0
2017-03-22,0,0,1,0,2017,0.07310195600224616,0
2017-03-23,0,0,1,0,2017,0.0730670772814844,0
2017-03-24,0,0,1,0,2017,0.07267433991261817,0
2017-03-25,0,0,0,0,2017,0.07643977970930387,0
2017-03-26,0,0,0,0,2017,0.076750309039213,0
2017-03-27,0,0,0,0,2017,0.07757142284275109,0
2017-03-28,0,0,0,0,2017,0.06838837551880708,0
2017-03-29,0,0,0,0,2017,0.0764839989260888,0
2017-03-30,0,0,0,0,2017,0.07729539475509124,0
2017-03-31,0,0,0,0,2017,0.07810901658466676,0
2017-04-01,0,0,0,0,2017,0.07041062606608126,0
2017-04-02,0,0,0,0,2017,0.07917214887116569,0
2017-04-03,0,0,0,0,2017,0.078250838033061,0
2017-04-04,0,0,0,0,2017,0.0788684127634618,0
2017-04-05,0,0,0,0,2017,0.07794835315348958,0
2017-04-06,0,0,0,0,2017,0.08400326003966567,0
2017-04-07,0,0,0,0,2017,0.08048986091566826,0
2017-04-08,0,0,0,0,2017,0.08089410995441232,0
2017-04-09,0,0,0,0,2017,0.08115084452709388,0
2017-04-10,0,0,0,0,2017,0.08182980744063481,0
2017-04-11,0,0,0,0,2017,0.08213838592832268,0
2017-04-12,0,0,0,0,2017,0.08292109138169838,0
2017-04-13,0,0,0,0,2017,0.08196205279905154,0
2017-04-14,0,0,0,0,2017,0.07913528042169393,0
2017-04-15,0,0,0,0,2017,0.07885810652749657,0
2017-04-16,0,0,0,0,2017,0.08022310219503688,0
2017-04-17,0,0,0,0,2017,0.08176986271622566,0
2017-04-18,0,0,0,0,2017,0.0823760290469228,0
2017-04-19,0,0,0,0,2017,0.07651338111650746,0
2017-04-20,0,0,0,0,2017,0.06086766768799473,0
2017-04-21,0,0,0,0,2017,0.05249191916864413,0
2017-04-22,0,0,0,0,2017,0.06290485691863577,0
2017-04-23,0,0,0,0,2017,0.05763416451057027,0
2017-04-24,0,0,0,0,2017,0.05593583408113228,0
2017-04-26,0,0,0,0,2017,0.05707742473421813,0
2017-04-27,0,0,0,0,2017,0.07216569894356108,0
2017-04-28,0,0,0,0,2017,0.0626327075070233,0
2017-04-29,0,0,0,0,2017,0.06283480259039731,0
2017-04-30,0,0,0,0,2017,0.07538575855873461,0
2017-05-01,0,0,0,0,2017,0.06858028330939543,0
2017-05-02,1,0,0,0,2017,0.06926453272029202,0
2017-05-03,0,1,1,1,2017,0.23212116417411974,0
2017-05-04,0,0,1,1,2017,0.1127898900615096,0
2017-05-05,1,0,1,1,2017,0.09396249108351758,0
2017-05-06,1,1,2,1,2017,0.2994804278753023,0
2017-05-08,0,1,3,2,2017,0.21171215862684836,0
2017-05-09,0,0,3,1,2017,0.14635870332750772,0
2017-05-10,1,0,2,0,2017,0.13915532616590703,0
2017-05-11,0,1,3,1,2017,0.3329090094690354,0
2017-05-12,0,0,3,1,2017,0.17944025233234698,0
2017-05-13,0,0,2,1,2017,0.1404195723213652,0
2017-05-14,0,0,1,0,2017,0.12459939250751573,0
2017-05-15,0,0,1,0,2017,0.12108421030044432,0
2017-05-16,0,0,1,0,2017,0.11735982947576698,0
2017-05-17,0,0,1,0,2017,0.12118167745260497,0
2017-05-18,1,0,0,0,2017,0.11379242299717163,0
2017-05-19,1,1,1,1,2017,0.28231250893450055,0
2017-05-20,0,1,2,2,2017,0.3418067304665199,0
2017-05-21,1,0,2,2,2017,0.18510426268345057,0
2017-05-22,0,1,3,2,2017,0.36298867919661726,0
2017-05-23,0,0,3,1,2017,0.18825865093585317,0
2017-05-24,1,0,3,1,2017,0.15067978197389467,0
2017-05-25,0,1,4,1,2017,0.31622269598053465,0
2017-05-26,0,0,3,1,2017,0.15591064006622113,0
2017-05-27,0,0,2,1,2017,0.143888546632675,0
2017-05-28,1,0,2,0,2017,0.13768360297557675,0
2017-05-29,1,1,2,1,2017,0.35153235456730964,0
2017-05-30,1,1,3,2,2017,0.35542628609658783,0
2017-05-31,0,1,4,3,2017,0.40527991226223986,0
2017-06-01,1,0,3,2,2017,0.21084797296397534,0
2017-06-02,0,1,4,2,2017,0.4956716613902473,1
2017-06-03,1,0,4,1,2017,0.22662614331398276,0
2017-06-04,1,1,5,2,2017,0.3587358720557794,0
2017-06-05,0,1,5,2,2017,0.697742671902805,1
2017-06-06,0,0,4,2,2017,0.22317551862427676,0
2017-06-07,1,0,3,1,2017,0.14587011773116243,0
2017-06-08,1,1,4,1,2017,0.3417575855773026,0
2017-06-09,0,1,4,2,2017,0.5203781994368707,1
2017-06-10,1,0,4,2,2017,0.2769587391648032,0
2017-06-11,0,1,4,2,2017,0.5546199405068578,1
2017-06-12,1,0,3,1,2017,0.25267035139552757,0
2017-06-13,0,1,4,2,2017,0.45445191921559747,1
2017-06-14,1,0,4,1,2017,0.3092907605378743,0
2017-06-15,1,1,4,2,2017,0.4659024009082146,1
2017-06-16,1,1,4,2,2017,0.8758295690365046,1
2017-06-17,1,1,5,3,2017,0.6812222035146169,1
2017-06-18,1,0,4,2,2017,0.3509667806402413,0
2017-06-19,0,0,5,2,2017,0.34859270472126963,0
2017-06-20,1,0,5,2,2017,0.3341609575274157,0
2017-06-21,0,1,6,2,2017,0.5822464920792126,1
2017-06-22,0,0,5,1,2017,0.3748310021082365,0
2017-06-23,1,0,4,1,2017,0.3044491849508403,0
2017-06-24,0,1,4,1,2017,0.5100359048177927,1
2017-06-25,1,0,3,1,2017,0.3084574159402982,0
2017-06-26,0,1,3,2,2017,0.46918513871978706,1
2017-06-27,0,0,3,1,2017,0.2701484255615073,0
2017-06-28,0,0,2,1,2017,0.24897092529888132,0
2017-06-29,0,0,2,0,2017,0.2561218926812435,0
2017-06-30,1,0,2,0,2017,0.25251340118401666,0
2017-07-01,0,1,2,1,2017,0.5466239446707045,1
2017-07-02,0,0,2,1,2017,0.2996491951837138,0
2017-07-03,1,0,1,1,2017,0.2608265021508607,0
2017-07-04,0,1,2,1,2017,0.6725866477745391,1
2017-07-05,1,0,2,1,2017,0.2796099556708293,0
2017-07-06,1,1,3,2,2017,0.5046883293638151,1
2017-07-07,1,1,4,2,2017,0.7055245058284795,1
2017-07-08,1,1,4,3,2017,0.7079792885472248,1
2017-07-09,1,1,5,3,2017,0.677474613744026,1
2017-07-10,1,0,5,2,2017,0.34261051790571734,0
2017-07-11,1,1,6,3,2017,0.8342279787956567,1
2017-07-12,0,1,7,3,2017,0.6863849744559112,1
2017-07-13,0,0,6,2,2017,0.47271785947119294,1
2017-07-14,1,0,5,1,2017,0.4173413628597447,0
2017-07-15,0,1,5,1,2017,0.6685607606760384,1
2017-07-16,1,0,4,1,2017,0.381873422316762,0
2017-07-17,1,1,4,2,2017,0.7173025536538699,1
2017-07-18,1,1,4,2,2017,0.7113515597850222,1
2017-07-19,1,1,4,3,2017,0.7257000974988407,1
2017-07-20,1,1,5,3,2017,0.7935390281723519,1
2017-07-21,1,1,6,3,2017,0.8133829452514716,1
2017-07-22,1,1,6,3,2017,0.7326671835651644,1
2017-07-23,0,1,7,3,2017,0.7623133180094598,1
2017-07-24,0,0,6,2,2017,0.5406481243405075,1
2017-07-25,1,0,5,1,2017,0.520549745812588,1
2017-07-26,1,1,5,1,2017,0.8091433439180653,1
2017-07-27,1,1,5,2,2017,0.7225286381752476,1
2017-07-28,1,1,5,3,2017,0.8353002774449513,1
2017-07-29,1,1,5,3,2017,0.9016839478970031,1
2017-07-30,1,1,5,3,2017,0.8784937667406962,1
2017-07-31,1,1,6,3,2017,0.8994493039392835,1
2017-08-01,1,1,7,3,2017,0.9159017395729276,1
2017-08-02,1,1,7,3,2017,0.9287677541315853,1
2017-08-03,1,1,7,3,2017,0.9156061153766467,1
2017-08-04,1,1,7,3,2017,0.9677620320959264,1
2017-08-05,1,1,7,3,2017,0.9676786938400537,1
2017-08-06,1,1,7,3,2017,0.9846628430049514,1
2017-08-07,1,1,7,3,2017,0.9848916629246576,1
2017-08-08,1,1,7,3,2017,0.9725071478536151,1
2017-08-09,1,1,7,3,2017,0.9649958053911645,1
2017-08-10,1,1,7,3,2017,0.9475190109786439,1
2017-08-11,1,1,7,3,2017,0.954430317053773,1
2017-08-12,1,1,7,3,2017,0.9754215708059397,1
2017-08-13,1,1,7,3,2017,0.9719912389659296,1
2017-08-14,1,1,7,3,2017,0.9602070325988431,1
2017-08-15,1,1,7,3,2017,0.9805334911387567,1
2017-08-16,1,1,7,3,2017,0.9834901719727772,1
2017-08-17,1,1,7,3,2017,0.9603574897180701,1
2017-08-18,1,1,7,3,2017,0.9694332221075349,1
2017-08-19,1,1,7,3,2017,0.9925747471943238,1
2017-08-20,1,1,7,3,2017,0.9932589379596477,1
2017-08-21,1,1,7,3,2017,0.99317739015332,1
2017-08-22,1,1,7,3,2017,0.9928983020061578,1
2017-08-23,1,1,7,3,2017,0.9930009931399709,1
2017-08-24,1,1,7,3,2017,0.9938601394996308,1
2017-08-25,1,1,7,3,2017,0.9938811033309523,1
2017-08-26,1,1,7,3,2017,0.9912520642027681,1
2017-08-27,1,1,7,3,2017,0.9827135462629493,1
2017-08-28,1,1,7,3,2017,0.9616113009777587,1
2017-08-29,1,1,7,3,2017,0.983950438444392,1
2017-08-30,1,1,7,3,2017,0.9846153937320823,1
2017-08-31,1,1,7,3,2017,0.9618694740461057,1
2017-09-01,1,1,7,3,2017,0.9632779529619455,1
2017-09-02,1,1,7,3,2017,0.9581569753986215,1
2017-09-03,1,1,7,3,2017,0.9735217813207696,1
2017-09-04,1,1,7,3,2017,0.9791314886925073,1
2017-09-05,1,1,7,3,2017,0.9612690604578982,1
2017-09-06,1,1,7,3,2017,0.9152301860636872,1
2017-09-07,1,1,7,3,2017,0.928385402751555,1
2017-09-08,1,1,7,3,2017,0.96944461703015,1
2017-09-09,1,1,7,3,2017,0.9563232346516574,1
2017-09-10,1,1,7,3,2017,0.9588724555541901,1
2017-09-11,1,1,7,3,2017,0.9657563641718147,1
2017-09-12,1,1,7,3,2017,0.9832766474247848,1
2017-09-13,1,1,7,3,2017,0.9910844148524862,1
2017-09-14,1,1,7,3,2017,0.9896869346915541,1
2017-09-15,1,1,7,3,2017,0.989629340910891,1
2017-09-16,1,1,7,3,2017,0.9840410434310236,1
2017-09-17,1,1,7,3,2017,0.9102250828802848,1
2017-09-18,1,1,7,3,2017,0.9735749423081949,1
2017-09-19,1,1,7,3,2017,0.9807053267607707,1
2017-09-20,1,1,7,3,2017,0.9489036264504954,1
2017-09-21,1,1,7,3,2017,0.9390614368199994,1
2017-09-22,1,1,7,3,2017,0.9531891677356422,1
2017-09-23,1,1,7,3,2017,0.9676253111096956,1
2017-09-24,0,1,7,3,2017,0.9704416373712865,1
2017-09-25,0,0,6,2,2017,0.6545155630913009,1
2017-09-26,1,0,5,1,2017,0.5639813446425735,1
2017-09-27,1,1,5,1,2017,0.8692892016620919,1
2017-09-28,1,1,5,2,2017,0.8499419711370342,1
2017-09-29,1,1,5,3,2017,0.8025545518161482,1
2017-09-30,1,1,5,3,2017,0.7422362985640819,1
2017-10-01,1,1,5,3,2017,0.7610821507388028,1
2017-10-02,1,1,6,3,2017,0.9226047269239577,1
2017-10-03,1,1,7,3,2017,0.8832481902432952,1
2017-10-04,0,1,7,3,2017,0.8251298320844445,1
2017-10-05,1,0,6,2,2017,0.4632419588136302,1
2017-10-06,0,1,6,2,2017,0.7631770606930025,1
2017-10-07,1,0,5,1,2017,0.45962238122855964,1
2017-10-08,1,1,5,2,2017,0.8849227710061311,1
2017-10-09,1,1,5,2,2017,0.8584034598580806,1
2017-10-10,1,1,5,3,2017,0.8989395192522334,1
2017-10-11,1,1,5,3,2017,0.9765186879854167,1
2017-10-12,1,1,6,3,2017,0.9682131480206699,1
2017-10-13,1,1,6,3,2017,0.9728075895505374,1
2017-10-14,1,1,7,3,2017,0.9566454018033301,1
2017-10-15,1,1,7,3,2017,0.9814103951063937,1
2017-10-16,1,1,7,3,2017,0.9771534180037373,1
2017-10-17,1,1,7,3,2017,0.967518287825372,1
2017-10-18,1,1,7,3,2017,0.9686876598386998,1
2017-10-19,1,1,7,3,2017,0.9363439144883466,1
2017-10-20,1,1,7,3,2017,0.864318854247118,1
2017-10-21,0,1,7,3,2017,0.9257711339789936,1
2017-10-22,1,0,6,2,2017,0.6602408080387666,1
2017-10-23,1,1,6,2,2017,0.8466330444055954,1
2017-10-24,1,1,6,2,2017,0.9628157559902255,1
2017-10-25,1,1,6,3,2017,0.9837644609680467,1
2017-10-26,1,1,6,3,2017,0.9863505187643835,1
2017-10-27,1,1,6,3,2017,0.9828821018876596,1
2017-10-28,1,1,6,3,2017,0.9844928832103144,1
2017-10-29,1,1,7,3,2017,0.9855104910075735,1
2017-10-30,1,1,7,3,2017,0.9811446134886336,1
2017-10-31,1,1,7,3,2017,0.902922358392678,1
2017-11-01,1,1,7,3,2017,0.8758493964402281,1
2017-11-02,1,1,7,3,2017,0.8752659754447257,1
2017-11-03,1,1,7,3,2017,0.9162224342162271,1
2017-11-04,1,1,7,3,2017,0.8619849093299523,1
2017-11-05,0,1,7,3,2017,0.8841599933084001,1
2017-11-06,0,0,6,2,2017,0.6512239808233633,1
2017-11-07,0,0,5,1,2017,0.5816120365192134,1
2017-11-08,0,0,4,0,2017,0.5293570562615773,1
2017-11-09,0,0,3,0,2017,0.4547476956474281,1
2017-11-10,0,0,2,0,2017,0.4325435159876282,1
2017-11-11,0,0,1,0,2017,0.42218088151306243,1
2017-11-12,1,0,0,0,2017,0.40578188319851877,0
2017-11-13,0,1,1,1,2017,0.6477650704083738,1
2017-11-14,0,0,1,1,2017,0.38299878090512074,0
2017-11-15,0,0,1,1,2017,0.31485122009632016,0
2017-11-16,0,0,1,0,2017,0.3404612486699425,0
2017-11-17,0,0,1,0,2017,0.2602390264998877,0
2017-11-18,0,0,1,0,2017,0.26484862742392307,0
2017-11-19,0,0,1,0,2017,0.2283544053913688,0
2017-11-20,0,0,0,0,2017,0.1927108113264257,0
2017-11-21,1,0,0,0,2017,0.21625352523052704,0
2017-11-22,0,1,1,1,2017,0.5411037387079431,1
2017-11-23,0,0,1,1,2017,0.26239755270831083,0
2017-11-24,1,0,1,1,2017,0.2658273982594475,0
2017-11-25,0,1,2,1,2017,0.6958677490616596,1
2017-11-26,1,0,2,1,2017,0.18725060367737,0
2017-11-27,0,1,3,2,2017,0.5498405835778108,1
2017-11-28,0,0,3,1,2017,0.18324757308370557,0
2017-11-29,1,0,2,1,2017,0.1324778463433246,0
2017-11-30,0,1,3,1,2017,0.4991925693444288,1
2017-12-01,0,0,3,1,2017,0.14352312032580708,0
2017-12-02,0,0,2,1,2017,0.09789898639862067,0
2017-12-03,1,0,2,0,2017,0.14788348077414318,0
2017-12-04,1,1,2,1,2017,0.3558088222625338,0
2017-12-05,1,1,3,2,2017,0.3904581626854415,0
2017-12-06,0,1,4,3,2017,0.48668375301581446,1
2017-12-07,1,0,3,2,2017,0.14545058678022427,0
2017-12-08,1,1,4,2,2017,0.7529830124067344,1
2017-12-09,1,1,5,2,2017,0.7590174092285757,1
2017-12-10,1,1,6,3,2017,0.6619776775685214,1
2017-12-11,0,1,6,3,2017,0.8183663274119842,1
2017-12-12,0,0,5,2,2017,0.26653176776905796,0
2017-12-13,0,0,4,1,2017,0.16892411262008605,0
2017-12-14,0,0,4,0,2017,0.14370685820459397,0
2017-12-15,0,0,3,0,2017,0.12037080700813074,0
2017-12-16,0,0,2,0,2017,0.10224419420719996,0
2017-12-17,0,0,1,0,2017,0.08645475068938167,0
2017-12-18,0,0,0,0,2017,0.07583147473558198,0
2017-12-19,1,0,0,0,2017,0.06816860189899064,0
2017-12-20,1,1,1,1,2017,0.17973831363937448,0
2017-12-21,0,1,2,2,2017,0.29770311854774084,0
2017-12-22,1,0,2,2,2017,0.10748124668273418,0
2017-12-23,1,1,3,2,2017,0.34325101176179934,0
2017-12-24,1,1,4,2,2017,0.7903922792771764,1
2017-12-26,1,1,5,2,2017,0.3083567189699668,0
2017-12-27,1,1,5,2,2017,0.8309764880758447,1
2017-12-28,1,1,5,2,2017,0.8410711818117074,1
2017-12-29,0,1,6,3,2017,0.8148380134818216,1
2017-12-30,1,0,5,2,2017,0.13769796743636337,0
2017-12-31,1,1,5,2,2017,0.5902212021850708,1
2018-01-01,1,1,5,2,2018,0.8108952209202193,1
2018-01-02,1,1,6,3,2018,0.8534841838464067,1
2018-01-03,1,1,6,3,2018,0.8409015817014106,1
2018-01-04,1,1,6,3,2018,0.8381084934950163,1
2018-01-05,1,1,6,3,2018,0.7535762202665812,1
2018-01-06,1,1,7,3,2018,0.823776098084099,1
2018-01-07,1,1,7,3,2018,0.9045277440276552,1
2018-01-08,1,1,7,3,2018,0.9529611766038187,1
2018-01-11,0,1,5,1,2018,0.4122951439822543,1
2018-01-12,0,0,4,0,2018,0.1980902711629997,0
2018-01-13,1,0,3,0,2018,0.16982267560754571,0
2018-01-14,1,1,3,1,2018,0.3233494434832434,1
2018-01-15,0,1,3,2,2018,0.4198901440495148,1
2018-01-16,0,0,2,2,2018,0.20665092769658217,0
2018-01-17,0,0,2,1,2018,0.16799342362228115,0
2018-01-18,0,0,2,0,2018,0.13483057501921464,0
2018-01-19,0,0,2,0,2018,0.1284096210242252,0
2018-01-21,0,0,1,0,2018,0.11425203106811122,0
2018-01-22,0,0,0,0,2018,0.10245674722344333,0
2018-01-23,0,0,0,0,2018,0.09835439226454307,0
2018-01-24,0,0,0,0,2018,0.10596563907376087,0
2018-01-25,0,0,0,0,2018,0.09459382455700241,0
2018-01-26,0,0,0,0,2018,0.0907750459142272,0
2018-01-27,1,0,0,0,2018,0.08857447575740697,0
2018-01-28,0,1,1,1,2018,0.23250853726751788,0
2018-01-29,0,0,1,1,2018,0.12978939443971824,0
2018-01-30,0,0,1,1,2018,0.10661870477479778,0
2018-01-31,0,0,1,0,2018,0.093040959732902,0
2018-02-01,0,0,1,0,2018,0.09675504358535256,0
2018-02-02,0,0,1,0,2018,0.0847954209938047,0
2018-02-03,0,0,1,0,2018,0.08025170031975037,0
2018-02-04,0,0,0,0,2018,0.07218671437001868,0
2018-02-05,0,0,0,0,2018,0.06977989261965613,0
2018-02-06,0,0,0,0,2018,0.0658339366701574,0
2018-02-07,0,0,0,0,2018,0.06276908618136325,0
2018-02-08,0,0,0,0,2018,0.059230674476760926,0
2018-02-09,0,0,0,0,2018,0.05801287198036685,0
2018-02-10,0,0,0,0,2018,0.05798374299315096,0
2018-02-11,0,0,0,0,2018,0.05759474029226131,0
2018-02-12,0,0,0,0,2018,0.05736131976611405,0
2018-02-13,0,0,0,0,2018,0.05586125577692124,0
2018-02-14,0,0,0,0,2018,0.05437789694190928,0
2018-02-15,0,0,0,0,2018,0.05916566717670116,0
2018-02-16,0,0,0,0,2018,0.05475714000559753,0
2018-02-17,0,0,0,0,2018,0.06236526349874761,0
2018-02-18,1,0,0,0,2018,0.08999215661362042,0
2018-02-19,0,1,1,1,2018,0.36634727801138556,1
2018-02-20,0,0,1,1,2018,0.13247290048808144,0
2018-02-21,0,0,1,1,2018,0.09724207916182552,0
2018-02-22,0,0,1,0,2018,0.07275241137420742,0
2018-02-24,0,0,1,0,2018,0.06846142650430938,0
2018-02-25,1,0,1,0,2018,0.0987486273368117,0
2018-02-26,0,1,1,1,2018,0.2304122690979333,0
2018-02-28,0,0,1,1,2018,0.10697500841177093,0
2018-03-01,0,0,1,0,2018,0.10253672150209713,0
2018-03-02,0,0,1,0,2018,0.09777701908687483,0
2018-03-03,0,0,1,0,2018,0.08051012444746837,0
2018-03-04,0,0,1,0,2018,0.07496922545639916,0
2018-03-05,0,0,0,0,2018,0.08385253173955598,0
2018-03-06,0,0,0,0,2018,0.06800889000448047,0
2018-03-07,0,0,0,0,2018,0.06733609863955402,0
2018-03-08,0,0,0,0,2018,0.05409589332995175,0
2018-03-09,0,0,0,0,2018,0.05316824995570534,0
2018-03-10,0,0,0,0,2018,0.05191142111517486,0
2018-03-11,0,0,0,0,2018,0.05135319491161274,0
2018-03-12,0,0,0,0,2018,0.05100497041173983,0
2018-03-13,0,0,0,0,2018,0.05139700618573373,0
2018-03-14,0,0,0,0,2018,0.051383422642448,0
2018-03-15,0,0,0,0,2018,0.05129168684953348,0
2018-03-16,0,0,0,0,2018,0.050402357736776385,0
2018-03-17,0,0,0,0,2018,0.05051159600067085,0
2018-03-18,0,0,0,0,2018,0.04985973026886655,0
2018-03-19,0,0,0,0,2018,0.049844749198968405,0
2018-03-20,0,0,0,0,2018,0.049591574173682686,0
2018-03-21,0,0,0,0,2018,0.04816381827254982,0
2018-03-22,0,0,0,0,2018,0.07208115589583855,0
2018-03-23,0,0,0,0,2018,0.058912947077920726,0
2018-03-24,0,0,0,0,2018,0.05970007325015356,0
2018-03-25,0,0,0,0,2018,0.048359680574256575,0
2018-03-26,0,0,0,0,2018,0.04835235810743452,0
2018-03-27,0,0,0,0,2018,0.04795323096300648,0
2018-03-28,0,0,0,0,2018,0.046851183712159,0
2018-03-29,0,0,0,0,2018,0.04505726315973127,0
2018-03-30,0,0,0,0,2018,0.04516598349224723,0
2018-03-31,0,0,0,0,2018,0.05878611803817341,0
2018-04-01,0,0,0,0,2018,0.04921046116445033,0
2018-04-02,0,0,0,0,2018,0.06043578465178132,0
2018-04-03,0,0,0,0,2018,0.04953753229643278,0
2018-04-04,1,0,0,0,2018,0.06017078800881799,0
2018-04-05,0,1,1,1,2018,0.1676255187271309,0
2018-04-06,0,0,1,1,2018,0.08524892691624879,0
2018-04-07,0,0,1,1,2018,0.06594609278821263,0
2018-04-08,0,0,1,0,2018,0.06262412968863117,0
2018-04-09,0,0,1,0,2018,0.07781326240485305,0
2018-04-10,0,0,1,0,2018,0.06255568027660921,0
2018-04-11,0,0,1,0,2018,0.07973767827876667,0
2018-04-13,0,0,0,0,2018,0.06975489519278401,0
2018-04-14,0,0,0,0,2018,0.05675383706724676,0
2018-04-15,0,0,0,0,2018,0.05639171636758581,0
2018-04-16,0,0,0,0,2018,0.05637537573141465,0
2018-04-17,0,0,0,0,2018,0.056769361631184574,0
2018-04-18,0,0,0,0,2018,0.05695772343867248,0
2018-04-19,0,0,0,0,2018,0.05695463839605744,0
2018-04-20,0,0,0,0,2018,0.056259781927560974,0
2018-04-21,0,0,0,0,2018,0.05568997228716661,0
2018-04-22,0,0,0,0,2018,0.055444556693809946,0
2018-04-23,0,0,0,0,2018,0.06983654877510041,0
2018-04-24,0,0,0,0,2018,0.05870583116696103,0
2018-04-25,0,0,0,0,2018,0.06239452016718683,0
2018-04-26,0,0,0,0,2018,0.05649364389993432,0
2018-04-27,0,0,0,0,2018,0.058051039767424095,0
2018-04-28,1,0,0,0,2018,0.06648715405209102,0
2018-04-29,0,1,1,1,2018,0.31764353621596175,0
2018-04-30,0,0,1,1,2018,0.12881076724160936,0
2018-05-01,0,0,1,1,2018,0.08643527822501872,0
2018-05-02,0,0,1,0,2018,0.09006585789001657,0
2018-05-03,0,0,1,0,2018,0.08133971698980182,0
2018-05-04,1,0,1,0,2018,0.11865338572824367,0
2018-05-05,0,1,2,1,2018,0.22150346445862187,0
2018-05-06,0,0,1,1,2018,0.14508285573641733,0
2018-05-07,0,0,1,1,2018,0.1046553035989327,0
2018-05-08,0,0,1,0,2018,0.12529066950592377,0
2018-05-09,0,0,1,0,2018,0.11859174910065481,0
2018-05-10,0,0,1,0,2018,0.12981926660302495,0
2018-05-11,0,0,1,0,2018,0.11770876190256488,0
2018-05-12,0,0,0,0,2018,0.11183837802882543,0
2018-05-13,0,0,0,0,2018,0.1161086963632709,0
2018-05-14,0,0,0,0,2018,0.08623084226035144,0
2018-05-15,0,0,0,0,2018,0.08285810680478897,0
2018-05-16,0,0,0,0,2018,0.10103829874671062,0
2018-05-17,0,0,0,0,2018,0.09412098493916893,0
2018-05-18,0,0,0,0,2018,0.09084538155352884,0
2018-05-19,0,0,0,0,2018,0.07427166586771106,0
2018-05-20,0,0,0,0,2018,0.09544580994550025,0
2018-05-21,0,0,0,0,2018,0.07938367873583708,0
2018-05-22,0,0,0,0,2018,0.08270088196342149,0
2018-05-23,0,0,0,0,2018,0.07875604139844279,0
2018-05-24,0,0,0,0,2018,0.11178539983617009,0
2018-05-25,0,0,0,0,2018,0.08276104479673545,0
2018-05-26,0,0,0,0,2018,0.10372186840296478,0
2018-05-27,0,0,0,0,2018,0.10521643945609879,0
2018-05-28,0,0,0,0,2018,0.10787023454965951,0
2018-05-29,0,0,0,0,2018,0.10607141382208411,0
2018-05-30,0,0,0,0,2018,0.0892222219794353,0
2018-05-31,0,0,0,0,2018,0.09213133282671977,0
2018-06-01,0,0,0,0,2018,0.0788904860349802,0
2018-06-02,0,0,0,0,2018,0.07559928160358065,0
2018-06-03,0,0,0,0,2018,0.07497248591577815,0
2018-06-04,0,0,0,0,2018,0.07136242680520001,0
2018-06-05,0,0,0,0,2018,0.07254247731205983,0
2018-06-06,1,0,0,0,2018,0.08981946830934344,0
2018-06-07,0,1,1,1,2018,0.20566436939914595,0
2018-06-08,0,0,1,1,2018,0.12539903549132775,0
2018-06-09,1,0,1,1,2018,0.09721548851642617,0
2018-06-10,0,1,2,1,2018,0.29965834774141753,0
2018-06-11,1,0,2,1,2018,0.20239282079685977,0
2018-06-12,0,1,3,2,2018,0.3878143932595336,1
2018-06-13,0,0,3,1,2018,0.2102320435154294,0
2018-06-14,0,0,2,1,2018,0.1385057181251149,0
2018-06-15,1,0,2,0,2018,0.11515651560787951,0
2018-06-16,1,1,3,1,2018,0.351907915463681,1
2018-06-17,1,1,3,2,2018,0.6648445578613082,1
2018-06-18,0,1,4,3,2018,0.7212690338673992,1
2018-06-19,1,0,3,2,2018,0.3845947054897318,1
2018-06-20,0,1,4,2,2018,0.4763568581866462,1
2018-06-21,0,0,4,1,2018,0.28746703609260044,0
2018-06-22,0,0,4,1,2018,0.2825648761799081,0
2018-06-23,1,0,3,0,2018,0.2697086003496458,0
2018-06-24,0,1,3,1,2018,0.47571173554539775,1
2018-06-25,0,0,2,1,2018,0.2670247941642229,0
2018-06-26,0,0,2,1,2018,0.1752941409378809,0
2018-06-27,1,0,1,0,2018,0.23119395022376,0
2018-06-28,1,1,2,1,2018,0.36579553298708345,1
2018-06-29,1,1,3,2,2018,0.5586167402728218,1
2018-06-30,0,1,4,3,2018,0.5715297164124211,1
2018-07-01,0,0,3,2,2018,0.39630293410709433,1
2018-07-02,1,0,3,1,2018,0.25528852587204254,0
2018-07-03,1,1,4,1,2018,0.46037646981240493,1
2018-07-04,1,1,5,2,2018,0.6552877972095023,1
2018-07-05,1,1,5,3,2018,0.6967948480344588,1
2018-07-06,1,1,5,3,2018,0.6829876852809706,1
2018-07-07,1,1,5,3,2018,0.7103092433996117,1
2018-07-08,1,1,6,3,2018,0.7435083018595441,1
2018-07-09,0,1,7,3,2018,0.7445408611699762,1
2018-07-10,0,0,6,2,2018,0.3935552181826091,1
2018-07-11,1,0,5,1,2018,0.28731301514436847,0
2018-07-12,1,1,5,1,2018,0.6650334170462413,1
2018-07-13,0,1,5,2,2018,0.6396950358134631,1
2018-07-14,0,0,4,2,2018,0.43170085844385264,1
2018-07-15,0,0,3,1,2018,0.353189496240521,1
2018-07-16,1,0,2,0,2018,0.2735095323919158,0
2018-07-17,1,1,3,1,2018,0.7137988138084078,1
2018-07-18,1,1,4,2,2018,0.8626224702085884,1
2018-07-19,1,1,4,3,2018,0.7482963392163857,1
2018-07-20,1,1,4,3,2018,0.8688373727378287,1
2018-07-21,1,1,5,3,2018,0.8829540150636581,1
2018-07-22,1,1,6,3,2018,0.8207345740916927,1
2018-07-23,1,1,7,3,2018,0.7324803677207788,1
2018-07-24,1,1,7,3,2018,0.7981329290155302,1
2018-07-25,1,1,7,3,2018,0.7725569778205132,1
2018-07-26,1,1,7,3,2018,0.8068332843603276,1
2018-07-27,0,1,7,3,2018,0.7309412460853723,1
2018-07-28,1,0,6,2,2018,0.5863719117931512,1
2018-07-29,0,1,6,2,2018,0.7321545081874098,1
2018-07-30,1,0,5,1,2018,0.44943269373201533,1
2018-07-31,1,1,5,2,2018,0.6334551573182977,1
2018-08-01,0,1,5,2,2018,0.6581609740723051,1
2018-08-02,0,0,4,2,2018,0.4593381630247345,1
2018-08-03,1,0,3,1,2018,0.452184422531162,1
2018-08-04,0,1,4,1,2018,0.5900624781924592,1
2018-08-05,1,0,3,1,2018,0.41221854976476036,1
2018-08-06,1,1,4,2,2018,0.6078488270969382,1
2018-08-07,0,1,4,2,2018,0.6855260703296497,1
2018-08-08,0,0,3,2,2018,0.43243239081895585,1
2018-08-09,0,0,3,1,2018,0.3650662702091539,1
2018-08-10,0,0,3,0,2018,0.33454343680046966,1
2018-08-11,0,0,2,0,2018,0.37271522860725675,1
2018-08-12,1,0,2,0,2018,0.36219475601442164,1
2018-08-13,1,1,2,1,2018,0.5588967469078145,1
2018-08-14,1,1,2,2,2018,0.7508179562489141,1
2018-08-15,1,1,3,3,2018,0.6914475905521913,1
2018-08-16,1,1,4,3,2018,0.8716464932704104,1
2018-08-17,1,1,5,3,2018,0.8495283145843381,1
2018-08-18,1,1,6,3,2018,0.9345450941412943,1
2018-08-19,1,1,7,3,2018,0.8679584936886308,1
2018-08-20,1,1,7,3,2018,0.9472394822616944,1
2018-08-21,1,1,7,3,2018,0.7724135329284755,1
2018-08-22,1,1,7,3,2018,0.8473453467237426,1
2018-08-23,1,1,7,3,2018,0.8326931963442931,1
2018-08-24,1,1,7,3,2018,0.9464620998217921,1
2018-08-25,1,1,7,3,2018,0.9049691791033769,1
2018-08-26,1,1,7,3,2018,0.9275569780189363,1
2018-08-27,1,1,7,3,2018,0.8699704781497041,1
2018-08-28,1,1,7,3,2018,0.9474893724471092,1
2018-08-29,1,1,7,3,2018,0.9593403194821093,1
2018-08-30,1,1,7,3,2018,0.9651392371606022,1
2018-08-31,1,1,7,3,2018,0.9301124291664635,1
2018-09-01,0,1,7,3,2018,0.914954147574537,1
2018-09-02,1,0,6,2,2018,0.6877520379471165,1
2018-09-03,1,1,6,2,2018,0.8855570112258183,1
2018-09-04,1,1,6,2,2018,0.9365142265151591,1
2018-09-05,1,1,6,3,2018,0.8395376689217267,1
2018-09-06,1,1,6,3,2018,0.8107351402847432,1
2018-09-07,1,1,6,3,2018,0.7767037195072151,1
2018-09-08,1,1,6,3,2018,0.8225433798496662,1
2018-09-09,1,1,7,3,2018,0.8944575077094985,1
2018-09-10,1,1,7,3,2018,0.9010220933651385,1
2018-09-11,1,1,7,3,2018,0.9329736546088355,1
2018-09-12,1,1,7,3,2018,0.9037172543356511,1
2018-09-13,1,1,7,3,2018,0.8711837374984527,1
2018-09-14,1,1,7,3,2018,0.8975086161677261,1
2018-09-15,0,1,7,3,2018,0.8627608904974261,1
2018-09-16,1,0,6,2,2018,0.5856312603071121,1
2018-09-17,1,1,6,2,2018,0.7281478966893971,1
2018-09-18,1,1,6,2,2018,0.8204022540006131,1
2018-09-19,1,1,6,3,2018,0.8876195400044915,1
2018-09-20,0,1,6,3,2018,0.8703381467913195,1
2018-09-21,1,0,5,2,2018,0.627012218140088,1
2018-09-22,1,1,5,2,2018,0.8312379957219292,1
2018-09-23,1,1,6,2,2018,0.8537996997787023,1
2018-09-24,1,1,6,3,2018,0.8462998964554325,1
2018-09-25,1,1,6,3,2018,0.8688111447227429,1
2018-09-26,1,1,6,3,2018,0.8912424467352499,1
2018-09-27,1,1,6,3,2018,0.8908426690565443,1
2018-09-28,1,1,7,3,2018,0.872794878711359,1
2018-09-29,1,1,7,3,2018,0.843496477423451,1
2018-09-30,1,1,7,3,2018,0.8853124573384532,1
2018-10-01,0,1,7,3,2018,0.8680597065867658,1
2018-10-02,1,0,6,2,2018,0.5838125514879078,1
2018-10-03,1,1,6,2,2018,0.7824786259058478,1
2018-10-04,1,1,6,2,2018,0.8291103704793221,1
2018-10-05,0,1,6,3,2018,0.8476131884482229,1
2018-10-06,0,0,5,2,2018,0.541330967409541,1
2018-10-07,1,0,4,1,2018,0.41598037591086773,1
2018-10-08,1,1,4,1,2018,0.7253796052959296,1
2018-10-09,0,1,5,2,2018,0.8134576498897937,1
2018-10-10,1,0,4,2,2018,0.5085522264339576,1
2018-10-11,0,1,4,2,2018,0.6317639808084727,1
2018-10-12,1,0,3,1,2018,0.44999280067107084,1
2018-10-13,0,1,4,2,2018,0.6281859248568651,1
2018-10-14,1,0,4,1,2018,0.4763537015310335,1
2018-10-15,1,1,4,2,2018,0.7572453221667445,1
2018-10-16,1,1,4,2,2018,0.7360471252732722,1
2018-10-17,1,1,5,3,2018,0.8169877539482097,1
2018-10-18,0,1,5,3,2018,0.6960034751638738,1
2018-10-19,0,0,5,2,2018,0.5124611522835059,1
2018-10-20,1,0,4,1,2018,0.361654550432016,1
2018-10-21,1,1,5,1,2018,0.6494105085834585,1
2018-10-22,0,1,5,2,2018,0.6952796145145641,1
2018-10-23,0,0,4,2,2018,0.45451361845317895,1
2018-10-24,0,0,3,1,2018,0.3340435872548706,1
2018-10-25,0,0,2,0,2018,0.28198849132855736,0
2018-10-26,0,0,2,0,2018,0.25514792673791403,0
2018-10-27,1,0,2,0,2018,0.2442294180828574,0
2018-10-28,0,1,2,1,2018,0.5982066096952346,1
2018-10-29,0,0,1,1,2018,0.2871115243122446,0
2018-10-30,0,0,1,1,2018,0.23657002591940998,0
2018-10-31,0,0,1,0,2018,0.19755792813894468,0
2018-11-01,0,0,1,0,2018,0.1732765952501672,0
2018-11-02,0,0,1,0,2018,0.18863678084171107,0
2018-11-03,0,0,1,0,2018,0.16001209083618506,0
2018-11-04,1,0,0,0,2018,0.1329467646661873,0
2018-11-05,0,1,1,1,2018,0.33097283613013834,1
2018-11-06,1,0,1,1,2018,0.2090767317355898,0
2018-11-07,0,1,2,2,2018,0.4998781798436088,1
2018-11-08,0,0,2,1,2018,0.23107316156633995,0
2018-11-09,0,0,2,1,2018,0.21328000853814183,0
2018-11-10,0,0,2,0,2018,0.17031414578868367,0
2018-11-11,1,0,2,0,2018,0.16012945955309874,0
2018-11-12,0,1,2,1,2018,0.30740822990913946,0
2018-11-13,0,0,2,1,2018,0.2838250561787321,0
2018-11-14,0,0,1,1,2018,0.17364205963830961,0
2018-11-15,0,0,1,0,2018,0.1434711132741817,0
2018-11-16,0,0,1,0,2018,0.12755790768211459,0
2018-11-17,1,0,1,0,2018,0.1195782353228995,0
2018-11-18,1,1,2,1,2018,0.24583665946519664,0
2018-11-19,0,1,2,2,2018,0.3486908334468237,1
2018-11-20,0,0,2,2,2018,0.17408818324109188,0
2018-11-21,0,0,2,1,2018,0.12109690772666618,0
2018-11-23,0,0,2,0,2018,0.10577929204292968,0
2018-11-24,0,0,2,0,2018,0.11236202828112384,0
2018-11-25,0,0,1,0,2018,0.09565178583399699,0
2018-11-26,0,0,0,0,2018,0.08880305165746138,0
2018-11-27,0,0,0,0,2018,0.07335781517758064,0
2018-11-28,0,0,0,0,2018,0.07105799229569892,0
2018-12-01,0,0,0,0,2018,0.06624639772569098,0
2018-12-02,0,0,0,0,2018,0.07304444240968473,0
2018-12-03,0,0,0,0,2018,0.062314830049802795,0
2018-12-04,0,0,0,0,2018,0.07031761575923907,0
2018-12-05,0,0,0,0,2018,0.061027264072322424,0
2018-12-07,0,0,0,0,2018,0.056547048501679395,0
2018-12-08,0,0,0,0,2018,0.0546554582069451,0
2018-12-09,0,0,0,0,2018,0.055231335048483536,0
2018-12-10,0,0,0,0,2018,0.05786915209302111,0
2018-12-11,0,0,0,0,2018,0.05238007933354445,0
2018-12-12,0,0,0,0,2018,0.05007743433321007,0
2018-12-13,0,0,0,0,2018,0.05059008293952514,0
2018-12-14,0,0,0,0,2018,0.05080106591860031,0
2018-12-15,0,0,0,0,2018,0.05026859314849889,0
2018-12-16,0,0,0,0,2018,0.04841437306349726,0
2018-12-17,0,0,0,0,2018,0.04367132678876062,0
2018-12-18,0,0,0,0,2018,0.04628653591331037,0
2018-12-19,0,0,0,0,2018,0.04209082250351641,0
2018-12-20,0,0,0,0,2018,0.04055725649386923,0
2018-12-21,0,0,0,0,2018,0.03897600442260992,0
2018-12-22,0,0,0,0,2018,0.040705501163831245,0
2018-12-23,1,0,0,0,2018,0.040682664221604936,0
2018-12-24,0,1,1,1,2018,0.1264385760395953,0
2018-12-26,0,0,1,1,2018,0.06773407724576527,0
2018-12-27,0,0,1,0,2018,0.0581157728182755,0
2018-12-28,0,0,1,0,2018,0.061656443343347335,0
2018-12-29,0,0,1,0,2018,0.06102960013153628,0
2018-12-30,0,0,1,0,2018,0.05180744200618688,0
2018-12-31,0,0,0,0,2018,0.05162841450730728,0
2019-01-01,0,0,0,0,2019,0.04970823471914925,0
2019-01-02,0,0,0,0,2019,0.05154730994569659,0
2019-01-03,0,0,0,0,2019,0.049896971710557625,0
2019-01-04,0,0,0,0,2019,0.05041129057585173,0
2019-01-05,0,0,0,0,2019,0.0434758221445196,0
2019-01-06,0,0,0,0,2019,0.045293079073444625,0
2019-01-07,0,0,0,0,2019,0.042306628365057296,0
2019-01-08,0,0,0,0,2019,0.0414847131024565,0
2019-01-09,0,0,0,0,2019,0.04533691644103158,0
2019-01-10,0,0,0,0,2019,0.04063910501439158,0
2019-01-11,0,0,0,0,2019,0.038709717020884396,0
2019-01-12,0,0,0,0,2019,0.04458858349149023,0
2019-01-13,0,0,0,0,2019,0.0389043933472661,0
2019-01-15,0,0,0,0,2019,0.039115925001317275,0
2019-01-16,0,0,0,0,2019,0.03841743949929104,0
2019-01-17,0,0,0,0,2019,0.03755809285668419,0
2019-01-18,0,0,0,0,2019,0.050896464289871546,0
2019-01-19,0,0,0,0,2019,0.03632653763052037,0
2019-01-20,0,0,0,0,2019,0.03615816763618916,0
2019-01-21,0,0,0,0,2019,0.03530631062762953,0
2019-01-22,0,0,0,0,2019,0.03493253886806054,0
2019-01-23,0,0,0,0,2019,0.033810719395779475,0
2019-01-24,0,0,0,0,2019,0.03356004470059617,0
2019-01-25,1,0,0,0,2019,0.03306383823788,0
2019-01-26,0,1,1,1,2019,0.09628702636910541,0
2019-01-27,0,0,1,1,2019,0.05359893104039844,0
2019-01-28,0,0,1,1,2019,0.04546712936549752,0
2019-01-29,0,0,1,0,2019,0.04471761420070603,0
2019-01-30,0,0,1,0,2019,0.043363472796079626,0
2019-01-31,0,0,1,0,2019,0.042560540164031976,0
2019-02-01,0,0,1,0,2019,0.04208664902651274,0
2019-02-03,0,0,0,0,2019,0.03836143149858194,0
2019-02-04,0,0,0,0,2019,0.03815436824861671,0
2019-02-06,0,0,0,0,2019,0.03765526376453116,0
2019-02-07,0,0,0,0,2019,0.03735463080623475,0
2019-02-08,0,0,0,0,2019,0.03713174156578543,0
2019-02-09,0,0,0,0,2019,0.03697204906770689,0
2019-02-10,0,0,0,0,2019,0.037130405041789966,0
2019-02-11,0,0,0,0,2019,0.036995606967337,0
2019-02-12,0,0,0,0,2019,0.03678986324551982,0
2019-02-15,0,0,0,0,2019,0.03658397018747861,0
2019-02-16,0,0,0,0,2019,0.03655211551122271,0
2019-02-17,0,0,0,0,2019,0.03641995931623835,0
2019-02-18,0,0,0,0,2019,0.0363042124969288,0
2019-02-19,0,0,0,0,2019,0.03598747389611226,0
2019-02-20,0,0,0,0,2019,0.03587765093103083,0
2019-02-22,0,0,0,0,2019,0.035015870391033495,0
2019-02-23,0,0,0,0,2019,0.03491449663214904,0
2019-02-24,0,0,0,0,2019,0.0348046876982718,0
2019-02-25,0,0,0,0,2019,0.03377684831350805,0
2019-02-26,0,0,0,0,2019,0.03368481199244854,0
2019-02-27,0,0,0,0,2019,0.03359489239388787,0
2019-02-28,0,0,0,0,2019,0.0335009050239023,0
2019-03-01,0,0,0,0,2019,0.03341547568338996,0
2019-03-02,0,0,0,0,2019,0.0334268591140303,0
2019-03-03,0,0,0,0,2019,0.033434287640111526,0
2019-03-04,0,0,0,0,2019,0.03326025572585837,0
2019-03-05,0,0,0,0,2019,0.03318249319443313,0
2019-03-06,0,0,0,0,2019,0.033200307368840394,0
2019-03-07,0,0,0,0,2019,0.03330900975199141,0
2019-03-08,0,0,0,0,2019,0.055113476175937155,0
2019-03-09,0,0,0,0,2019,0.042009179622975,0
2019-03-10,0,0,0,0,2019,0.042156376225282136,0
2019-03-11,0,0,0,0,2019,0.042530412299074255,0
2019-03-12,0,0,0,0,2019,0.04564839620198008,0
2019-03-13,0,0,0,0,2019,0.04281886489365071,0
2019-03-14,0,0,0,0,2019,0.04283804066003397,0
2019-03-15,0,0,0,0,2019,0.042908611830458465,0
2019-03-16,0,0,0,0,2019,0.038148311429991436,0
2019-03-17,0,0,0,0,2019,0.05535795753483914,0
2019-03-18,0,0,0,0,2019,0.042061074719376236,0
2019-03-19,0,0,0,0,2019,0.04410035046394283,0
2019-03-20,0,0,0,0,2019,0.039619287442744094,0
2019-03-21,0,0,0,0,2019,0.039655253670213796,0
2019-03-22,0,0,0,0,2019,0.039692279557597965,0
2019-03-23,0,0,0,0,2019,0.039624605130826426,0
2019-03-24,0,0,0,0,2019,0.03814668812056106,0
2019-03-25,0,0,0,0,2019,0.03828624091666224,0
2019-03-26,0,0,0,0,2019,0.03832549361946985,0
2019-03-27,0,0,0,0,2019,0.037952307964196554,0
2019-03-28,0,0,0,0,2019,0.037998446301187566,0
2019-03-29,0,0,0,0,2019,0.03803851877744727,0
2019-03-30,0,0,0,0,2019,0.03817811638477207,0
2019-03-31,0,0,0,0,2019,0.038417064702168026,0
2019-04-01,0,0,0,0,2019,0.03856510401322576,0
2019-04-02,0,0,0,0,2019,0.03771569886235538,0
2019-04-03,0,0,0,0,2019,0.037853006694595855,0
2019-04-04,0,0,0,0,2019,0.03788514247129174,0
2019-04-05,0,0,0,0,2019,0.038013601548340846,0
2019-04-06,0,0,0,0,2019,0.03817174497592974,0
2019-04-07,0,0,0,0,2019,0.036955609842888884,0
2019-04-08,0,0,0,0,2019,0.037130504713712306,0
2019-04-09,0,0,0,0,2019,0.040007482787791364,0
2019-04-10,0,0,0,0,2019,0.037949537765088276,0
2019-04-11,0,0,0,0,2019,0.03827117242073275,0
2019-04-12,0,0,0,0,2019,0.05894528312500672,0
2019-04-13,0,0,0,0,2019,0.048580779285068064,0
2019-04-14,0,0,0,0,2019,0.04595452074298908,0
2019-04-15,0,0,0,0,2019,0.04244108591617606,0
2019-04-16,0,0,0,0,2019,0.0616082116518063,0
2019-04-17,0,0,0,0,2019,0.047254904252346394,0
2019-04-18,0,0,0,0,2019,0.07887173784571441,0
2019-04-19,1,0,0,0,2019,0.05794503400370375,0
2019-04-20,0,1,1,1,2019,0.3179584569617084,0
2019-04-21,0,0,1,1,2019,0.1557458730627814,0
2019-04-22,0,0,1,1,2019,0.13243688108517274,0
2019-04-23,0,0,1,0,2019,0.09283235344090814,0
2019-04-24,1,0,1,0,2019,0.09684596453574104,0
2019-04-25,0,1,2,1,2019,0.19302463081109222,0
2019-04-26,0,0,2,1,2019,0.10944952479930954,0
2019-04-27,0,0,1,1,2019,0.08380861884737854,0
2019-04-28,0,0,1,0,2019,0.08179249595032027,0
2019-04-29,0,0,1,0,2019,0.07920488528832122,0
2019-04-30,1,0,1,0,2019,0.07616727777715686,0
2019-05-01,0,1,2,1,2019,0.35456655841915147,1
2019-05-02,1,0,1,1,2019,0.10151224707814713,0
2019-05-03,0,1,2,2,2019,0.29969239805623715,0
2019-05-04,0,0,2,1,2019,0.12205387107009619,0
2019-05-05,0,0,2,1,2019,0.10905871756224277,0
2019-05-06,1,0,2,0,2019,0.10333260853459687,0
2019-05-07,1,1,3,1,2019,0.3163408236216406,0
2019-05-08,1,1,3,2,2019,0.4250756220731348,1
2019-05-09,1,1,4,3,2019,0.43045945384156503,1
2019-05-10,1,1,4,3,2019,0.6457871387224029,1
2019-05-11,1,1,5,3,2019,0.664170027475121,1
2019-05-12,1,1,6,3,2019,0.5882474750125601,1
2019-05-13,1,1,7,3,2019,0.6489686864592201,1
2019-05-14,1,1,7,3,2019,0.5733455842534331,1
2019-05-15,0,1,7,3,2019,0.525346035870799,1
2019-05-16,0,0,6,2,2019,0.2853372438884453,0
2019-05-17,0,0,5,1,2019,0.227372623988659,0
2019-05-18,0,0,4,0,2019,0.20393643876365922,0
2019-05-19,0,0,3,0,2019,0.1696883930558431,0
2019-05-20,0,0,2,0,2019,0.2092496132260492,0
2019-05-23,0,0,0,0,2019,0.12523923586141017,0
2019-05-24,1,0,0,0,2019,0.12185802961911077,0
2019-05-25,0,1,1,1,2019,0.2674279160569057,0
2019-05-26,0,0,1,1,2019,0.16170487789471005,0
2019-05-27,0,0,1,1,2019,0.1453060792820735,0
2019-05-28,0,0,1,0,2019,0.13604637221366053,0
2019-05-29,0,0,1,0,2019,0.13218232557390813,0
2019-05-30,0,0,1,0,2019,0.13267490723825423,0
2019-05-31,0,0,1,0,2019,0.13343384973289085,0
2019-06-01,0,0,0,0,2019,0.120712595483732,0
2019-06-02,0,0,0,0,2019,0.11536587025182485,0
2019-06-03,0,0,0,0,2019,0.11407984655457572,0
2019-06-04,0,0,0,0,2019,0.1134461981019214,0
2019-06-05,0,0,0,0,2019,0.11960965927464941,0
2019-06-06,0,0,0,0,2019,0.11436898130216207,0
2019-06-07,1,0,0,0,2019,0.10597811947657397,0
2019-06-08,0,1,1,1,2019,0.34679417188238565,0
2019-06-09,1,0,1,1,2019,0.1421678333897656,0
2019-06-10,1,1,2,2,2019,0.41892522667957866,1
2019-06-11,1,1,3,2,2019,0.48320677013124014,1
2019-06-12,1,1,4,3,2019,0.6002642187675383,1
2019-06-13,0,1,5,3,2019,0.4554985453929447,1
2019-06-14,1,0,5,2,2019,0.2599991240331734,0
2019-06-15,0,1,5,2,2019,0.4412433352467189,1
2019-06-16,0,0,5,1,2019,0.31989741476474376,0
2019-06-17,0,0,4,1,2019,0.24697663639463693,0
2019-06-18,0,0,3,0,2019,0.21001242587434446,0
2019-06-19,0,0,2,0,2019,0.1807634682759561,0
2019-06-20,0,0,1,0,2019,0.18083852846297133,0
2019-06-21,0,0,1,0,2019,0.1635082820394846,0
2019-06-22,0,0,0,0,2019,0.14061555910778892,0
2019-06-23,0,0,0,0,2019,0.14358992341921317,0
2019-06-24,0,0,0,0,2019,0.13669722804402146,0
2019-06-25,0,0,0,0,2019,0.13040630793089075,0
2019-06-26,1,0,0,0,2019,0.13304725258620567,0
2019-06-27,0,1,1,1,2019,0.33268005004588097,0
2019-06-28,0,0,1,1,2019,0.18290266090712626,0
2019-06-29,0,0,1,1,2019,0.16119075708206665,0
2019-06-30,0,0,1,0,2019,0.1479199502933049,0
2019-07-01,0,0,1,0,2019,0.2008461105683737,0
2019-07-02,0,0,1,0,2019,0.1585147056994085,0
2019-07-03,0,0,1,0,2019,0.15364866924795934,0
2019-07-04,0,0,0,0,2019,0.13917295719820966,0
2019-07-05,0,0,0,0,2019,0.13865762307427923,0
2019-07-06,0,0,0,0,2019,0.1275062067589873,0
2019-07-07,0,0,0,0,2019,0.12894424003345464,0
2019-07-08,0,0,0,0,2019,0.12554771607509968,0
2019-07-09,0,0,0,0,2019,0.13179356488659955,0
2019-07-10,0,0,0,0,2019,0.12107536562094146,0
2019-07-11,0,0,0,0,2019,0.17400445870716194,0
2019-07-12,0,0,0,0,2019,0.1189634974362662,0
2019-07-13,1,0,0,0,2019,0.13177210438954723,0
2019-07-14,0,1,1,1,2019,0.242659663331142,0
2019-07-15,0,0,1,1,2019,0.23302824544479708,0
2019-07-16,0,0,1,1,2019,0.1441500178908662,0
2019-07-17,0,0,1,0,2019,0.17725826461852617,0
2019-07-18,1,0,1,0,2019,0.14472176959266053,0
2019-07-19,0,1,2,1,2019,0.4173201496756828,1
2019-07-20,0,0,2,1,2019,0.17509949771605682,0
2019-07-21,1,0,1,1,2019,0.14852732256246828,0
2019-07-22,1,1,2,1,2019,0.3018858111059011,0
2019-07-23,0,1,3,2,2019,0.38360467651180974,1
2019-07-24,0,0,3,2,2019,0.21612223275727815,0
2019-07-25,1,0,3,1,2019,0.18295415608190022,0
2019-07-26,0,1,3,1,2019,0.4447785709311242,1
2019-07-27,1,0,3,1,2019,0.21587434301281822,0
2019-07-28,0,1,4,2,2019,0.4505916861502774,1
2019-07-29,0,0,3,1,2019,0.24738646777094453,0
2019-07-30,0,0,2,1,2019,0.20373098091167602,0
2019-07-31,0,0,2,0,2019,0.1627671671100139,0
2019-08-01,0,0,2,0,2019,0.16009121944594262,0
2019-08-02,0,0,1,0,2019,0.13856846770421244,0
2019-08-03,1,0,1,0,2019,0.18225638406414443,0
2019-08-04,0,1,1,1,2019,0.3155136819261436,0
2019-08-05,0,0,1,1,2019,0.21093358408849416,0
2019-08-06,0,0,1,1,2019,0.1732697290695045,0
2019-08-07,0,0,1,0,2019,0.1444180055631721,0
2019-08-08,1,0,1,0,2019,0.13961311141128488,0
2019-08-09,0,1,2,1,2019,0.2855998297337479,0
2019-08-10,1,0,2,1,2019,0.19916041825929587,0
2019-08-11,0,1,2,2,2019,0.3985383873176484,1
2019-08-12,0,0,2,1,2019,0.24918791786695935,0
2019-08-13,1,0,2,1,2019,0.16876159848936947,0
2019-08-14,0,1,3,1,2019,0.382260896576696,1
2019-08-15,1,0,3,1,2019,0.2059529741432346,0
2019-08-16,0,1,3,2,2019,0.32827112102439143,0
2019-08-17,0,0,3,1,2019,0.2281951414076197,0
2019-08-18,1,0,2,1,2019,0.16691818515424328,0
2019-08-19,1,1,3,1,2019,0.40098233748179085,1
2019-08-20,0,1,4,2,2019,0.5432435847790484,1
2019-08-21,0,0,3,2,2019,0.23497834411854188,0
2019-08-22,0,0,3,1,2019,0.1826173039943263,0
2019-08-23,0,0,2,0,2019,0.17771705958637138,0
2019-08-24,1,0,2,0,2019,0.2278493746026331,0
2019-08-25,0,1,3,1,2019,0.35362067005248526,1
2019-08-26,0,0,2,1,2019,0.2104669138087967,0
2019-08-27,0,0,1,1,2019,0.15594209428707198,0
2019-08-28,0,0,1,0,2019,0.14678443793428397,0
2019-08-29,1,0,1,0,2019,0.15164583091495532,0
2019-08-30,0,1,2,1,2019,0.30837941917402306,0
2019-08-31,0,0,2,1,2019,0.19819183794533887,0
2019-09-01,0,0,1,1,2019,0.1621258782119897,0
2019-09-02,0,0,1,0,2019,0.14552244747327858,0
2019-09-03,0,0,1,0,2019,0.1437289308425201,0
2019-09-04,0,0,1,0,2019,0.13633419209765,0
2019-09-05,0,0,1,0,2019,0.13182248523821483,0
2019-09-06,1,0,0,0,2019,0.12770993036455766,0
2019-09-07,1,1,1,1,2019,0.2822673343402888,0
2019-09-08,0,1,2,2,2019,0.35931476973683996,1
2019-09-09,0,0,2,2,2019,0.2846690777052003,0
2019-09-10,0,0,2,1,2019,0.18429790345712016,0
2019-09-11,1,0,2,0,2019,0.17044908520497387,0
2019-09-12,1,1,3,1,2019,0.36046092448786266,1
2019-09-13,1,1,4,2,2019,0.4241257893628203,1
2019-09-14,1,1,4,3,2019,0.5646557072381296,1
2019-09-15,0,1,4,3,2019,0.584603847919567,1
2019-09-16,0,0,4,2,2019,0.3531059685298997,1
2019-09-17,1,0,4,1,2019,0.2814959074632409,0
2019-09-18,0,1,5,1,2019,0.4228250913217652,1
2019-09-19,1,0,4,1,2019,0.24689596924022925,0
2019-09-20,0,1,4,2,2019,0.3783985022197357,1
2019-09-21,0,0,3,1,2019,0.24058054707539664,0
2019-09-22,0,0,2,1,2019,0.1814634344930758,0
2019-09-23,0,0,2,0,2019,0.16517051682821562,0
2019-09-24,0,0,2,0,2019,0.1450311628025671,0
2019-09-25,0,0,1,0,2019,0.1307450242340629,0
2019-09-26,0,0,1,0,2019,0.1250088967154141,0
2019-09-27,0,0,0,0,2019,0.113762459430545,0
2019-09-28,0,0,0,0,2019,0.11094160744996497,0
2019-09-29,0,0,0,0,2019,0.10508964308359504,0
2019-09-30,0,0,0,0,2019,0.10793955694504549,0
2019-10-01,0,0,0,0,2019,0.10263754250080134,0
2019-10-02,1,0,0,0,2019,0.10120323912838987,0
2019-10-03,0,1,1,1,2019,0.24384891716862442,0
2019-10-04,0,0,1,1,2019,0.14043853276080545,0
2019-10-05,0,0,1,1,2019,0.12028845954567638,0
2019-10-06,0,0,1,0,2019,0.12677428023167567,0
2019-10-07,0,0,1,0,2019,0.11304390374070451,0
2019-10-08,0,0,1,0,2019,0.10606594356067159,0
2019-10-09,0,0,1,0,2019,0.10450439646525977,0
2019-10-10,0,0,0,0,2019,0.09263600050403986,0
2019-10-11,0,0,0,0,2019,0.09080240561279562,0
2019-10-12,0,0,0,0,2019,0.08747071833552053,0
2019-10-13,0,0,0,0,2019,0.08221972153857836,0
2019-10-14,0,0,0,0,2019,0.07914364051102066,0
2019-10-15,0,0,0,0,2019,0.07577857375874171,0
2019-10-16,0,0,0,0,2019,0.0726786762508225,0
2019-10-17,0,0,0,0,2019,0.06840777889310731,0
2019-10-18,0,0,0,0,2019,0.0647031386565588,0
2019-10-19,0,0,0,0,2019,0.06732532540071165,0
2019-10-20,0,0,0,0,2019,0.07005509167815857,0
2019-10-21,0,0,0,0,2019,0.0616534291657875,0
2019-10-22,0,0,0,0,2019,0.061124090097621,0
2019-10-23,0,0,0,0,2019,0.06004133963987312,0
2019-10-24,0,0,0,0,2019,0.057923100743332206,0
2019-10-25,0,0,0,0,2019,0.05704777187479749,0
2019-10-26,0,0,0,0,2019,0.05564208122729879,0
2019-10-27,0,0,0,0,2019,0.05395845923412681,0
2019-10-28,0,0,0,0,2019,0.05312412971777717,0
2019-10-29,0,0,0,0,2019,0.05191574476148871,0
2019-10-30,0,0,0,0,2019,0.05135613973321703,0
2019-10-31,0,0,0,0,2019,0.05471352067125545,0
2019-11-01,0,0,0,0,2019,0.050012609188676616,0
2019-11-02,0,0,0,0,2019,0.047929924463207874,0
2019-11-03,0,0,0,0,2019,0.0473989462755174,0
2019-11-04,0,0,0,0,2019,0.04665387948613554,0
2019-11-05,0,0,0,0,2019,0.04583688880406767,0
2019-11-06,0,0,0,0,2019,0.04473354382590391,0
2019-11-07,0,0,0,0,2019,0.04817186156628242,0
2019-11-08,1,0,0,0,2019,0.04291492779516573,0
2019-11-09,1,1,1,1,2019,0.12298532670347669,0
2019-11-10,0,1,2,2,2019,0.16511340374829184,0
2019-11-11,0,0,2,2,2019,0.09188936460690758,0
2019-11-12,0,0,2,1,2019,0.06743355969610068,0
2019-11-13,0,0,2,0,2019,0.06397768364971963,0
2019-11-14,0,0,2,0,2019,0.05955791935792665,0
2019-11-15,0,0,2,0,2019,0.05755207290218141,0
2019-11-16,0,0,1,0,2019,0.05491785777980441,0
2019-11-17,1,0,0,0,2019,0.08484454265166028,0
2019-11-18,0,1,1,1,2019,0.15164755939659172,0
2019-11-19,0,0,1,1,2019,0.08565855092340743,0
2019-11-22,0,0,1,0,2019,0.0641173478118463,0
2019-11-23,0,0,1,0,2019,0.060442849528751647,0
2019-11-24,0,0,1,0,2019,0.08545827148477252,0
2019-11-25,0,0,0,0,2019,0.061924363629706256,0
2019-11-26,1,0,0,0,2019,0.05677171679270573,0
2019-12-06,1,0,0,0,2019,0.052311861429892095,0
2019-12-07,0,1,1,1,2019,0.1636843672873632,0
2019-12-08,0,0,1,1,2019,0.07492223463305682,0
2019-12-09,0,0,1,1,2019,0.06092386059622799,0
2019-12-10,0,0,1,0,2019,0.05819549795222176,0
2019-12-11,1,0,1,0,2019,0.05634455566285981,0
2019-12-12,1,1,2,1,2019,0.3856047623399845,1
2019-12-13,1,1,3,2,2019,0.5721045821132074,1
2019-12-14,0,1,3,3,2019,0.36862081924606843,1
2019-12-15,0,0,3,2,2019,0.1271521554235687,0
2019-12-16,0,0,3,1,2019,0.12990494761574836,0
2019-12-17,0,0,3,0,2019,0.08628451109222415,0
2019-12-18,1,0,3,0,2019,0.08975277699810098,0
2019-12-19,0,1,3,1,2019,0.3024727754241906,0
2019-12-20,0,0,2,1,2019,0.09940257717685191,0
2019-12-21,0,0,1,1,2019,0.0722838142392003,0
2019-12-22,0,0,1,0,2019,0.0642720923409428,0
2019-12-23,0,0,1,0,2019,0.060883806280659446,0
2019-12-24,0,0,1,0,2019,0.05642175260206709,0
2019-12-26,0,0,0,0,2019,0.04973152914649748,0
2019-12-27,0,0,0,0,2019,0.047622768919074805,0
2019-12-28,1,0,0,0,2019,0.04738392236502714,0
2019-12-29,0,1,1,1,2019,0.23867193938525996,0
2019-12-30,0,0,1,1,2019,0.08506355162868812,0
2019-12-31,0,0,1,1,2019,0.07226429783239006,0
2020-01-01,0,0,1,0,2020,0.06657331343661921,0
2020-01-02,0,0,1,0,2020,0.06327334675111453,0
2020-01-03,0,0,1,0,2020,0.061020077561409584,0
2020-01-04,0,0,1,0,2020,0.05973326052564931,0
2020-01-05,0,0,0,0,2020,0.0540134191677264,0
2020-01-06,0,0,0,0,2020,0.05174799641741521,0
2020-01-07,0,0,0,0,2020,0.051030010908014595,0
2020-01-08,0,0,0,0,2020,0.049283952785073144,0
2020-01-10,0,0,0,0,2020,0.04775844569047428,0
2020-01-11,0,0,0,0,2020,0.04618297055439799,0
2020-01-12,0,0,0,0,2020,0.044439914104321784,0
2020-01-13,0,0,0,0,2020,0.04290595368873591,0
2020-01-14,0,0,0,0,2020,0.04252750551381515,0
2020-01-16,0,0,0,0,2020,0.04182220803918801,0
2020-01-17,0,0,0,0,2020,0.040965940007102346,0
2020-01-18,0,0,0,0,2020,0.03959684104227854,0
2020-01-19,0,0,0,0,2020,0.03950042896685663,0
2020-01-20,0,0,0,0,2020,0.03935006435535775,0
2020-01-21,0,0,0,0,2020,0.039074817680498565,0
2020-01-22,0,0,0,0,2020,0.0386385855030572,0
2020-01-23,0,0,0,0,2020,0.038357277744877176,0
2020-01-24,0,0,0,0,2020,0.038051333892320884,0
2020-01-25,0,0,0,0,2020,0.03799994518610396,0
2020-01-26,0,0,0,0,2020,0.03740254633719896,0
2020-01-27,0,0,0,0,2020,0.03728871014474636,0
2020-01-28,0,0,0,0,2020,0.035535420080818024,0
2020-01-29,0,0,0,0,2020,0.03505777201646489,0
2020-01-30,0,0,0,0,2020,0.034741249369358955,0
2020-01-31,0,0,0,0,2020,0.034544954126408074,0
2020-02-01,0,0,0,0,2020,0.034451723950470255,0
2020-02-02,0,0,0,0,2020,0.03424662222480976,0
2020-02-03,0,0,0,0,2020,0.03401051868012192,0
2020-02-05,0,0,0,0,2020,0.03338545699709846,0
2020-02-06,0,0,0,0,2020,0.03319715701803623,0
2020-02-07,0,0,0,0,2020,0.03298593263134582,0
2020-02-08,0,0,0,0,2020,0.03279301227420859,0
2020-02-09,0,0,0,0,2020,0.03269798932060108,0
2020-02-10,0,0,0,0,2020,0.032249020289103036,0
2020-02-11,0,0,0,0,2020,0.03163943303433726,0
2020-02-13,0,0,0,0,2020,0.030857148590036552,0
2020-02-14,0,0,0,0,2020,0.03071251758373737,0
2020-02-15,1,0,0,0,2020,0.030638246420891108,0
2020-02-16,0,1,1,1,2020,0.09392675894818052,0
2020-02-17,0,0,1,1,2020,0.05986618098305803,0
2020-02-18,0,0,1,1,2020,0.04660931277464683,0
2020-02-19,0,0,1,0,2020,0.04629232020850819,0
2020-02-20,0,0,1,0,2020,0.0449700820193002,0
2020-02-21,0,0,1,0,2020,0.04398451731048832,0
2020-02-22,0,0,1,0,2020,0.04747127190280476,0
2020-02-23,0,0,0,0,2020,0.039891652499684474,0
2020-02-24,0,0,0,0,2020,0.03896643994662852,0
2020-02-25,0,0,0,0,2020,0.03857967070463922,0
2020-02-26,1,0,0,0,2020,0.03833540809992507,0
2020-02-27,0,1,1,1,2020,0.11984429674148415,0
2020-02-28,0,0,1,1,2020,0.06824589790295518,0
2020-02-29,0,0,1,1,2020,0.047067082043919864,0
2020-03-01,0,0,1,0,2020,0.04731290380325364,0
2020-03-02,0,0,1,0,2020,0.046369616895934045,0
2020-03-03,0,0,1,0,2020,0.04533412806191181,0
2020-03-04,0,0,1,0,2020,0.04464790807392655,0
2020-03-05,0,0,0,0,2020,0.040691543217752466,0
2020-03-06,0,0,0,0,2020,0.040067502122508133,0
2020-03-07,0,0,0,0,2020,0.039884877455210486,0
2020-03-08,0,0,0,0,2020,0.03985540978353615,0
2020-03-09,0,0,0,0,2020,0.03986440497259657,0
2020-03-11,0,0,0,0,2020,0.03975883403622208,0
2020-03-12,0,0,0,0,2020,0.039389141861142465,0
2020-03-13,0,0,0,0,2020,0.039370534911131704,0
2020-03-14,0,0,0,0,2020,0.03945255143101468,0
2020-03-15,0,0,0,0,2020,0.05505815025789606,0
2020-03-16,0,0,0,0,2020,0.043828646316417606,0
2020-03-17,0,0,0,0,2020,0.04287916523695921,0
2020-06-13,1,0,2,1,2020,0.23432169741208625,0
2020-06-14,1,1,3,2,2020,0.3603145200042906,0
2020-06-15,1,1,4,2,2020,0.5894075730599404,1
2020-06-16,0,1,5,3,2020,0.6291347458293137,1
2020-06-17,1,0,4,2,2020,0.4244173226490431,0
2020-06-18,0,1,5,2,2020,0.5553923650245356,1
2020-06-19,1,0,4,1,2020,0.3951106564610485,0
2020-06-20,0,1,5,2,2020,0.5643162224496402,1
2020-06-21,0,0,4,1,2020,0.4455469197754592,0
2020-06-22,0,0,3,1,2020,0.28461995531073603,0
2020-06-23,1,0,2,0,2020,0.29742712262985954,0
2020-06-24,1,1,3,1,2020,0.5054276942824296,1
2020-06-25,1,1,3,2,2020,0.5808219971905751,1
2020-06-26,1,1,4,3,2020,0.6461422135710769,1
2020-06-27,0,1,4,3,2020,0.52097838381135,1
2020-06-28,0,0,4,2,2020,0.32558056684931563,0
2020-06-29,0,0,4,1,2020,0.3239423356932153,0
2020-06-30,0,0,4,0,2020,0.3272373730504016,0
2020-07-01,0,0,3,0,2020,0.25497954993518157,0
2020-07-02,0,0,2,0,2020,0.23868049758804133,0
2020-07-03,1,0,1,0,2020,0.20247912510399454,0
2020-07-04,1,1,1,1,2020,0.33555698962305475,0
2020-07-05,1,1,2,2,2020,0.42236732247763265,0
2020-07-06,0,1,3,3,2020,0.4970007519604168,1
2020-07-07,0,0,3,2,2020,0.31408315270636306,0
2020-07-08,0,0,3,1,2020,0.29202787845709877,0
2020-07-09,0,0,3,0,2020,0.2561626688227884,0
2020-07-10,0,0,3,0,2020,0.26680363119230327,0
2020-07-11,0,0,2,0,2020,0.23416499094766374,0
2020-07-12,1,0,1,0,2020,0.20431223515240857,0
2020-07-13,0,1,1,1,2020,0.43077036680176434,0
2020-07-14,0,0,1,1,2020,0.3072783834790215,0
2020-07-15,0,0,1,1,2020,0.260219139285254,0
2020-07-16,0,0,1,0,2020,0.22570335255033583,0
2020-07-17,0,0,1,0,2020,0.20489142150010248,0
2020-07-18,0,0,1,0,2020,0.21388774777759345,0
2020-07-19,0,0,1,0,2020,0.19391389106177043,0
2020-07-20,0,0,0,0,2020,0.17508980544265568,0
2020-07-21,0,0,0,0,2020,0.19916097687721815,0
2020-07-22,0,0,0,0,2020,0.1557961708165067,0
2020-07-23,0,0,0,0,2020,0.15877134295077505,0
2020-07-24,0,0,0,0,2020,0.1439676728938604,0
2020-07-25,0,0,0,0,2020,0.1307520413607088,0
2020-07-26,0,0,0,0,2020,0.1421506309079836,0
2020-07-27,1,0,0,0,2020,0.12709071635509409,0
2020-07-28,0,1,1,1,2020,0.2708794650630955,0
2020-07-29,0,0,1,1,2020,0.1772126175270352,0
2020-07-30,0,0,1,1,2020,0.14585459836698877,0
2020-07-31,0,0,1,0,2020,0.14421455442000122,0
2020-08-01,0,0,1,0,2020,0.1405487355347707,0
2020-08-02,1,0,1,0,2020,0.1351734602599325,0
2020-08-03,0,1,2,1,2020,0.28679846366861994,0
2020-08-04,0,0,1,1,2020,0.1756001164051657,0
2020-08-05,1,0,1,1,2020,0.1360981753075904,0
2020-08-06,0,1,2,1,2020,0.27416263756351755,0
2020-08-07,1,0,2,1,2020,0.1831397830865843,0
2020-08-08,0,1,3,2,2020,0.33555930014927987,0
2020-08-09,1,0,3,1,2020,0.22402645172983718,0
2020-08-10,0,1,3,2,2020,0.35973542234376316,0
2020-08-11,0,0,3,1,2020,0.23378223224144412,0
2020-08-12,0,0,3,1,2020,0.17901142421213195,0
2020-08-13,0,0,2,0,2020,0.1621953857227755,0
2020-08-14,0,0,2,0,2020,0.17981165962694395,0
2020-08-15,0,0,1,0,2020,0.14612669016488458,0
2020-08-16,0,0,1,0,2020,0.15199542590727058,0
2020-08-17,0,0,0,0,2020,0.13098504110084963,0
2020-08-18,0,0,0,0,2020,0.205357889717273,0
2020-08-19,1,0,0,0,2020,0.15155406786848383,0
2020-08-20,1,1,1,1,2020,0.3164361710535205,0
2020-08-21,0,1,2,2,2020,0.5514735979041322,1
2020-08-22,0,0,2,2,2020,0.2490649655671455,0
2020-08-23,0,0,2,1,2020,0.2167233410883641,0
2020-08-24,1,0,2,0,2020,0.21061057817236672,0
2020-08-25,1,1,3,1,2020,0.3854769186911912,0
2020-08-26,0,1,4,2,2020,0.6413173933661349,1
2020-08-27,1,0,3,2,2020,0.3391048081985223,0
2020-08-28,0,1,3,2,2020,0.4330230453035168,0
2020-08-29,0,0,3,1,2020,0.25721969720367027,0
2020-08-30,0,0,3,1,2020,0.21021576762941518,0
2020-08-31,0,0,3,0,2020,0.193018208412623,0
2020-09-01,0,0,2,0,2020,0.17181175615016453,0
2020-09-02,0,0,1,0,2020,0.14636510607936945,0
2020-09-03,1,0,1,0,2020,0.1353153719260646,0
2020-09-04,1,1,1,1,2020,0.3555112524757199,0
2020-09-05,0,1,2,2,2020,0.38862649484733486,0
2020-09-06,0,0,2,2,2020,0.2456003430626103,0
2020-09-07,0,0,2,1,2020,0.17415928546115184,0
2020-09-08,0,0,2,0,2020,0.17302045953398404,0
2020-09-09,0,0,2,0,2020,0.17690383931145578,0
2020-09-10,1,0,2,0,2020,0.1799862106724944,0
2020-09-11,0,1,2,1,2020,0.3476890093042542,0
2020-09-12,0,0,1,1,2020,0.24584444585105394,0
2020-09-13,0,0,1,1,2020,0.1939885241434009,0
2020-09-14,0,0,1,0,2020,0.21969254292960075,0
2020-09-15,0,0,1,0,2020,0.2224703348032156,0
2020-09-16,1,0,1,0,2020,0.2250074943620442,0
2020-09-17,1,1,2,1,2020,0.6733700118674381,1
2020-09-18,1,1,2,2,2020,0.7124759012701014,1
2020-09-19,1,1,3,3,2020,0.8694721611240075,1
2020-09-20,1,1,4,3,2020,0.7716000345188722,1
2020-09-21,1,1,5,3,2020,0.7645744438480084,1
2020-09-22,1,1,6,3,2020,0.8576457143718176,1
2020-09-23,0,1,7,3,2020,0.6381485175535067,1
2020-09-24,0,0,6,2,2020,0.41023106911457863,0
2020-09-25,1,0,5,1,2020,0.2565893387066505,0
2020-09-26,0,1,5,1,2020,0.436979133579862,0
2020-09-27,0,0,4,1,2020,0.3328967794140897,0
2020-09-28,0,0,3,1,2020,0.2694041760856318,0
2020-09-29,0,0,2,0,2020,0.24982754753092237,0
2020-09-30,1,0,1,0,2020,0.233017148845133,0
2020-10-01,1,1,2,1,2020,0.4030588631202953,0
2020-10-02,0,1,3,2,2020,0.6499334591220631,1
2020-10-03,1,0,2,2,2020,0.3431327717384606,0
2020-10-04,1,0,2,1,2020,0.27744965776489733,0
2020-10-05,1,0,3,1,2020,0.33701302866243604,0
2020-10-06,0,1,5,3,2020,0.5790670758031008,1
2020-10-07,1,0,5,2,2020,0.39698455948141687,0
2020-10-08,0,1,5,2,2020,0.5109428042228134,1
2020-10-09,1,0,4,1,2020,0.3543303044613829,0
2020-10-10,1,1,5,2,2020,0.468236825410642,1
2020-10-11,0,1,5,2,2020,0.5627436103172353,1
2020-10-12,1,0,4,2,2020,0.34157776327760325,0
2020-10-13,1,1,4,2,2020,0.5687609312032915,1
2020-10-14,1,1,5,2,2020,0.8175176562014641,1
2020-10-15,1,1,5,3,2020,0.804722914372753,1
2020-10-16,1,1,6,3,2020,0.6058582448128319,1
2020-10-17,1,1,6,3,2020,0.779908328827974,1
2020-10-18,0,1,6,3,2020,0.7499186848213875,1
2020-10-19,0,0,6,2,2020,0.38478180446705285,0
2020-10-20,0,0,5,1,2020,0.2724800955176868,0
2020-10-21,0,0,4,0,2020,0.25610826729922903,0
2020-10-22,0,0,3,0,2020,0.21771421664651786,0
2020-10-23,1,0,2,0,2020,0.16711074122579964,0
2020-10-24,0,1,2,1,2020,0.3351890753470184,0
2020-10-25,0,0,1,1,2020,0.20879630006494254,0
2020-10-26,0,0,1,1,2020,0.17720391986562073,0
2020-10-27,0,0,1,0,2020,0.28422035633461523,0
2020-10-28,1,0,1,0,2020,0.23089515260400792,0
2020-10-29,0,1,2,1,2020,0.47894072744500527,1
2020-10-30,1,0,2,1,2020,0.2684191654454719,0
2020-10-31,0,1,2,2,2020,0.41160142933144905,0
2020-11-01,1,0,2,1,2020,0.23741298255819335,0
2020-11-02,0,1,3,2,2020,0.5461785037051631,1
2020-11-03,0,0,3,1,2020,0.2760272875051833,0
2020-11-04,0,0,3,1,2020,0.21809975543173754,0
2020-11-05,0,0,2,0,2020,0.18289789692122244,0
2020-11-06,0,0,2,0,2020,0.15948564861784711,0
2020-11-07,0,0,1,0,2020,0.16101125615894651,0
2020-11-09,0,0,0,0,2020,0.1228825405255107,0
2020-11-10,0,0,0,0,2020,0.11584070934379494,0
2020-11-11,0,0,0,0,2020,0.1121464819984975,0
2020-11-12,0,0,0,0,2020,0.10524337054142657,0
2020-11-13,0,0,0,0,2020,0.10143364896163116,0
2020-11-14,0,0,0,0,2020,0.10359162009205156,0
2020-11-15,1,0,0,0,2020,0.09788040916106226,0
2020-11-16,1,1,1,1,2020,0.24893009134220873,0
2020-11-17,1,1,2,2,2020,0.5973183604288488,1
2020-11-18,0,1,3,3,2020,0.6522714815248679,1
2020-11-19,0,0,3,2,2020,0.19016155745440522,0
2020-11-20,1,0,3,1,2020,0.15064617288422735,0
2020-11-21,1,1,4,1,2020,0.33256945926157,0
2020-11-22,0,1,5,2,2020,0.34910316572152755,0
2020-11-23,0,0,4,2,2020,0.19805163432986667,0
2020-11-24,1,0,3,1,2020,0.1499981848005426,0
2020-11-25,1,1,3,1,2020,0.27718942214700587,0
2020-11-26,1,1,4,2,2020,0.42955012303730217,0
2020-11-27,0,1,5,3,2020,0.6104807595457661,1
2020-11-28,1,0,4,2,2020,0.28708432425170205,0
2020-11-29,0,1,4,2,2020,0.4100815164902331,0
2020-11-30,0,0,4,1,2020,0.20499447928568887,0
2020-12-01,0,0,4,1,2020,0.14719438138662952,0
2020-12-02,0,0,3,0,2020,0.11821087363912802,0
2020-12-03,0,0,2,0,2020,0.10203347512947186,0
2020-12-04,0,0,1,0,2020,0.08891553758441427,0
2020-12-05,0,0,1,0,2020,0.08536842705028244,0
2020-12-06,0,0,0,0,2020,0.07568118325015626,0
2020-12-07,0,0,0,0,2020,0.07263114569454555,0
2020-12-08,0,0,0,0,2020,0.07187138834897921,0
2020-12-09,0,0,0,0,2020,0.06949392746493602,0
2020-12-10,0,0,0,0,2020,0.06781362471386267,0
2020-12-11,0,0,0,0,2020,0.06705797767836252,0
2020-12-12,0,0,0,0,2020,0.07373673827209214,0
2020-12-13,1,0,0,0,2020,0.062171953783346355,0
2020-12-14,1,1,1,1,2020,0.25378526800020274,0
2020-12-15,0,1,2,2,2020,0.4837698223050589,1
2020-12-16,0,0,2,2,2020,0.11151729095188649,0
2020-12-17,0,0,2,1,2020,0.08769555444646912,0
2020-12-18,0,0,2,0,2020,0.08462471864738007,0
2020-12-19,0,0,2,0,2020,0.08038930387456401,0
2020-12-20,0,0,2,0,2020,0.07816999945780688,0
2020-12-21,0,0,1,0,2020,0.06763859651019875,0
2020-12-22,0,0,0,0,2020,0.05969565939097996,0
2020-12-23,0,0,0,0,2020,0.05806960555964935,0
2020-12-24,1,0,0,0,2020,0.057402567111317186,0
2020-12-26,0,1,1,1,2020,0.10870313343078258,0
2020-12-27,0,0,1,1,2020,0.06582903905616153,0
2020-12-28,0,0,1,0,2020,0.059781141379309975,0
2020-12-29,0,0,1,0,2020,0.05694162869218955,0
2020-12-30,0,0,1,0,2020,0.055103058964933484,0
2020-12-31,0,0,1,0,2020,0.05430073495726085,0
2021-01-01,0,0,0,0,2021,0.04782880338609865,0
2021-01-02,0,0,0,0,2021,0.04749416026308118,0
2021-01-03,0,0,0,0,2021,0.04703240972734878,0
2021-01-04,0,0,0,0,2021,0.04639182348610202,0
2021-01-05,0,0,0,0,2021,0.046070555161384065,0
2021-01-06,0,0,0,0,2021,0.04563440430360554,0
2021-01-07,0,0,0,0,2021,0.04510359194036301,0
2021-01-08,0,0,0,0,2021,0.04430741856339881,0
2021-01-09,0,0,0,0,2021,0.04386178695054949,0
2021-01-10,0,0,0,0,2021,0.04639316892898582,0
2021-01-11,0,0,0,0,2021,0.044240919972039,0
2021-01-12,0,0,0,0,2021,0.04387560380400851,0
2021-01-13,0,0,0,0,2021,0.04247783769621249,0
2021-01-14,0,0,0,0,2021,0.04127779106851059,0
2021-01-15,0,0,0,0,2021,0.04035887060097464,0
2021-01-16,0,0,0,0,2021,0.03954894747192843,0
2021-01-17,0,0,0,0,2021,0.037924290150869996,0
2021-01-18,0,0,0,0,2021,0.03754413218368414,0
2021-01-21,0,0,0,0,2021,0.036371326342117816,0
2021-01-22,0,0,0,0,2021,0.03598538246029884,0
2021-01-23,0,0,0,0,2021,0.03570546322989213,0
2021-01-24,0,0,0,0,2021,0.03422578233311229,0
2021-02-05,0,0,0,0,2021,0.030976547267338603,0
2021-02-06,0,0,0,0,2021,0.03078552319891182,0
2021-02-07,0,0,0,0,2021,0.030576722797260633,0
2021-02-08,0,0,0,0,2021,0.030383419031963822,0
2021-02-09,0,0,0,0,2021,0.030276104020085865,0
2021-02-10,0,0,0,0,2021,0.03025303680170886,0
2021-02-11,0,0,0,0,2021,0.03016116156645457,0
2021-02-12,0,0,0,0,2021,0.029483979657751805,0
2021-02-13,0,0,0,0,2021,0.02890085334911133,0
2021-02-14,0,0,0,0,2021,0.02875016696329335,0
2021-02-15,0,0,0,0,2021,0.028662773912407798,0
2021-02-16,0,0,0,0,2021,0.02857791087424232,0
2021-02-17,0,0,0,0,2021,0.02841823308503192,0
2021-02-18,0,0,0,0,2021,0.02826215302608578,0
2021-02-19,0,0,0,0,2021,0.02796552699887824,0
2021-02-20,0,0,0,0,2021,0.027817363948386253,0
2021-02-21,0,0,0,0,2021,0.027610953702243195,0
2021-02-22,0,0,0,0,2021,0.027475512251411306,0
2021-02-23,0,0,0,0,2021,0.026934281813207606,0
2021-02-24,0,0,0,0,2021,0.02681140723414521,0
2021-02-25,0,0,0,0,2021,0.029753044464187684,0
2021-02-26,0,0,0,0,2021,0.02689981028208129,0
2021-02-27,0,0,0,0,2021,0.026815510188899855,0
2021-02-28,0,0,0,0,2021,0.02671622839387712,0
2021-03-01,0,0,0,0,2021,0.026628332889077833,0
2021-03-02,0,0,0,0,2021,0.026516405596588227,0
2021-03-03,0,0,0,0,2021,0.026361418159992142,0
2021-03-04,0,0,0,0,2021,0.025783604026832403,0
2021-03-05,0,0,0,0,2021,0.025679358513754014,0
2021-03-06,0,0,0,0,2021,0.02564592662318231,0
2021-03-07,0,0,0,0,2021,0.025708034683046898,0
2021-03-08,0,0,0,0,2021,0.025811362011154696,0
2021-03-09,0,0,0,0,2021,0.02598387853210247,0
2021-03-11,0,0,0,0,2021,0.026340638932140323,0
2021-03-12,0,0,0,0,2021,0.026380956177298104,0
2021-03-13,0,0,0,0,2021,0.0263499215976754,0
2021-03-14,0,0,0,0,2021,0.026391795146372684,0
2021-03-15,0,0,0,0,2021,0.026574274261670746,0
2021-03-16,0,0,0,0,2021,0.02668583006825208,0
2021-03-17,0,0,0,0,2021,0.026872159711286685,0
2021-03-18,0,0,0,0,2021,0.026994348119519316,0
2021-03-19,0,0,0,0,2021,0.027114723266053305,0
2021-03-20,0,0,0,0,2021,0.027311245689781886,0
2021-03-21,0,0,0,0,2021,0.02743535298087965,0
2021-03-22,0,0,0,0,2021,0.027561137684190266,0
2021-03-23,0,0,0,0,2021,0.027613144211358406,0
2021-03-24,0,0,0,0,2021,0.02773822792301728,0
2021-03-25,0,0,0,0,2021,0.027944409161815092,0
2021-03-26,0,0,0,0,2021,0.028076676897779703,0
2021-03-27,0,0,0,0,2021,0.02835972321553213,0
2021-03-28,0,0,0,0,2021,0.028500322753427666,0
2021-03-29,0,0,0,0,2021,0.028637949328620897,0
2021-03-30,0,0,0,0,2021,0.02885532832700005,0
2021-03-31,0,0,0,0,2021,0.02915416855832502,0
2021-04-01,0,0,0,0,2021,0.029382765000708033,0
2021-04-02,0,0,0,0,2021,0.029527786347903904,0
2021-04-03,0,0,0,0,2021,0.029755107560094616,0
2021-04-04,0,0,0,0,2021,0.02997190301523222,0
2021-04-05,0,0,0,0,2021,0.03018992039292163,0
2021-04-06,1,0,0,0,2021,0.030416029865014314,0
2021-04-07,0,1,1,1,2021,0.09633576207194001,0
2021-04-08,0,0,1,1,2021,0.06377331992465538,0
2021-04-09,0,0,1,1,2021,0.05134385175688328,0
2021-04-10,0,0,1,0,2021,0.05280788796259593,0
2021-04-11,0,0,1,0,2021,0.05176720289310262,0
2021-04-12,0,0,1,0,2021,0.05132395853486972,0
2021-04-13,0,0,1,0,2021,0.05084325317425622,0
2021-04-14,0,0,0,0,2021,0.05026142676622802,0
2021-04-15,0,0,0,0,2021,0.047239652860577706,0
2021-04-16,0,0,0,0,2021,0.04716304328238536,0
2021-04-17,0,0,0,0,2021,0.04742093844336951,0
2021-04-18,0,0,0,0,2021,0.047528549804557854,0
2021-04-19,0,0,0,0,2021,0.04767919405369512,0
2021-04-20,0,0,0,0,2021,0.047777432061971326,0
2021-04-21,0,0,0,0,2021,0.04757874815877385,0
2021-04-22,0,0,0,0,2021,0.04783747629414402,0
2021-04-23,0,0,0,0,2021,0.048099002322018615,0
2021-04-24,0,0,0,0,2021,0.0486955544639526,0
2021-04-25,0,0,0,0,2021,0.048941630659339125,0
2021-04-26,0,0,0,0,2021,0.049062956548773906,0
2021-04-27,0,0,0,0,2021,0.04893347005508814,0
2021-04-28,0,0,0,0,2021,0.04928138750030164,0
2021-04-29,0,0,0,0,2021,0.04952694746394018,0
2021-04-30,0,0,0,0,2021,0.0496711179438716,0
2021-05-01,0,0,0,0,2021,0.04979048413320376,0
2021-05-02,0,0,0,0,2021,0.05001052900074557,0
2021-05-03,0,0,0,0,2021,0.050282908154160894,0
2021-05-04,1,0,0,0,2021,0.05065818404607753,0
2021-05-05,0,1,1,1,2021,0.1304913374191965,0
2021-05-06,0,0,1,1,2021,0.09162578322960797,0
2021-05-07,0,0,1,1,2021,0.06857961450342885,0
2021-05-08,0,0,1,0,2021,0.06877342384220735,0
2021-05-09,0,0,1,0,2021,0.06764841510083479,0
2021-05-10,0,0,1,0,2021,0.0665479001684341,0
2021-05-11,0,0,1,0,2021,0.06581731366959943,0
2021-05-12,0,0,0,0,2021,0.10495000570056756,0
2021-05-13,0,0,0,0,2021,0.07862398796138811,0
2021-05-14,0,0,0,0,2021,0.07132012066122248,0
2021-05-15,0,0,0,0,2021,0.06643787186235896,0
2021-05-16,1,0,0,0,2021,0.09175873469520426,0
2021-05-17,1,1,1,1,2021,0.1798854865370701,0
2021-05-18,0,1,2,2,2021,0.3716758326987252,0
2021-05-19,1,0,2,2,2021,0.13270009040866487,0
2021-05-20,0,1,3,2,2021,0.2330174959501311,0
2021-05-21,0,0,3,1,2021,0.15454211794734657,0
2021-05-22,0,0,3,1,2021,0.1330038584212447,0
2021-05-23,0,0,3,0,2021,0.1311927727592377,0
2021-05-24,0,0,2,0,2021,0.11870916770940769,0
2021-05-25,0,0,1,0,2021,0.10595428754685882,0
2021-05-26,0,0,1,0,2021,0.11273419541402904,0
2021-05-27,1,0,0,0,2021,0.09761648953702627,0
2021-05-28,0,1,1,1,2021,0.21463841734689296,0
2021-05-29,0,0,1,1,2021,0.14140535047097366,0
2021-05-30,0,0,1,1,2021,0.10406098454201684,0
2021-05-31,0,0,1,0,2021,0.1067782965496473,0
2021-06-01,0,0,1,0,2021,0.11405257473064206,0
2021-06-02,1,0,1,0,2021,0.10858953940860037,0
2021-06-03,1,1,2,1,2021,0.23647948923234466,0
2021-06-04,1,1,2,2,2021,0.3504278021303107,0
2021-06-05,0,1,3,3,2021,0.4033440693084637,0
2021-06-06,0,0,3,2,2021,0.1944142002316323,0
2021-06-07,0,0,3,1,2021,0.1528271692930392,0
2021-06-08,0,0,3,0,2021,0.15649545995835534,0
2021-06-09,1,0,3,0,2021,0.13877572008303535,0
2021-06-10,1,1,3,1,2021,0.2554387957220931,0
2021-06-11,0,1,3,2,2021,0.29762360720792885,0
2021-06-12,0,0,2,2,2021,0.17060215053384126,0
2021-06-13,0,0,2,1,2021,0.1451685941305449,0
2021-06-14,0,0,2,0,2021,0.1426656708362019,0
2021-06-15,0,0,2,0,2021,0.12559231761893305,0
2021-06-16,0,0,2,0,2021,0.11940679275467561,0
2021-06-17,1,0,1,0,2021,0.10727312669104862,0
2021-06-18,1,1,1,1,2021,0.21709269423271685,0
2021-06-19,0,1,2,2,2021,0.2855809215447558,0
2021-06-20,1,0,2,2,2021,0.1746463627107265,0
2021-06-21,0,1,3,2,2021,0.2695674101729444,0
2021-06-22,1,0,3,1,2021,0.18793410875150082,0
2021-06-23,0,1,4,2,2021,0.29218517422330104,0
2021-06-24,0,0,4,1,2021,0.21891265614446812,0
2021-06-25,0,0,3,1,2021,0.16834680147778316,0
2021-06-26,0,0,2,0,2021,0.15570355093861285,0
2021-06-27,0,0,2,0,2021,0.15988333556986573,0
2021-06-28,0,0,1,0,2021,0.1513151190837925,0
2021-06-29,0,0,1,0,2021,0.1425650422260007,0
2021-06-30,0,0,0,0,2021,0.13534181904998568,0
2021-07-01,0,0,0,0,2021,0.15575219719185415,0
2021-07-02,0,0,0,0,2021,0.14881334008596686,0
2021-07-03,0,0,0,0,2021,0.1548669283352599,0
2021-07-04,1,0,0,0,2021,0.13702425778615476,0
2021-07-05,0,1,1,1,2021,0.26157355948358146,0
2021-07-06,1,0,1,1,2021,0.1758025852684876,0
2021-07-07,1,1,2,2,2021,0.3049801522678608,0
2021-07-08,0,1,3,2,2021,0.3922550610127541,0
2021-07-09,0,0,3,2,2021,0.2306654442114825,0
2021-07-10,0,0,3,1,2021,0.19071354935584778,0
2021-07-11,0,0,3,0,2021,0.17209384766574526,0
2021-07-12,0,0,2,0,2021,0.16180269685132115,0
2021-07-13,0,0,2,0,2021,0.15940700589251564,0
2021-07-14,1,0,1,0,2021,0.15801186584672303,0
2021-07-15,1,1,1,1,2021,0.28191351213847377,0
2021-07-16,1,1,2,2,2021,0.41037836650860116,0
2021-07-17,1,1,3,3,2021,0.39704355884722503,0
2021-07-18,0,1,4,3,2021,0.44335560184711303,0
2021-07-19,1,0,4,2,2021,0.29256349873017584,0
2021-07-20,1,1,5,2,2021,0.6191557280334183,1
2021-07-21,1,1,6,2,2021,0.5668793846448655,1
2021-07-22,0,1,6,3,2021,0.6630255971775374,1
2021-07-23,0,0,5,2,2021,0.3309582008662183,0
2021-07-24,1,0,4,1,2021,0.26267166018926696,0
2021-07-25,1,1,4,1,2021,0.38659023121992525,0
2021-07-26,0,1,5,2,2021,0.4840721706125762,1
2021-07-27,1,0,4,2,2021,0.2767724289909967,0
2021-07-28,1,1,4,2,2021,0.4640815513146449,1
2021-07-29,1,1,4,2,2021,0.46817514369127866,1
2021-07-30,0,1,5,3,2021,0.5536785268711227,1
2021-07-31,0,0,5,2,2021,0.3230412231399162,0
2021-08-01,0,0,4,1,2021,0.252223807517264,0
2021-08-02,0,0,3,0,2021,0.23103931764865948,0
2021-08-03,0,0,3,0,2021,0.21756067032162643,0
2021-08-04,0,0,2,0,2021,0.18981740307882308,0
2021-08-05,0,0,1,0,2021,0.17221989476441016,0
2021-08-06,0,0,0,0,2021,0.15134313180143272,0
2021-08-07,0,0,0,0,2021,0.14370043790053164,0
2021-08-08,0,0,0,0,2021,0.13996504627410417,0
2021-08-09,0,0,0,0,2021,0.1357455246692896,0
2021-08-10,0,0,0,0,2021,0.13284515927829949,0
2021-08-11,0,0,0,0,2021,0.1317055158616638,0
2021-08-12,0,0,0,0,2021,0.13659277352002408,0
2021-08-13,0,0,0,0,2021,0.13571192014203257,0
2021-08-14,0,0,0,0,2021,0.1279130860847836,0
2021-08-15,0,0,0,0,2021,0.12423199104383517,0
2021-08-16,0,0,0,0,2021,0.18129360529079144,0
2021-08-17,0,0,0,0,2021,0.14718812713901916,0
2021-08-18,1,0,0,0,2021,0.14065260069359128,0
2021-08-19,1,1,1,1,2021,0.265093376873073,0
2021-08-20,1,1,2,2,2021,0.35617489572698563,0
2021-08-21,1,1,3,3,2021,0.4746438432922068,1
2021-08-22,0,1,4,3,2021,0.6479740190450376,1
2021-08-23,1,0,4,2,2021,0.289775994830661,0
2021-08-24,1,1,5,2,2021,0.41512742051883816,0
2021-08-25,1,1,6,2,2021,0.7748988582644697,1
2021-08-26,1,1,6,3,2021,0.7202217824538857,1
2021-08-27,1,1,6,3,2021,0.566289984032664,1
2021-08-28,0,1,6,3,2021,0.6368359199284662,1
2021-08-29,1,0,5,2,2021,0.3655366062107658,0
2021-08-30,1,1,6,2,2021,0.49529493722064927,1
2021-08-31,1,1,6,2,2021,0.848386231155823,1
2021-09-01,1,1,6,3,2021,0.7479865103200274,1
2021-09-02,1,1,6,3,2021,0.80014385743426,1
2021-09-03,0,1,6,3,2021,0.6234357191939495,1
2021-09-04,1,0,5,2,2021,0.4214544268962951,0
2021-09-05,0,1,6,2,2021,0.515693789984796,1
2021-09-06,0,0,5,1,2021,0.3734869204711379,0
2021-09-07,0,0,4,1,2021,0.2681621310926958,0
2021-09-08,0,0,3,0,2021,0.24273511208652535,0
2021-09-09,1,0,2,0,2021,0.21204283793145276,0
2021-09-10,0,1,2,1,2021,0.3920850540995038,0
2021-09-11,0,0,2,1,2021,0.24787009461451137,0
2021-09-12,0,0,1,1,2021,0.19508819477213382,0
2021-09-13,0,0,1,0,2021,0.18629296997088363,0
2021-09-14,0,0,1,0,2021,0.17537369861653676,0
2021-09-15,0,0,1,0,2021,0.16524179508835407,0
2021-09-16,0,0,1,0,2021,0.16004995154756319,0
2021-09-17,0,0,0,0,2021,0.1478302468200155,0
2021-09-18,0,0,0,0,2021,0.140613821895911,0
2021-09-19,0,0,0,0,2021,0.13373641688409377,0
2021-09-20,0,0,0,0,2021,0.12746936528931396,0
2021-09-21,0,0,0,0,2021,0.1211693340735335,0
2021-09-22,0,0,0,0,2021,0.11985065554592639,0
2021-09-23,0,0,0,0,2021,0.11504969610950554,0
2021-09-24,0,0,0,0,2021,0.10840000400679013,0
2021-09-25,0,0,0,0,2021,0.10532451651099305,0
2021-09-26,0,0,0,0,2021,0.10090574636421329,0
2021-09-27,0,0,0,0,2021,0.09602841146063067,0
2021-09-28,1,0,0,0,2021,0.09360841066522367,0
2021-09-29,0,1,1,1,2021,0.24693707901081258,0
2021-09-30,0,0,1,1,2021,0.17401129835271475,0
2021-10-01,0,0,1,1,2021,0.11857398729161552,0
2021-10-02,0,0,1,0,2021,0.14814396316213319,0
2021-10-03,0,0,1,0,2021,0.11347093040367366,0
2021-10-04,0,0,1,0,2021,0.11028136271972062,0
2021-10-05,0,0,1,0,2021,0.10649368588310737,0
2021-10-06,0,0,0,0,2021,0.0907840958217171,0
2021-10-07,0,0,0,0,2021,0.12762465642661944,0
2021-10-08,0,0,0,0,2021,0.09465177651678,0
2021-10-09,0,0,0,0,2021,0.09283779039009743,0
2021-10-10,0,0,0,0,2021,0.08533542121144251,0
2021-10-11,0,0,0,0,2021,0.11118129232806451,0
2021-10-13,0,0,0,0,2021,0.08806097129352732,0
2021-10-14,0,0,0,0,2021,0.08075067488355812,0
2021-10-15,0,0,0,0,2021,0.07911922142755083,0
2021-10-16,0,0,0,0,2021,0.0783500763646408,0
2021-10-17,0,0,0,0,2021,0.0815625965970721,0
2021-10-18,0,0,0,0,2021,0.07618388008202875,0
2021-10-19,0,0,0,0,2021,0.07414085323247012,0
2021-10-20,0,0,0,0,2021,0.07790785909510413,0
2021-10-21,0,0,0,0,2021,0.07069306369953567,0
2021-10-22,0,0,0,0,2021,0.09414115489427385,0
2021-10-23,0,0,0,0,2021,0.0727171426765773,0
2021-10-24,0,0,0,0,2021,0.06844920280075442,0
2021-10-25,0,0,0,0,2021,0.06477044238233079,0
2021-10-27,0,0,0,0,2021,0.060845150271361746,0
2021-10-28,0,0,0,0,2021,0.05887486943223301,0
2021-10-29,0,0,0,0,2021,0.063345159888234,0
2021-10-30,0,0,0,0,2021,0.059149014898371786,0
2021-10-31,0,0,0,0,2021,0.06467775220404091,0
2021-11-01,0,0,0,0,2021,0.07429591509746475,0
2021-11-02,0,0,0,0,2021,0.056996847943772105,0
2021-11-03,0,0,0,0,2021,0.05518610969644303,0
2021-11-04,0,0,0,0,2021,0.0533417380533776,0
2021-11-05,0,0,0,0,2021,0.06130052905740795,0
2021-11-06,0,0,0,0,2021,0.05753986630787823,0
2021-11-07,0,0,0,0,2021,0.06266131358940456,0
2021-11-08,0,0,0,0,2021,0.05355920008646428,0
2021-11-09,0,0,0,0,2021,0.057660415235334966,0
2021-11-10,0,0,0,0,2021,0.04775197605695032,0
2021-11-11,0,0,0,0,2021,0.047285910231491396,0
2021-11-12,0,0,0,0,2021,0.04788725918837447,0
2021-11-13,0,0,0,0,2021,0.04697929019179698,0
2021-11-14,1,0,0,0,2021,0.046597751172847715,0
2021-11-15,1,1,1,1,2021,0.14217444867331347,0
2021-11-16,0,1,2,2,2021,0.22689797092611835,0
2021-11-17,0,0,2,2,2021,0.08695114707938353,0
2021-11-18,0,0,2,1,2021,0.08151055790770122,0
2021-11-19,0,0,2,0,2021,0.07053636112289824,0
2021-11-20,0,0,2,0,2021,0.07223912420405966,0
2021-11-21,1,0,2,0,2021,0.06581175244884535,0
2021-11-22,0,1,2,1,2021,0.13532754532885896,0
2021-11-23,1,0,1,1,2021,0.08110985863988251,0
2021-11-24,0,1,2,2,2021,0.1420291392119756,0
2021-11-26,0,0,2,1,2021,0.0769812170758131,0
2021-11-27,0,0,2,0,2021,0.07425653311233181,0
2021-11-28,0,0,2,0,2021,0.06525005355441627,0
2021-11-29,0,0,1,0,2021,0.05712004122119834,0
2021-11-30,0,0,1,0,2021,0.05461055543759896,0
2021-12-01,0,0,0,0,2021,0.05351042542181059,0
2021-12-02,0,0,0,0,2021,0.04740793128115857,0
2021-12-03,0,0,0,0,2021,0.04652696937464982,0
2021-12-04,0,0,0,0,2021,0.04525543558488892,0
2021-12-05,0,0,0,0,2021,0.048281300980961665,0
2021-12-06,0,0,0,0,2021,0.04515863594350279,0
2021-12-07,0,0,0,0,2021,0.04458230370410615,0
2021-12-08,0,0,0,0,2021,0.043406619258420584,0
2021-12-09,0,0,0,0,2021,0.043242848896323086,0
2021-12-10,0,0,0,0,2021,0.042768694516800196,0
2021-12-11,0,0,0,0,2021,0.042460274636082415,0
2021-12-12,0,0,0,0,2021,0.04113931517477861,0
2021-12-13,0,0,0,0,2021,0.040896771708945526,0
2021-12-16,0,0,0,0,2021,0.03846615031563866,0
2021-12-17,0,0,0,0,2021,0.03823052325416257,0
2021-12-18,0,0,0,0,2021,0.03812763804845102,0
2021-12-19,0,0,0,0,2021,0.037951628072490654,0
2021-12-20,0,0,0,0,2021,0.03768565559036979,0
2021-12-21,0,0,0,0,2021,0.04113596999750554,0
2021-12-22,0,0,0,0,2021,0.037130297343368306,0
2021-12-23,0,0,0,0,2021,0.03670169468817865,0
2021-12-26,0,0,0,0,2021,0.03543594576336616,0
2021-12-27,0,0,0,0,2021,0.03753363646279415,0
2021-12-28,0,0,0,0,2021,0.03513283940267788,0
2021-12-29,0,0,0,0,2021,0.03534111401790808,0
2022-01-01,0,0,0,0,2022,0.03338530736262815,0
2022-01-02,0,0,0,0,2022,0.03309717019868231,0
2022-01-04,0,0,0,0,2022,0.03155390791882676,0
2022-01-05,0,0,0,0,2022,0.03139619581918662,0
2022-01-06,0,0,0,0,2022,0.031140721127338213,0
2022-01-07,0,0,0,0,2022,0.03081798673153776,0
2022-01-08,0,0,0,0,2022,0.030442789391234997,0
2022-01-09,0,0,0,0,2022,0.030130960408488963,0
2022-01-10,0,0,0,0,2022,0.029934051289273792,0
2022-01-11,0,0,0,0,2022,0.02978174026292328,0
2022-01-12,0,0,0,0,2022,0.02946614254468449,0
2022-01-13,0,0,0,0,2022,0.02918857838956413,0
2022-01-14,0,0,0,0,2022,0.028557040496187822,0
2022-01-15,0,0,0,0,2022,0.027864400519828383,0
2022-01-16,0,0,0,0,2022,0.027661620786300165,0
2022-01-17,0,0,0,0,2022,0.02749374803583447,0
2022-01-18,0,0,0,0,2022,0.027232493470267072,0
2022-01-20,0,0,0,0,2022,0.02711899475811543,0
2022-01-21,0,0,0,0,2022,0.0265836101714841,0
2022-01-22,0,0,0,0,2022,0.026321345255181188,0
2022-01-23,0,0,0,0,2022,0.025735249413764216,0
2022-01-24,0,0,0,0,2022,0.025548871428231718,0
2022-01-25,0,0,0,0,2022,0.02547915889386016,0
2022-01-26,0,0,0,0,2022,0.02542065999951246,0
2022-01-27,0,0,0,0,2022,0.025373701958163408,0
2022-01-28,0,0,0,0,2022,0.02516751490938518,0
2022-01-29,0,0,0,0,2022,0.02488771474276054,0
2022-01-30,0,0,0,0,2022,0.024672215129098507,0
2022-01-31,0,0,0,0,2022,0.02457802977540475,0
2022-02-01,0,0,0,0,2022,0.024494334384365078,0
2022-02-02,0,0,0,0,2022,0.024347200147498377,0
2022-02-03,0,0,0,0,2022,0.024210600995233464,0
2022-02-04,0,0,0,0,2022,0.024178109144752387,0
2022-02-05,0,0,0,0,2022,0.024025399210640647,0
2022-02-06,0,0,0,0,2022,0.023890586137136276,0
2022-02-07,0,0,0,0,2022,0.023745431039617324,0
2022-02-09,0,0,0,0,2022,0.02353435731195529,0
2022-02-10,0,0,0,0,2022,0.023509245397227343,0
2022-02-11,0,0,0,0,2022,0.02345589669772901,0
2022-02-12,0,0,0,0,2022,0.023418326683422277,0
2022-02-13,0,0,0,0,2022,0.02343717081927001,0
2022-02-14,0,0,0,0,2022,0.02345207331442172,0
2022-02-15,0,0,0,0,2022,0.023518432716503737,0
2022-02-16,0,0,0,0,2022,0.023587077237717,0
2022-02-17,0,0,0,0,2022,0.02360312211524273,0
2022-02-18,0,0,0,0,2022,0.023621578911431473,0
2022-02-19,0,0,0,0,2022,0.023533538483473643,0
2022-02-20,0,0,0,0,2022,0.02355698762256118,0
2022-02-21,0,0,0,0,2022,0.023537120002279373,0
2022-02-22,0,0,0,0,2022,0.023568990482164768,0
2022-02-23,0,0,0,0,2022,0.023606707243861713,0
2022-02-24,0,0,0,0,2022,0.02364604398047353,0
2022-02-25,0,0,0,0,2022,0.023628419479653568,0
2022-02-26,0,0,0,0,2022,0.02366753131419257,0
2022-02-27,0,0,0,0,2022,0.02370850681975845,0
2022-02-28,0,0,0,0,2022,0.0237455036748729,0
2022-03-01,0,0,0,0,2022,0.023787761535677986,0
2022-03-02,0,0,0,0,2022,0.02388688699243817,0
2022-03-03,0,0,0,0,2022,0.0239333622224576,0
2022-03-04,0,0,0,0,2022,0.023931735284692886,0
2022-03-05,0,0,0,0,2022,0.02398618908109515,0
2022-03-06,0,0,0,0,2022,0.02409757542439942,0
2022-03-07,0,0,0,0,2022,0.024264887286236034,0
2022-03-08,0,0,0,0,2022,0.02438089432238458,0
2022-03-09,0,0,0,0,2022,0.024553425226823317,0
2022-03-10,0,0,0,0,2022,0.02473134860540182,0
2022-03-11,0,0,0,0,2022,0.02490950575610466,0
2022-03-12,0,0,0,0,2022,0.024977003190062266,0
2022-03-13,0,0,0,0,2022,0.0249873813195204,0
2022-03-14,0,0,0,0,2022,0.025057029868345747,0
2022-03-15,0,0,0,0,2022,0.025241310337910237,0
2022-03-16,0,0,0,0,2022,0.025368829331285408,0
2022-03-17,0,0,0,0,2022,0.025557468273488305,0
2022-03-18,0,0,0,0,2022,0.025694187678849876,0
2022-03-19,0,0,0,0,2022,0.025830234612698653,0
2022-03-20,0,0,0,0,2022,0.02602861330659975,0
2022-03-21,0,0,0,0,2022,0.02616877682803131,0
2022-03-22,0,0,0,0,2022,0.02637201323159858,0
2022-03-23,0,0,0,0,2022,0.026454707928256247,0
2022-03-24,0,0,0,0,2022,0.026597537322241887,0
2022-03-25,0,0,0,0,2022,0.02680704287825218,0
2022-03-26,0,0,0,0,2022,0.026953576082023173,0
2022-03-27,0,0,0,0,2022,0.027226798996116366,0
2022-03-29,0,0,0,0,2022,0.027539672905645407,0
2022-03-30,0,0,0,0,2022,0.02776083795850288,0
2022-03-31,0,0,0,0,2022,0.028049098531695002,0
2022-04-01,0,0,0,0,2022,0.030976588772341877,0
2022-04-02,0,0,0,0,2022,0.028971474743090322,0
2022-04-03,0,0,0,0,2022,0.029283767489681818,0
2022-04-04,0,0,0,0,2022,0.029452387498939664,0
2022-04-05,0,0,0,0,2022,0.02964795806643506,0
2022-04-06,0,0,0,0,2022,0.029853946438087434,0
2022-04-07,0,0,0,0,2022,0.02994727613098726,0
2022-04-08,0,0,0,0,2022,0.029625874826379444,0
2022-04-09,0,0,0,0,2022,0.029862866459612798,0
2022-04-10,0,0,0,0,2022,0.030039522920734904,0
2022-04-11,0,0,0,0,2022,0.0302799651314444,0
2022-04-13,0,0,0,0,2022,0.03090340622307075,0
2022-04-14,0,0,0,0,2022,0.031017683007628867,0
2022-04-15,0,0,0,0,2022,0.03119560387388458,0
2022-04-16,0,0,0,0,2022,0.03299443836864546,0
2022-04-17,0,0,0,0,2022,0.032395055099750346,0
2022-04-18,0,0,0,0,2022,0.03270758975019648,0
2022-04-19,0,0,0,0,2022,0.033119473653356206,0
2022-04-20,0,0,0,0,2022,0.0333446903828806,0
2022-04-21,0,0,0,0,2022,0.0338829416930365,0
2022-04-22,0,0,0,0,2022,0.03413690648151422,0
2022-04-23,0,0,0,0,2022,0.0339592299701166,0
2022-04-24,0,0,0,0,2022,0.03694720979754001,0
2022-04-25,0,0,0,0,2022,0.035644917005682966,0
2022-04-26,0,0,0,0,2022,0.03602876233936734,0
2022-04-27,0,0,0,0,2022,0.0361580227616438,0
2022-04-28,0,0,0,0,2022,0.036594345448783545,0
2022-04-29,0,0,0,0,2022,0.03709540875311657,0
2022-04-30,0,0,0,0,2022,0.037238905620975066,0
2022-05-01,0,0,0,0,2022,0.03674941701292718,0
2022-05-02,0,0,0,0,2022,0.03718702859605012,0
2022-05-03,0,0,0,0,2022,0.04115273293749466,0
2022-05-04,0,0,0,0,2022,0.03892383121183554,0
2022-05-05,0,0,0,0,2022,0.03919880414398652,0
2022-05-06,0,0,0,0,2022,0.039608799944927775,0
2022-05-07,0,0,0,0,2022,0.039943096895810305,0
2022-05-08,0,0,0,0,2022,0.04010386872152455,0
2022-05-09,0,0,0,0,2022,0.04056898616369749,0
2022-05-10,0,0,0,0,2022,0.039850250377450616,0
2022-05-11,0,0,0,0,2022,0.040043097400872446,0
2022-05-12,0,0,0,0,2022,0.04034372418652882,0
2022-05-13,0,0,0,0,2022,0.040644702316890616,0
2022-05-14,0,0,0,0,2022,0.04085627593498396,0
2022-05-15,0,0,0,0,2022,0.04131588536943106,0
2022-05-16,0,0,0,0,2022,0.04161758933225903,0
2022-05-17,0,0,0,0,2022,0.04210271732587542,0
2022-05-18,1,0,0,0,2022,0.04222086266494908,0
2022-05-19,1,1,1,1,2022,0.15258683763426042,0
2022-05-20,0,1,2,2,2022,0.3035582713611364,0
2022-05-21,0,0,2,2,2022,0.11231404035323274,0
2022-05-22,1,0,2,1,2022,0.09008110398441577,0
2022-05-23,1,1,3,1,2022,0.19848515692386548,0
2022-05-24,0,1,4,2,2022,0.28500056958141196,0
2022-05-25,0,0,4,2,2022,0.14825924163567047,0
2022-05-26,0,0,3,1,2022,0.11009786691399386,0
2022-05-27,1,0,2,0,2022,0.10200603953077649,0
2022-05-28,1,1,3,1,2022,0.20704462861166306,0
2022-05-29,1,1,4,2,2022,0.2804558550123718,0
2022-05-30,0,1,4,3,2022,0.3017769254489483,0
2022-05-31,0,0,3,2,2022,0.16353144625717633,0
2022-06-01,0,0,3,1,2022,0.1389805614863618,0
2022-06-02,0,0,3,0,2022,0.1280227583329416,0
2022-06-03,0,0,3,0,2022,0.12181147309942553,0
2022-06-04,0,0,2,0,2022,0.10942901164223173,0
2022-06-05,0,0,1,0,2022,0.10033023665855506,0
2022-06-06,1,0,0,0,2022,0.09182933136112681,0
2022-06-07,0,1,1,1,2022,0.200647538510917,0
2022-06-08,1,0,1,1,2022,0.13372414447951922,0
2022-06-09,1,1,2,2,2022,0.27979913137254947,0
2022-06-10,0,1,3,2,2022,0.3259136951482065,0
2022-06-11,0,0,3,2,2022,0.182171585209425,0
2022-06-12,0,0,3,1,2022,0.15105583382315396,0
2022-06-13,0,0,3,0,2022,0.15807026867188606,0
2022-06-14,0,0,2,0,2022,0.13299766210261907,0
2022-06-15,0,0,2,0,2022,0.1284321584829562,0
2022-06-16,1,0,1,0,2022,0.11758808782297667,0
2022-06-17,0,0,0,0,2022,0.11275578426946187,0
2022-06-18,0,0,1,1,2022,0.23061649056504452,0
2022-06-19,1,0,1,1,2022,0.16985218862142487,0
2022-06-20,1,0,1,0,2022,0.1406251898759344,0
2022-06-21,0,1,3,2,2022,0.3615272706157526,1
2022-06-22,0,0,3,2,2022,0.2170347791816702,0
2022-06-23,1,0,3,1,2022,0.18486367411570007,0
2022-06-24,1,0,2,0,2022,0.15997268685459562,0
2022-06-25,0,1,4,2,2022,0.4351443424276812,1
2022-06-26,0,0,4,2,2022,0.24593120271506236,0
2022-06-27,0,0,3,1,2022,0.18467326881463764,0
2022-06-28,0,0,2,0,2022,0.1692173101818206,0
2022-06-29,0,0,2,0,2022,0.1580067302468706,0
2022-06-30,0,0,2,0,2022,0.15031707511198547,0
2022-07-01,0,0,1,0,2022,0.13841100646682497,0
2022-07-02,0,0,0,0,2022,0.1262677281303396,0
2022-07-03,0,0,0,0,2022,0.12487324110069695,0
2022-07-04,0,0,0,0,2022,0.12324387394809555,0
2022-07-05,0,0,0,0,2022,0.12305516258584774,0
2022-07-06,1,0,0,0,2022,0.12284346254821994,0
2022-07-07,1,1,1,1,2022,0.25385569962213794,0
2022-07-08,0,1,2,2,2022,0.3477688694919701,0
2022-07-09,1,0,2,2,2022,0.21399998289389777,0
2022-07-10,0,0,2,1,2022,0.16891977562183988,0
2022-07-11,0,0,3,1,2022,0.23604691915504458,0
2022-07-12,0,0,3,1,2022,0.1871800415239827,0
2022-07-13,1,0,3,0,2022,0.18765316528735362,0
2022-07-14,1,1,3,1,2022,0.3307588237875509,0
2022-07-15,1,1,3,2,2022,0.40943948974931704,1
2022-07-16,0,1,4,3,2022,0.4472107155734869,1
2022-07-17,0,0,3,2,2022,0.2932260870045085,0
2022-07-18,0,0,3,1,2022,0.2778003661360801,0
2022-07-19,0,0,3,0,2022,0.2366664298438376,0
2022-07-20,1,0,3,0,2022,0.209366940203577,0
2022-07-21,0,1,3,1,2022,0.3400542916127083,0
2022-07-22,0,0,2,1,2022,0.22506377241423678,0
2022-07-23,0,0,1,1,2022,0.16752574029691852,0
2022-07-24,0,0,1,0,2022,0.1620862911555434,0
2022-07-25,0,0,1,0,2022,0.163942105171525,0
2022-07-26,0,0,1,0,2022,0.16097482231116064,0
2022-07-27,0,0,1,0,2022,0.15124788124868727,0
2022-07-28,0,0,0,0,2022,0.13802890230214399,0
2022-07-29,0,0,0,0,2022,0.134782771517154,0
2022-07-30,0,0,0,0,2022,0.1396531767553139,0
2022-07-31,0,0,0,0,2022,0.14836324068039858,0
2022-08-01,0,0,0,0,2022,0.1330150984419568,0
2022-08-02,0,0,0,0,2022,0.13827029129405294,0
2022-08-03,1,0,0,0,2022,0.13562016659451714,0
2022-08-04,0,1,1,1,2022,0.3028045675801173,0
2022-08-05,1,0,1,1,2022,0.21943379626305567,0
2022-08-06,0,1,2,2,2022,0.33775660003578156,0
2022-08-07,0,0,2,1,2022,0.22552502901613675,0
2022-08-08,0,0,2,1,2022,0.178399042921596,0
2022-08-09,0,0,2,0,2022,0.18307862910138006,0
2022-08-10,0,0,2,0,2022,0.17398887517294342,0
2022-08-11,0,0,1,0,2022,0.15177120630887597,0
2022-08-12,0,0,1,0,2022,0.1599259439357889,0
2022-08-13,0,0,0,0,2022,0.14169083589556655,0
2022-08-14,0,0,0,0,2022,0.12769718829504814,0
2022-08-15,0,0,0,0,2022,0.13038470088252427,0
2022-08-16,0,0,0,0,2022,0.12565003492815793,0
2022-08-17,1,0,0,0,2022,0.12042764968448397,0
2022-08-18,1,1,1,1,2022,0.36678747075621576,1
2022-08-19,1,1,2,2,2022,0.48095015322556195,1
2022-08-20,0,1,3,3,2022,0.4238431397041944,1
2022-08-21,0,0,3,2,2022,0.22548061012196274,0
2022-08-22,0,0,3,1,2022,0.22133371709763847,0
2022-08-23,0,0,3,0,2022,0.2065238809195855,0
2022-08-24,0,0,3,0,2022,0.18685723616165384,0
2022-08-25,1,0,2,0,2022,0.1826797470060481,0
2022-08-26,0,1,2,1,2022,0.4019037222483452,1
2022-08-27,0,1,1,1,2022,0.2603216751482811,0
2022-08-28,0,0,1,1,2022,0.19315913009147656,0
2022-08-29,1,0,1,0,2022,0.196992708475073,0
2022-08-30,0,1,2,1,2022,0.39464475383417186,1
2022-08-31,1,0,2,1,2022,0.2517321772433601,0
2022-09-01,1,1,3,2,2022,0.4314985124715021,1
2022-09-02,1,1,3,2,2022,0.5723247581127922,1
2022-09-03,0,1,4,3,2022,0.4999969305740623,1
2022-09-04,1,0,4,2,2022,0.3420584738856683,0
2022-09-05,0,1,5,2,2022,0.46338071901500794,1
2022-09-06,1,0,4,1,2022,0.36490928639879205,1
2022-09-07,1,1,5,2,2022,0.6037530933371551,1
2022-09-08,0,1,5,2,2022,0.606427871114619,1
2022-09-09,0,0,4,2,2022,0.3361896080602792,0
2022-09-10,0,0,3,1,2022,0.31072732367050193,0
2022-09-11,0,0,3,0,2022,0.2546411639149812,0
2022-09-12,0,0,2,0,2022,0.22220631026940532,0
2022-09-13,0,0,2,0,2022,0.17492406363297064,0
2022-09-14,0,0,1,0,2022,0.1518040997549926,0
2022-09-15,0,0,0,0,2022,0.13925598582691767,0
2022-09-16,0,0,0,0,2022,0.17013432963961253,0
2022-09-17,0,0,0,0,2022,0.14712143827429727,0
2022-09-18,0,0,0,0,2022,0.1572086808543374,0
2022-09-19,1,0,0,0,2022,0.1591791102074483,0
2022-09-20,0,1,1,1,2022,0.3282470834388684,0
2022-09-21,1,0,1,1,2022,0.2053968769525689,0
2022-09-22,1,1,2,2,2022,0.5087108359221181,1
2022-09-23,0,1,3,2,2022,0.6953168844436175,1
2022-09-24,0,0,3,2,2022,0.30575580303522926,0
2022-09-25,1,0,3,1,2022,0.22061382411751862,0
2022-09-26,0,1,4,1,2022,0.4455885826910185,1
2022-09-27,0,0,3,1,2022,0.2504814644544927,0
2022-09-28,1,0,3,1,2022,0.19901404870314107,0
2022-09-29,1,1,3,1,2022,0.6400609773172359,1
2022-09-30,1,1,3,2,2022,0.6912943182759901,1
2022-10-01,1,1,4,3,2022,0.6488988312137797,1
2022-10-02,0,1,5,3,2022,0.47859484608522784,1
2022-10-03,0,0,4,2,2022,0.2634778480931545,0
2022-10-04,0,0,4,1,2022,0.18689079054736754,0
2022-10-05,0,0,4,0,2022,0.1876873479566504,0
2022-10-06,0,0,3,0,2022,0.14617425478043916,0
2022-10-07,0,0,2,0,2022,0.13666272723178186,0
2022-10-08,0,0,1,0,2022,0.13063837537220938,0
2022-10-09,0,0,0,0,2022,0.13759258768134658,0
2022-10-10,0,0,0,0,2022,0.14284236585532378,0
2022-10-11,0,0,0,0,2022,0.1400446288899619,0
2022-10-12,0,0,0,0,2022,0.13107417380236655,0
2022-10-13,0,0,0,0,2022,0.12965715923195825,0
2022-10-14,0,0,0,0,2022,0.13552780678043957,0
2022-10-15,0,0,0,0,2022,0.1422578833226853,0
2022-10-16,1,0,0,0,2022,0.13547978649661402,0
2022-10-17,0,1,1,1,2022,0.2694545347861245,0
2022-10-18,0,0,1,1,2022,0.20456700346360226,0
2022-10-19,0,0,1,1,2022,0.1514867639404347,0
2022-10-20,0,0,1,0,2022,0.1386412077526704,0
2022-10-21,0,0,1,0,2022,0.1305470102287435,0
2022-10-22,0,0,1,0,2022,0.10860048189375493,0
2022-10-23,0,0,1,0,2022,0.10968208127968587,0
2022-10-24,0,0,0,0,2022,0.09897584994725493,0
2022-10-25,0,0,0,0,2022,0.09637310689407341,0
2022-10-26,0,0,0,0,2022,0.0925231782775329,0
2022-10-27,0,0,0,0,2022,0.1048344707202924,0
2022-10-28,0,0,0,0,2022,0.09601672588213302,0
2022-10-29,0,0,0,0,2022,0.08607751127250249,0
2022-10-30,0,0,0,0,2022,0.08549378305743889,0
2022-10-31,0,0,0,0,2022,0.0734860193799989,0
2022-11-01,1,0,0,0,2022,0.06619879689726078,0
2022-11-04,0,1,1,1,2022,0.10244782909209686,0
2022-11-05,0,0,1,0,2022,0.10114603618873394,0
2022-11-06,0,0,1,0,2022,0.11033543190919967,0
2022-11-07,0,0,1,0,2022,0.09384363291370676,0
2022-11-11,0,0,0,0,2022,0.0771309193667543,0
2022-11-12,0,0,0,0,2022,0.08358836677892975,0
2022-11-13,0,0,0,0,2022,0.08970383673629195,0
2022-11-14,0,0,0,0,2022,0.0902788539124177,0
2022-11-15,0,0,0,0,2022,0.075926412568253,0
2022-11-16,0,0,0,0,2022,0.07482472783445393,0
2022-11-17,0,0,0,0,2022,0.06289038109798478,0
2022-11-18,0,0,0,0,2022,0.08527357345321382,0
2022-11-19,0,0,0,0,2022,0.07161856183345429,0
2022-11-20,0,0,0,0,2022,0.0700806661427245,0
2022-11-21,0,0,0,0,2022,0.062153598018144594,0
2022-11-22,0,0,0,0,2022,0.05324747742153927,0
2022-11-23,0,0,0,0,2022,0.06326916470273716,0
2022-11-25,0,0,0,0,2022,0.050228208943232634,0
2022-11-26,0,0,0,0,2022,0.050693427365147564,0
2022-11-27,0,0,0,0,2022,0.052134318028074965,0
2022-11-28,0,0,0,0,2022,0.04899173128894427,0
2022-11-29,0,0,0,0,2022,0.04488511042972212,0
2022-12-01,0,0,0,0,2022,0.04035292853168097,0
2022-12-02,0,0,0,0,2022,0.03882200592294098,0
2022-12-03,0,0,0,0,2022,0.04409592058617628,0
2022-12-04,0,0,0,0,2022,0.04034026636020278,0
2022-12-06,0,0,0,0,2022,0.03917274880747621,0
2022-12-08,0,0,0,0,2022,0.03782681930050402,0
2022-12-09,0,0,0,0,2022,0.03649273002525416,0
2022-12-10,0,0,0,0,2022,0.034677940683071604,0
2022-12-15,0,0,0,0,2022,0.03071490719983114,0
2022-12-16,0,0,0,0,2022,0.03004040182983444,0
2022-12-17,0,0,0,0,2022,0.029836058338026408,0
2022-12-18,0,0,0,0,2022,0.02972156699120035,0
2022-12-19,0,0,0,0,2022,0.029557298579981163,0
2022-12-20,0,0,0,0,2022,0.02933286458637359,0
2022-12-21,0,0,0,0,2022,0.029124246415710806,0
2022-12-22,0,0,0,0,2022,0.028972428811203266,0
2022-12-23,0,0,0,0,2022,0.028708665438828277,0
2022-12-24,0,0,0,0,2022,0.02850156192448799,0
2022-12-26,0,0,0,0,2022,0.028080075087229546,0
2022-12-27,0,0,0,0,2022,0.027811203536570874,0
2022-12-28,0,0,0,0,2022,0.027735200090833637,0
2022-12-29,0,0,0,0,2022,0.027685998879430747,0
2022-12-30,0,0,0,0,2022,0.029567454317601743,0
2022-12-31,0,0,0,0,2022,0.028090745634917185,0
2023-01-13,0,0,0,0,2023,0.021341634809818186,0
2023-01-14,0,0,0,0,2023,0.021166260711974,0
2023-01-16,0,0,0,0,2023,0.020771426889614156,0
2023-01-18,0,0,0,0,2023,0.02040935492521949,0
2023-01-19,0,0,0,0,2023,0.020322909307603537,0
2023-01-20,0,0,0,0,2023,0.02023916864344877,0
2023-01-21,0,0,0,0,2023,0.02011680774171136,0
2023-01-22,0,0,0,0,2023,0.019909947297744462,0
2023-01-23,0,0,0,0,2023,0.019748174746658173,0
2023-01-24,0,0,0,0,2023,0.019595490747636685,0
2023-01-25,0,0,0,0,2023,0.019514929656261216,0
2023-01-26,0,0,0,0,2023,0.0194419500490557,0
2023-01-27,0,0,0,0,2023,0.019376714045794777,0
2023-01-28,0,0,0,0,2023,0.01920755992264662,0
2023-01-29,0,0,0,0,2023,0.01899243406430592,0
2023-01-31,0,0,0,0,2023,0.018727294845110164,0
2023-02-01,0,0,0,0,2023,0.018641653566773515,0
2023-02-03,0,0,0,0,2023,0.01839754755633991,0
2023-02-04,0,0,0,0,2023,0.018343556051255528,0
2023-02-05,0,0,0,0,2023,0.018217441087060887,0
2023-02-07,0,0,0,0,2023,0.01798277559839268,0
2023-02-08,0,0,0,0,2023,0.01786971726913354,0
2023-02-09,0,0,0,0,2023,0.01779501272637199,0
2023-02-10,0,0,0,0,2023,0.017754099325603557,0
2023-02-11,0,0,0,0,2023,0.017683445298390815,0
2023-02-12,0,0,0,0,2023,0.017552254417565666,0
2023-02-13,0,0,0,0,2023,0.0174582015221334,0
2023-02-16,0,0,0,0,2023,0.017240975860690178,0
2023-02-17,0,0,0,0,2023,0.017148843452989535,0
2023-02-18,0,0,0,0,2023,0.01705900780324464,0
2023-02-19,0,0,0,0,2023,0.016904700272869493,0
2023-02-20,0,0,0,0,2023,0.016819817302202007,0
2023-03-05,0,0,0,0,2023,0.01720879048629891,0
2023-03-14,0,0,0,0,2023,0.018128861671597003,0
2023-03-16,0,0,0,0,2023,0.01838385076971815,0
2023-03-17,0,0,0,0,2023,0.0185322967093083,0
2023-03-18,0,0,0,0,2023,0.01864880970943758,0
2023-03-19,0,0,0,0,2023,0.018765464363193474,0
2023-03-28,0,0,0,0,2023,0.02080072176982921,0
2023-03-29,0,0,0,0,2023,0.02084716993241569,0
2023-03-31,0,0,0,0,2023,0.021251346995602192,0
2023-04-01,0,0,0,0,2023,0.020747037685400385,0
2023-04-02,0,0,0,0,2023,0.020886553170664613,0
2023-04-03,0,0,0,0,2023,0.021069033646859532,0
2023-04-04,0,0,0,0,2023,0.02124770191724943,0
2023-04-05,0,0,0,0,2023,0.021427773206457272,0
2023-04-06,0,0,0,0,2023,0.021612305925442554,0
2023-04-07,0,0,0,0,2023,0.021716851836174014,0
2023-04-08,0,0,0,0,2023,0.021858681904439965,0
2023-04-09,0,0,0,0,2023,0.022047169939088243,0
2023-04-10,0,0,0,0,2023,0.022197474450483014,0
2023-04-11,0,0,0,0,2023,0.022388799491026228,0
2023-04-12,0,0,0,0,2023,0.022668419302227384,0
2023-04-14,0,0,0,0,2023,0.022971166416484955,0
2023-04-15,0,0,0,0,2023,0.02312391743978268,0
2023-04-16,0,0,0,0,2023,0.023321738456187485,0
2023-04-17,0,0,0,0,2023,0.02361412522371618,0
2023-04-18,0,0,0,0,2023,0.02386006791281614,0
2023-04-20,0,0,0,0,2023,0.024367141637882617,0
2023-04-21,0,0,0,0,2023,0.024717252322566455,0
2023-04-22,0,0,0,0,2023,0.024935972784212855,0
2023-04-23,0,0,0,0,2023,0.025204177483682713,0
2023-04-24,0,0,0,0,2023,0.02560711513805448,0
2023-04-25,0,0,0,0,2023,0.025874783038182542,0
2023-04-26,0,0,0,0,2023,0.026095072509561664,0
2023-04-27,0,0,0,0,2023,0.02621707324836354,0
2023-04-28,0,0,0,0,2023,0.026523176028729608,0
2023-04-29,0,0,0,0,2023,0.02679647927618808,0
2023-04-30,0,0,0,0,2023,0.02702913600794844,0
2023-05-01,0,0,0,0,2023,0.02730588353318511,0
2023-05-02,0,0,0,0,2023,0.02762708657579901,0
2023-05-03,0,0,0,0,2023,0.02796960556872072,0
2023-05-04,0,0,0,0,2023,0.028412345923581883,0
2023-05-05,0,0,0,0,2023,0.02864423721610327,0
2023-05-06,0,0,0,0,2023,0.028942435146982082,0
2023-05-07,0,0,0,0,2023,0.029231061993702633,0
2023-05-08,0,0,0,0,2023,0.029409932680766467,0
2023-05-09,0,0,0,0,2023,0.029700129313708377,0
2023-05-10,0,0,0,0,2023,0.02987870769463402,0
2023-05-11,0,0,0,0,2023,0.030044255873653548,0
2023-05-12,0,0,0,0,2023,0.030335279826022774,0
2023-05-13,0,0,0,0,2023,0.03062727062244077,0
2023-05-14,0,0,0,0,2023,0.030862153252835093,0
2023-05-15,0,0,0,0,2023,0.03293038936163837,0
2023-05-16,0,0,0,0,2023,0.03198113412521709,0
2023-05-17,0,0,0,0,2023,0.032358511930526496,0
2023-05-18,0,0,0,0,2023,0.03244119959279523,0
2023-05-19,1,0,0,0,2023,0.03266282635116886,0
2023-05-20,0,1,1,1,2023,0.17653675703405794,0
2023-05-21,0,0,1,1,2023,0.10303300742457044,0
2023-05-22,0,0,1,1,2023,0.0820328380550792,0
2023-05-23,0,0,1,0,2023,0.0837882814301612,0
2023-05-24,0,0,1,0,2023,0.0823979552225789,0
2023-05-25,0,0,1,0,2023,0.081011594403088,0
2023-05-26,0,0,1,0,2023,0.08020733600999932,0
2023-05-27,0,0,0,0,2023,0.07808170794835445,0
2023-05-28,0,0,0,0,2023,0.07590152962575768,0
2023-05-29,0,0,0,0,2023,0.08052286854653617,0
2023-05-30,0,0,0,0,2023,0.07619852319193328,0
2023-05-31,1,0,0,0,2023,0.07690266792013968,0
2023-06-01,0,1,1,1,2023,0.190409571823784,0
2023-06-02,1,0,1,1,2023,0.11896480618887607,0
2023-06-03,0,1,2,2,2023,0.23860630587714413,0
2023-06-04,0,0,2,1,2023,0.20558610739240732,0
2023-06-05,0,0,2,1,2023,0.14284971753266343,0
2023-06-06,0,0,2,0,2023,0.1453110563616133,0
2023-06-07,0,0,2,0,2023,0.11443011965933783,0
2023-06-08,0,0,1,0,2023,0.10536182400269932,0
2023-06-09,0,0,1,0,2023,0.10221678469904734,0
2023-06-10,0,0,0,0,2023,0.09855866508896469,0
2023-06-11,0,0,0,0,2023,0.09572311318995738,0
2023-06-12,0,0,0,0,2023,0.09212785465426135,0
2023-06-13,0,0,0,0,2023,0.09117514733585251,0
2023-06-14,0,0,0,0,2023,0.09030757610482312,0
2023-06-15,0,0,0,0,2023,0.08951667409574092,0
2023-06-16,0,0,0,0,2023,0.08918015531715616,0
2023-06-17,0,0,0,0,2023,0.08782446340017559,0
2023-06-18,0,0,0,0,2023,0.08660016260957998,0
2023-06-19,0,0,0,0,2023,0.08465368867343379,0
2023-06-20,0,0,0,0,2023,0.08451227635728178,0
2023-06-21,0,0,0,0,2023,0.08477080170352058,0
2023-06-22,0,0,0,0,2023,0.0885004735519131,0
2023-06-23,0,0,0,0,2023,0.0848474155406761,0
2023-06-24,0,0,0,0,2023,0.08450990162721311,0
2023-06-25,1,0,0,0,2023,0.08393918081500665,0
2023-06-26,0,1,1,1,2023,0.20045310732243427,0
2023-06-27,0,0,1,1,2023,0.1374729696262484,0
2023-06-28,0,0,1,1,2023,0.11728470956189418,0
2023-06-29,0,0,1,0,2023,0.11407270480994931,0
2023-06-30,0,0,1,0,2023,0.1116662624760363,0
2023-07-01,0,0,1,0,2023,0.14131314023535899,0
2023-07-02,0,0,1,0,2023,0.11643609016412823,0
2023-07-03,0,0,0,0,2023,0.10492328961590847,0
2023-07-04,1,0,0,0,2023,0.09856459181957793,0
2023-07-05,0,1,1,1,2023,0.22458493979176908,0
2023-07-06,0,0,1,1,2023,0.14610854073216153,0
2023-07-07,0,0,1,1,2023,0.1194088442895966,0
2023-07-08,0,0,1,0,2023,0.11921466057229049,0
2023-07-09,0,0,1,0,2023,0.14565581310359216,0
2023-07-10,0,0,1,0,2023,0.14458817290753492,0
2023-07-11,0,0,1,0,2023,0.14609348373533645,0
2023-07-12,0,0,0,0,2023,0.11537368605227694,0
2023-07-13,0,0,0,0,2023,0.11455206923861372,0
2023-07-14,0,0,0,0,2023,0.11704727060972257,0
2023-07-15,0,0,0,0,2023,0.11208868515103075,0
2023-07-16,1,0,0,0,2023,0.11534056737820372,0
2023-07-17,0,1,1,1,2023,0.2452067679602685,0
2023-07-18,0,0,1,1,2023,0.1621485785611897,0
2023-07-19,0,0,1,1,2023,0.12927212975124708,0
2023-07-20,1,0,1,0,2023,0.1391583273982078,0
2023-07-21,0,1,2,1,2023,0.26952925115830106,0
2023-07-22,0,0,2,1,2023,0.1848383968121683,0
2023-07-23,0,0,2,1,2023,0.15455494189269756,0
2023-07-24,0,0,1,0,2023,0.13744238043140306,0
2023-07-25,0,0,1,0,2023,0.14111196662785327,0
2023-07-26,0,0,1,0,2023,0.12945826450682646,0
2023-07-27,0,0,1,0,2023,0.13844872555760948,0
2023-07-28,0,0,0,0,2023,0.11866107178759432,0
2023-07-29,1,0,0,0,2023,0.11566043983577477,0
2023-07-30,0,1,1,1,2023,0.24325950710487504,0
2023-07-31,1,0,1,1,2023,0.19188908715177985,0
2023-08-01,0,1,2,2,2023,0.2733441021128743,0
2023-08-02,0,0,2,1,2023,0.20676834115490153,0
2023-08-03,0,0,2,1,2023,0.17348567974888837,0
2023-08-04,1,0,2,0,2023,0.1603232513946918,0
2023-08-05,1,1,3,1,2023,0.36703608750424405,1
2023-08-06,1,1,3,2,2023,0.5123772096172509,1
2023-08-07,1,1,4,3,2023,0.5053493611279395,1
2023-08-08,1,1,4,3,2023,0.4325538580874101,1
2023-08-09,1,1,5,3,2023,0.5165822663141807,1
2023-08-10,1,1,6,3,2023,0.5343038499249573,1
2023-08-11,1,1,7,3,2023,0.6216880137431533,1
2023-08-12,0,1,7,3,2023,0.5997851636333514,1
2023-08-13,1,0,6,2,2023,0.3696140872599633,1
2023-08-14,1,1,6,2,2023,0.4793979498429889,1
2023-08-15,0,1,6,2,2023,0.5220429433051875,1
2023-08-16,1,0,5,2,2023,0.31223944632915884,0
2023-08-17,1,1,5,2,2023,0.5112174072339699,1
2023-08-18,1,1,5,2,2023,0.5204694467241635,1
2023-08-19,1,1,5,3,2023,0.5833235206850953,1
2023-08-21,0,1,5,2,2023,0.42804219246354874,1
2023-08-22,0,0,4,1,2023,0.29647717661816775,0
2023-08-23,0,0,4,0,2023,0.26707832778888024,0
2023-08-24,0,0,3,0,2023,0.23111505856389553,0
2023-08-25,0,0,2,0,2023,0.21243537754030492,0
2023-08-26,0,0,1,0,2023,0.20712435984388,0
2023-08-27,0,0,0,0,2023,0.170888070301514,0
2023-08-28,0,0,0,0,2023,0.1649011194914501,0
2023-08-29,0,0,0,0,2023,0.1579802089544416,0
2023-08-30,1,0,0,0,2023,0.16192552959475737,0
2023-08-31,1,1,1,1,2023,0.6508228502001152,1
2023-09-01,1,1,2,2,2023,0.5104682346031468,1
2023-09-02,0,1,3,3,2023,0.49637543157740915,1
2023-09-03,0,0,3,2,2023,0.2707276323127908,0
2023-09-04,0,0,3,1,2023,0.22190021759091,0
2023-09-05,0,0,3,0,2023,0.22008624287773557,0
2023-09-06,0,0,3,0,2023,0.19836497686127294,0
2023-09-07,0,0,2,0,2023,0.19814509967848587,0
2023-09-08,1,0,1,0,2023,0.1602375465665592,0
2023-09-09,0,1,1,1,2023,0.5354695059715189,1
2023-09-10,0,0,1,1,2023,0.22356044655149876,0
2023-09-11,1,0,1,1,2023,0.1561909786582434,0
2023-09-12,1,1,2,1,2023,0.39533005225758766,1
2023-09-13,1,1,3,2,2023,0.4695032007788402,1
2023-09-14,0,1,4,3,2023,0.44982923087235893,1
2023-09-15,1,0,4,2,2023,0.3453637892074739,0
2023-09-16,1,1,4,2,2023,0.4104448908591269,1
2023-09-17,1,1,5,2,2023,0.47157739604407467,1
2023-09-18,0,1,6,3,2023,0.47060314474790826,1
2023-09-19,0,0,5,2,2023,0.2803069872695114,0
2023-09-20,0,0,4,1,2023,0.21392394969480205,0
2023-09-21,0,0,3,0,2023,0.18985440694393366,0
2023-09-22,0,0,3,0,2023,0.17824956075486406,0
2023-09-23,0,0,2,0,2023,0.1595320296360953,0
2023-09-24,0,0,1,0,2023,0.14357275555491242,0
2023-09-25,0,0,0,0,2023,0.1369184975163358,0
2023-09-26,0,0,0,0,2023,0.1659043835661107,0
2023-09-27,0,0,0,0,2023,0.12930823252297888,0
2023-09-28,0,0,0,0,2023,0.1690856251672084,0
2023-09-29,0,0,0,0,2023,0.1474246417741465,0
2023-09-30,0,0,0,0,2023,0.1599790033750352,0
2023-10-01,0,0,0,0,2023,0.120587914216927,0
2023-10-02,0,0,0,0,2023,0.1165517987351604,0
2023-10-03,0,0,0,0,2023,0.11005773273736794,0
2023-10-04,0,0,0,0,2023,0.10689373861329578,0
2023-10-05,0,0,0,0,2023,0.10597156818761644,0
2023-10-06,0,0,0,0,2023,0.1034213220498715,0
2023-10-07,0,0,0,0,2023,0.09580246010100804,0
2023-10-08,0,0,0,0,2023,0.09820740665548576,0
2023-10-09,0,0,0,0,2023,0.09385899556963856,0
2023-10-10,0,0,0,0,2023,0.08851191861851472,0
2023-10-11,0,0,0,0,2023,0.08446086721252437,0
2023-10-12,0,0,0,0,2023,0.08180632680995538,0
2023-10-13,0,0,0,0,2023,0.077818138464984,0
2023-10-14,0,0,0,0,2023,0.0784325460164652,0
2023-10-15,0,0,0,0,2023,0.06956477174652015,0
2023-10-16,0,0,0,0,2023,0.06516805115346042,0
2023-10-17,0,0,0,0,2023,0.06178019340630888,0
2023-10-18,1,0,0,0,2023,0.05852518972115331,0
2023-10-19,1,1,1,1,2023,0.2519811020644272,0
2023-10-20,1,1,2,2,2023,0.2787209616131597,0
2023-10-21,1,1,3,3,2023,0.3497182755790773,0
2023-10-22,1,1,4,3,2023,0.2676400676807623,0
2023-10-23,0,1,5,3,2023,0.29788967561703694,0
2023-10-24,0,0,5,2,2023,0.1756487670512863,0
2023-10-25,1,0,5,1,2023,0.14128809400425826,0
2023-10-26,1,1,5,1,2023,0.31733118242860436,0
2023-10-27,1,1,5,2,2023,0.449572253257893,1
2023-10-28,1,1,5,3,2023,0.6018507536891277,1
2023-10-29,1,1,5,3,2023,0.33233123672258263,0
2023-10-30,1,1,5,3,2023,0.6256642799717906,1
2023-10-31,0,1,6,3,2023,0.5384104616280065,1
2023-11-01,0,0,6,2,2023,0.19822368369666984,0
2023-11-02,0,0,5,1,2023,0.1441446545669882,0
2023-11-03,0,0,4,0,2023,0.12854384606750233,0
2023-11-04,0,0,3,0,2023,0.10903173456462563,0
2023-11-05,0,0,2,0,2023,0.09549581662963484,0
2023-11-06,0,0,1,0,2023,0.08338240365280399,0
2023-11-07,0,0,0,0,2023,0.07499187225277018,0
2023-11-08,0,0,0,0,2023,0.07160102971125924,0
2023-11-09,0,0,0,0,2023,0.06986203003490549,0
2023-11-10,0,0,0,0,2023,0.06830665544479116,0
2023-11-11,0,0,0,0,2023,0.06636570644710744,0
2023-11-12,0,0,0,0,2023,0.06407558652611786,0
2023-11-13,0,0,0,0,2023,0.06196938105651259,0
2023-11-14,0,0,0,0,2023,0.061007389361449886,0
2023-11-16,0,0,0,0,2023,0.057661640988578275,0
2023-11-17,0,0,0,0,2023,0.05590717215108085,0
2023-11-18,0,0,0,0,2023,0.05385070281804617,0
2023-11-19,0,0,0,0,2023,0.05207378761832361,0
2023-11-20,0,0,0,0,2023,0.05037384819170855,0
2023-11-21,0,0,0,0,2023,0.04881714472333571,0
2023-11-22,0,0,0,0,2023,0.047309707475970623,0
2023-11-24,0,0,0,0,2023,0.04622894046528892,0
2023-11-25,0,0,0,0,2023,0.04458392291784772,0
2023-11-26,0,0,0,0,2023,0.04321383009789188,0
2023-11-27,0,0,0,0,2023,0.041750537262887924,0
2023-11-28,0,0,0,0,2023,0.04045646311105052,0
2023-11-29,0,0,0,0,2023,0.03908799455815308,0
2023-11-30,0,0,0,0,2023,0.03768443924835475,0
2023-12-01,0,0,0,0,2023,0.03711842765120495,0
2023-12-02,0,0,0,0,2023,0.03650763529851556,0
2023-12-03,0,0,0,0,2023,0.03603098196619769,0
2023-12-04,0,0,0,0,2023,0.035573879187561004,0
2023-12-05,0,0,0,0,2023,0.035190475064996486,0
2023-12-06,0,0,0,0,2023,0.03486872699461316,0
2023-12-07,0,0,0,0,2023,0.03436129587286647,0
2023-12-08,0,0,0,0,2023,0.03399018073694661,0
2023-12-09,0,0,0,0,2023,0.033688679039252475,0
2023-12-10,0,0,0,0,2023,0.033231076830729664,0
2023-12-11,0,0,0,0,2023,0.032828277331732755,0
2023-12-12,0,0,0,0,2023,0.03241474256863502,0
2023-12-13,0,0,0,0,2023,0.03213181854113181,0
2023-12-14,0,0,0,0,2023,0.031845040742319794,0
2023-12-15,0,0,0,0,2023,0.03151320680564584,0
2023-12-16,0,0,0,0,2023,0.031237712135434057,0
2023-12-17,0,0,0,0,2023,0.030967349828348794,0
2023-12-18,0,0,0,0,2023,0.03475472893767249,0
2023-12-19,0,0,0,0,2023,0.031090429270945963,0
2023-12-20,0,0,0,0,2023,0.03025642586814111,0
2023-12-22,0,0,0,0,2023,0.03043726530373511,0
2023-12-23,0,0,0,0,2023,0.030359451190797585,0
2023-12-24,0,0,0,0,2023,0.03362664674804178,0
2023-12-26,0,0,0,0,2023,0.030418040655216447,0
2023-12-27,0,0,0,0,2023,0.028823635143643465,0
2023-12-28,0,0,0,0,2023,0.026946575047530393,0
2023-12-29,0,0,0,0,2023,0.027574706191489967,0
2023-12-30,0,0,0,0,2023,0.0256254045385827,0
2023-12-31,0,0,0,0,2023,0.024653783736595318,0
