date,y,hd_yt_lastday,hd_ytdays_7,hd_ytdays_3,fold,prob,call
2012-01-01,0,0,0,0,2012,0.028472419207260447,0
2012-01-02,0,0,0,0,2012,0.036619626820889234,0
2012-01-03,0,0,0,0,2012,0.0397335737170835,0
2012-01-04,0,0,0,0,2012,0.037304618423144226,0
2012-01-05,0,0,0,0,2012,0.02930478216344381,0
2012-01-06,0,0,0,0,2012,0.03576350324384369,0
2012-01-07,0,0,0,0,2012,0.029670220503627418,0
2012-01-08,0,0,0,0,2012,0.03416250845297742,0
2012-01-09,0,0,0,0,2012,0.033542424332821806,0
2012-01-10,0,0,0,0,2012,0.029977883922827055,0
2012-01-11,0,0,0,0,2012,0.03625947284538984,0
2012-01-12,0,0,0,0,2012,0.030457066731157847,0
2012-01-13,0,0,0,0,2012,0.03463447845414423,0
2012-01-14,0,0,0,0,2012,0.03968948745618121,0
2012-01-15,0,0,0,0,2012,0.03412678764173674,0
2012-01-16,0,0,0,0,2012,0.03543616336589472,0
2012-01-17,0,0,0,0,2012,0.031439636832056556,0
2012-01-18,0,0,0,0,2012,0.04051556187373765,0
2012-01-19,0,0,0,0,2012,0.03180009054200393,0
2012-01-20,0,0,0,0,2012,0.04329873137499242,0
2012-01-21,0,0,0,0,2012,0.0507923362453597,0
2012-01-22,0,0,0,0,2012,0.03296822430789729,0
2012-01-24,0,0,0,0,2012,0.03287946218449303,0
2012-01-25,0,0,0,0,2012,0.032963858295012124,0
2012-01-26,0,0,0,0,2012,0.042669035752053344,0
2012-01-27,0,0,0,0,2012,0.03859773001029446,0
2012-01-28,0,0,0,0,2012,0.03279406862315006,0
2012-01-29,0,0,0,0,2012,0.03837274669638629,0
2012-01-30,0,0,0,0,2012,0.03855388927094368,0
2012-01-31,0,0,0,0,2012,0.033281510134049355,0
2012-02-01,0,0,0,0,2012,0.0301445837590017,0
2012-02-02,0,0,0,0,2012,0.03022024051593445,0
2012-02-03,0,0,0,0,2012,0.03659378286389681,0
2012-02-04,1,0,0,0,2012,0.030618146286790104,0
2012-02-05,1,1,1,1,2012,0.1421346819170416,0
2012-02-06,0,1,2,2,2012,0.15426835907411163,0
2012-02-07,0,0,2,2,2012,0.0542332228385031,0
2012-02-08,0,0,2,1,2012,0.042910028999337116,0
2012-02-09,0,0,2,0,2012,0.09198185554653199,0
2012-02-10,0,0,2,0,2012,0.07143071786638854,0
2012-02-11,0,0,2,0,2012,0.07524168836184716,0
2012-02-12,0,0,1,0,2012,0.06744684883048777,0
2012-02-13,0,0,0,0,2012,0.03507496492226766,0
2012-02-14,0,0,0,0,2012,0.035198147117909,0
2012-02-16,0,0,0,0,2012,0.03503809283949213,0
2012-02-17,0,0,0,0,2012,0.03471017687404426,0
2012-02-18,0,0,0,0,2012,0.0564911095481426,0
2012-02-19,0,0,0,0,2012,0.04656320067599534,0
2012-02-20,0,0,0,0,2012,0.03871183541600864,0
2012-02-21,0,0,0,0,2012,0.04490348142838169,0
2012-02-22,0,0,0,0,2012,0.035041477585190765,0
2012-02-23,0,0,0,0,2012,0.04508074166766067,0
2012-02-24,0,0,0,0,2012,0.04279012875487712,0
2012-02-25,0,0,0,0,2012,0.0356290218301437,0
2012-02-26,0,0,0,0,2012,0.05174055449280601,0
2012-02-27,0,0,0,0,2012,0.036101544709220924,0
2012-02-28,0,0,0,0,2012,0.036154343914763666,0
2012-02-29,0,0,0,0,2012,0.052641325982789956,0
2012-03-01,0,0,0,0,2012,0.07844310315973113,0
2012-03-02,0,0,0,0,2012,0.03820072944033104,0
2012-03-03,0,0,0,0,2012,0.03840242127254194,0
2012-03-04,0,0,0,0,2012,0.03853094722431297,0
2012-03-05,0,0,0,0,2012,0.03878988578211636,0
2012-03-06,0,0,0,0,2012,0.03845621501764179,0
2012-03-07,0,0,0,0,2012,0.038100702381210515,0
2012-03-08,0,0,0,0,2012,0.03832094195504073,0
2012-03-09,0,0,0,0,2012,0.038593006961093114,0
2012-03-10,0,0,0,0,2012,0.038649583600142895,0
2012-03-11,0,0,0,0,2012,0.038922058442789974,0
2012-03-12,0,0,0,0,2012,0.04302049482770833,0
2012-03-13,0,0,0,0,2012,0.04394664685073165,0
2012-03-14,0,0,0,0,2012,0.03983010448579363,0
2012-03-15,0,0,0,0,2012,0.04457945863163173,0
2012-03-16,0,0,0,0,2012,0.0404309082298729,0
2012-03-17,0,0,0,0,2012,0.044674490033691325,0
2012-03-20,0,0,0,0,2012,0.04161148748873137,0
2012-03-21,0,0,0,0,2012,0.04189083382411494,0
2012-03-22,0,0,0,0,2012,0.04209313164288431,0
2012-03-23,0,0,0,0,2012,0.042376279549401194,0
2012-03-24,0,0,0,0,2012,0.04818750581028868,0
2012-03-25,0,0,0,0,2012,0.04663282322211026,0
2012-03-26,0,0,0,0,2012,0.04325821367132226,0
2012-03-27,0,0,0,0,2012,0.04922422864733143,0
2012-03-28,0,0,0,0,2012,0.04386826736252016,0
2012-03-29,0,0,0,0,2012,0.04416508300640194,0
2012-03-30,0,0,0,0,2012,0.044449438135498856,0
2012-03-31,0,0,0,0,2012,0.04466463102507196,0
2012-04-01,0,0,0,0,2012,0.038741565050414824,0
2012-04-02,0,0,0,0,2012,0.08015802477428256,0
2012-04-03,0,0,0,0,2012,0.03912761043900198,0
2012-04-04,0,0,0,0,2012,0.039340995672076516,0
2012-04-05,0,0,0,0,2012,0.039189804228342125,0
2012-04-06,0,0,0,0,2012,0.039083307892862254,0
2012-04-07,0,0,0,0,2012,0.03929216973476103,0
2012-04-08,0,0,0,0,2012,0.03944622706202546,0
2012-04-09,0,0,0,0,2012,0.03954044797623389,0
2012-04-10,0,0,0,0,2012,0.039748382141822046,0
2012-04-11,0,0,0,0,2012,0.03985213797724115,0
2012-04-12,0,0,0,0,2012,0.04000788508888386,0
2012-04-13,1,0,0,0,2012,0.040206329329443104,0
2012-04-14,0,1,1,1,2012,0.25449769255834276,0
2012-04-15,1,0,1,1,2012,0.04684948862372296,0
2012-04-16,1,1,2,2,2012,0.2831190568872484,0
2012-04-17,0,1,3,2,2012,0.23079038177696284,0
2012-04-18,0,0,3,2,2012,0.0865544319541237,0
2012-04-19,1,0,3,1,2012,0.11351559298615427,0
2012-04-20,1,1,4,1,2012,0.4531919240503043,1
2012-04-21,0,1,4,2,2012,0.252889310182775,0
2012-04-22,0,0,4,2,2012,0.09178368980071058,0
2012-04-23,0,0,3,1,2012,0.09155870225549695,0
2012-04-24,0,0,2,0,2012,0.08912889489714564,0
2012-04-25,0,0,2,0,2012,0.0851930616346374,0
2012-04-26,0,0,2,0,2012,0.08769156805420174,0
2012-04-27,0,0,1,0,2012,0.07339952506453495,0
2012-04-28,0,0,0,0,2012,0.07599144545649567,0
2012-04-29,0,0,0,0,2012,0.07352774738893311,0
2012-04-30,0,0,0,0,2012,0.07076713125043409,0
2012-05-01,0,0,0,0,2012,0.07755535468159555,0
2012-05-02,1,0,0,0,2012,0.0782715922876403,0
2012-05-03,0,1,1,1,2012,0.25726695087189705,0
2012-05-04,0,0,1,1,2012,0.09076790527832881,0
2012-05-05,0,0,1,1,2012,0.10600222319669526,0
2012-05-06,0,0,1,0,2012,0.10995298297192334,0
2012-05-07,0,0,1,0,2012,0.10482854037256473,0
2012-05-08,1,0,1,0,2012,0.1027345772766131,0
2012-05-09,1,1,2,1,2012,0.290408221887738,0
2012-05-10,0,1,2,2,2012,0.2976968207529251,0
2012-05-11,0,0,2,2,2012,0.13589020151941816,0
2012-05-12,0,0,2,1,2012,0.14227685613951083,0
2012-05-13,0,0,2,0,2012,0.15055154022068576,0
2012-05-14,0,0,2,0,2012,0.1280921047712163,0
2012-05-15,0,0,2,0,2012,0.1303471199233518,0
2012-05-16,0,0,1,0,2012,0.12981902051479155,0
2012-05-17,0,0,0,0,2012,0.11996403197026306,0
2012-05-18,0,0,0,0,2012,0.14079390014339263,0
2012-05-19,0,0,0,0,2012,0.10947206889159794,0
2012-05-20,1,0,0,0,2012,0.13100134556395776,0
2012-05-21,1,1,1,1,2012,0.3085756657733876,0
2012-05-22,0,1,2,2,2012,0.3593740766802127,0
2012-05-23,0,0,2,2,2012,0.17908032443850738,0
2012-05-24,0,0,2,1,2012,0.18596543533168491,0
2012-05-25,0,0,2,0,2012,0.16586506933936915,0
2012-05-26,0,0,2,0,2012,0.1483225116251273,0
2012-05-27,1,0,2,0,2012,0.14508698780126122,0
2012-05-28,0,1,2,1,2012,0.3641407279205951,0
2012-05-29,0,0,1,1,2012,0.15843228495802292,0
2012-05-30,0,0,1,1,2012,0.1825871529568385,0
2012-05-31,0,0,1,0,2012,0.2171273780875254,0
2012-06-01,0,0,1,0,2012,0.20744882500796633,0
2012-06-02,0,0,1,0,2012,0.2223663338619696,0
2012-06-03,0,0,1,0,2012,0.1691457925217958,0
2012-06-04,0,0,0,0,2012,0.12420050907008313,0
2012-06-05,0,0,0,0,2012,0.13945749171850055,0
2012-06-06,0,0,0,0,2012,0.12860764678863834,0
2012-06-07,1,0,0,0,2012,0.1639355365906038,0
2012-06-08,0,1,1,1,2012,0.38783943834418105,0
2012-06-09,0,0,1,1,2012,0.13770465215732866,0
2012-06-10,1,0,1,1,2012,0.15294373426860672,0
2012-06-11,1,1,2,1,2012,0.3465471689551829,0
2012-06-12,0,1,3,2,2012,0.3367195851030146,0
2012-06-13,0,0,3,2,2012,0.1576225405595772,0
2012-06-14,1,0,3,1,2012,0.172003214531479,0
2012-06-15,1,1,3,1,2012,0.4737408426845885,1
2012-06-16,1,1,4,2,2012,0.4882271164651733,1
2012-06-17,0,1,5,3,2012,0.4492734491428348,1
2012-06-18,0,0,4,2,2012,0.2775627889529785,0
2012-06-19,0,0,3,1,2012,0.22259913498095069,0
2012-06-20,0,0,3,0,2012,0.18645836500912435,0
2012-06-21,0,0,3,0,2012,0.18578509051633693,0
2012-06-22,0,0,2,0,2012,0.1553293790662396,0
2012-06-23,0,0,1,0,2012,0.10749393098450209,0
2012-06-24,1,0,0,0,2012,0.08989583849030498,0
2012-06-25,0,1,1,1,2012,0.3251985160056317,0
2012-06-26,1,0,1,1,2012,0.10532410322907014,0
2012-06-27,1,1,2,2,2012,0.48809077825623304,1
2012-06-28,1,1,3,2,2012,0.39986381720402997,0
2012-06-29,0,1,4,3,2012,0.40327162627799734,1
2012-06-30,1,0,4,2,2012,0.27208282838432557,0
2012-07-01,1,1,5,2,2012,0.5443475832482418,1
2012-07-02,1,1,5,2,2012,0.4353604241058118,1
2012-07-03,1,1,6,3,2012,0.5811292530629588,1
2012-07-04,0,1,6,3,2012,0.44899673321301625,1
2012-07-05,1,0,5,2,2012,0.21369534338089513,0
2012-07-06,1,1,5,2,2012,0.5246202078304008,1
2012-07-07,0,1,6,2,2012,0.5491778971747107,1
2012-07-08,1,0,5,2,2012,0.21907300226224385,0
2012-07-09,1,1,5,2,2012,0.6915118979408951,1
2012-07-10,1,1,5,2,2012,0.4738106263727154,1
2012-07-11,1,1,5,3,2012,0.5092243429014335,1
2012-07-12,1,1,6,3,2012,0.5319240271116599,1
2012-07-13,0,1,6,3,2012,0.4358104719217586,1
2012-07-14,0,0,5,2,2012,0.2335231143508881,0
2012-07-15,1,0,5,1,2012,0.275014624635064,0
2012-07-16,1,1,5,1,2012,0.678208712766619,1
2012-07-17,1,1,5,2,2012,0.5606766967395175,1
2012-07-18,1,1,5,3,2012,0.6370471239224472,1
2012-07-19,1,1,5,3,2012,0.5327619450219889,1
2012-07-20,1,1,5,3,2012,0.6595401821705623,1
2012-07-21,0,1,6,3,2012,0.690597683133357,1
2012-07-22,1,0,6,2,2012,0.36228228582591787,0
2012-07-23,0,1,6,2,2012,0.7666203195421293,1
2012-07-24,1,0,5,1,2012,0.3030531223140941,0
2012-07-25,0,1,5,2,2012,0.6001122520474634,1
2012-07-26,1,0,4,1,2012,0.25604660934813206,0
2012-07-27,1,1,4,2,2012,0.5218409535728625,1
2012-07-28,1,1,4,2,2012,0.6427212726523399,1
2012-07-29,1,1,5,3,2012,0.4688724029103356,1
2012-07-30,1,1,5,3,2012,0.4917886369290527,1
2012-07-31,1,1,6,3,2012,0.5622958257577049,1
2012-08-01,1,1,6,3,2012,0.7443841697992873,1
2012-08-02,1,1,7,3,2012,0.7804623007034727,1
2012-08-03,1,1,7,3,2012,0.6890112286274586,1
2012-08-04,1,1,7,3,2012,0.7539238422786864,1
2012-08-05,0,1,7,3,2012,0.6767537680624877,1
2012-08-06,0,0,6,2,2012,0.5050808639217276,1
2012-08-07,0,0,5,1,2012,0.38919542330552825,0
2012-08-08,0,0,4,0,2012,0.3579190227162157,0
2012-08-09,0,0,3,0,2012,0.32562461258865827,0
2012-08-10,1,0,2,0,2012,0.2903430446563473,0
2012-08-11,0,1,2,1,2012,0.49788216572840777,1
2012-08-12,0,0,1,1,2012,0.23146561943829783,0
2012-08-13,1,0,1,1,2012,0.24781479950749138,0
2012-08-14,1,1,2,1,2012,0.48361063984232633,1
2012-08-15,1,1,3,2,2012,0.5977099920764964,1
2012-08-16,1,1,4,3,2012,0.6200384928658081,1
2012-08-17,1,1,5,3,2012,0.5770754616295363,1
2012-08-18,1,1,5,3,2012,0.5081301800013438,1
2012-08-19,1,1,6,3,2012,0.6445988334351316,1
2012-08-20,1,1,7,3,2012,0.7031618766505362,1
2012-08-21,0,1,7,3,2012,0.7881493748655265,1
2012-08-22,1,0,6,2,2012,0.47857688261222964,1
2012-08-23,0,1,6,2,2012,0.7432672930724195,1
2012-08-24,1,0,5,1,2012,0.4026891032342395,1
2012-08-25,1,1,5,2,2012,0.729320098240126,1
2012-08-26,1,1,5,2,2012,0.6646306249076428,1
2012-08-27,1,1,5,3,2012,0.706330681133675,1
2012-08-28,1,1,5,3,2012,0.5943096759243834,1
2012-08-29,1,1,6,3,2012,0.7408510266310628,1
2012-08-30,0,1,6,3,2012,0.687541148611023,1
2012-08-31,1,0,6,2,2012,0.5151500913598486,1
2012-09-01,1,1,6,2,2012,0.7910156627142205,1
2012-09-02,1,1,6,2,2012,0.7888984566568554,1
2012-09-03,1,1,6,3,2012,0.6534677262906751,1
2012-09-04,1,1,6,3,2012,0.797483326899566,1
2012-09-05,0,0,5,2,2012,0.4159654178316314,1
2012-09-06,0,0,5,2,2012,0.4562327602148993,1
2012-09-07,0,0,5,1,2012,0.39650465296014,0
2012-09-08,1,0,4,0,2012,0.42846803410759476,1
2012-09-09,0,1,4,1,2012,0.7009819577326911,1
2012-09-10,1,0,3,1,2012,0.3728651387567993,0
2012-09-11,0,1,3,2,2012,0.6535583207138571,1
2012-09-12,1,0,2,1,2012,0.3299324426192528,0
2012-09-13,1,1,3,2,2012,0.6446316583386893,1
2012-09-14,1,1,4,2,2012,0.7709747209601799,1
2012-09-15,0,1,5,3,2012,0.7211871846132903,1
2012-09-16,1,0,4,2,2012,0.41543788553929173,1
2012-09-17,0,1,5,2,2012,0.6717107393118443,1
2012-09-18,0,0,4,1,2012,0.35807240881254426,0
2012-09-19,0,0,4,1,2012,0.33591371852198054,0
2012-09-20,0,0,3,0,2012,0.3118114412259855,0
2012-09-21,0,0,2,0,2012,0.28002648532117397,0
2012-09-22,1,0,1,0,2012,0.2590767623260909,0
2012-09-23,1,1,2,1,2012,0.6643730445073555,1
2012-09-24,1,1,2,2,2012,0.5031622633112491,1
2012-09-25,1,1,3,3,2012,0.6830074120734424,1
2012-09-26,1,1,4,3,2012,0.6483045214166449,1
2012-09-27,1,1,5,3,2012,0.7707811189337987,1
2012-09-28,1,1,6,3,2012,0.7307101331808655,1
2012-09-29,0,1,7,3,2012,0.6329973387000082,1
2012-09-30,0,0,6,2,2012,0.4829281414496546,1
2012-10-01,0,0,5,1,2012,0.33599939153086905,0
2012-10-02,0,0,4,0,2012,0.30748791312848534,0
2012-10-03,1,0,3,0,2012,0.2748699385407687,0
2012-10-04,1,1,3,1,2012,0.6895139602476893,1
2012-10-05,1,1,3,2,2012,0.7204228359964449,1
2012-10-06,1,1,3,3,2012,0.7966458255428724,1
2012-10-07,1,1,4,3,2012,0.7024530190234903,1
2012-10-08,1,1,5,3,2012,0.7833734298817994,1
2012-10-09,0,1,6,3,2012,0.7920795556443727,1
2012-10-10,0,0,6,2,2012,0.4150665513734726,1
2012-10-11,0,0,5,1,2012,0.3166533044062716,0
2012-10-12,0,0,4,0,2012,0.3356524650979752,0
2012-10-13,0,0,3,0,2012,0.2755675577168784,0
2012-10-14,1,0,2,0,2012,0.2603445307831639,0
2012-10-15,1,1,2,1,2012,0.49939128326750126,1
2012-10-16,1,1,2,2,2012,0.7058509286662299,1
2012-10-17,0,1,3,3,2012,0.6592830827508088,1
2012-10-18,1,0,3,2,2012,0.3440511151583515,0
2012-10-19,1,1,4,2,2012,0.7585377824339895,1
2012-10-20,1,1,5,2,2012,0.8220734036928112,1
2012-10-21,1,1,6,3,2012,0.7995504715390738,1
2012-10-22,1,1,6,3,2012,0.6552474070893981,1
2012-10-23,0,1,6,3,2012,0.6634933010786139,1
2012-10-24,1,0,5,2,2012,0.3917596108462136,0
2012-10-25,0,1,6,2,2012,0.6801393887989502,1
2012-10-26,1,0,5,1,2012,0.34144676937220114,0
2012-10-27,1,1,5,2,2012,0.5582780626239042,1
2012-10-28,0,1,5,2,2012,0.7210318102524508,1
2012-10-29,0,0,4,2,2012,0.38264694241909303,0
2012-10-30,0,0,3,1,2012,0.2753147201943569,0
2012-10-31,0,0,3,0,2012,0.25276609980751763,0
2012-11-01,1,0,2,0,2012,0.23603385209272879,0
2012-11-02,0,1,3,1,2012,0.48033839391507865,1
2012-11-03,0,0,2,1,2012,0.222161859180468,0
2012-11-04,0,0,1,1,2012,0.16124896967587565,0
2012-11-05,0,0,1,0,2012,0.1669474044092353,0
2012-11-06,0,0,1,0,2012,0.15805206329014546,0
2012-11-07,0,0,1,0,2012,0.15616942688498575,0
2012-11-08,0,0,1,0,2012,0.15169776630436804,0
2012-11-09,0,0,0,0,2012,0.12923379713386174,0
2012-11-10,0,0,0,0,2012,0.12030365954424566,0
2012-11-11,0,0,0,0,2012,0.09210617209935235,0
2012-11-12,1,0,0,0,2012,0.10072161482391886,0
2012-11-13,0,1,1,1,2012,0.22310587769955306,0
2012-11-14,0,0,1,1,2012,0.10461658885007367,0
2012-11-15,0,0,1,1,2012,0.09344502418494631,0
2012-11-16,0,0,1,0,2012,0.08264482777184252,0
2012-11-17,0,0,1,0,2012,0.09658322282468175,0
2012-11-18,0,0,1,0,2012,0.07540023782039246,0
2012-11-19,0,0,1,0,2012,0.08839990617049118,0
2012-11-20,0,0,0,0,2012,0.08131807356841218,0
2012-11-21,1,0,0,0,2012,0.06944781156580783,0
2012-11-23,1,1,1,1,2012,0.11565578763586994,0
2012-11-24,0,1,2,2,2012,0.17406967411206214,0
2012-11-25,0,0,2,1,2012,0.08232675675925048,0
2012-11-26,0,0,2,1,2012,0.06727176177717402,0
2012-11-27,0,0,2,0,2012,0.05768353062274897,0
2012-11-28,0,0,2,0,2012,0.054944360585627065,0
2012-11-29,0,0,1,0,2012,0.0584387593682017,0
2012-11-30,0,0,1,0,2012,0.05508449247318559,0
2012-12-01,0,0,0,0,2012,0.04872471304926996,0
2012-12-02,0,0,0,0,2012,0.05250580291335973,0
2012-12-03,0,0,0,0,2012,0.04837062799390253,0
2012-12-04,0,0,0,0,2012,0.04909005782335866,0
2012-12-05,0,0,0,0,2012,0.040946603530777406,0
2012-12-06,1,0,0,0,2012,0.0397506726356063,0
2012-12-07,0,1,1,1,2012,0.10719844221139466,0
2012-12-08,0,0,1,1,2012,0.04783091743178789,0
2012-12-09,0,0,1,1,2012,0.03930499321303319,0
2012-12-10,0,0,1,0,2012,0.04518898676452645,0
2012-12-11,0,0,1,0,2012,0.040345854828694905,0
2012-12-12,0,0,1,0,2012,0.04574452857690149,0
2012-12-13,0,0,1,0,2012,0.038604807333292676,0
2012-12-14,0,0,0,0,2012,0.03670203031318218,0
2012-12-15,0,0,0,0,2012,0.04370765342607609,0
2012-12-16,0,0,0,0,2012,0.035136865918340615,0
2012-12-17,0,0,0,0,2012,0.04018234861137419,0
2012-12-19,0,0,0,0,2012,0.03322528890572574,0
2012-12-20,1,0,0,0,2012,0.03275990406913699,0
2012-12-21,1,1,1,1,2012,0.09917807290487529,0
2012-12-22,0,1,2,2,2012,0.12906645331010277,0
2012-12-23,0,0,2,2,2012,0.048182924257810074,0
2012-12-24,0,0,2,1,2012,0.03988003979321068,0
2012-12-26,0,0,2,0,2012,0.03768808840916437,0
2012-12-27,0,0,2,0,2012,0.03598983025485646,0
2012-12-28,0,0,1,0,2012,0.03406871386889894,0
2012-12-29,0,0,0,0,2012,0.037129650749659876,0
2012-12-30,0,0,0,0,2012,0.035576680829130354,0
2012-12-31,0,0,0,0,2012,0.0392469965997679,0
2013-01-01,0,0,0,0,2013,0.035609116829426884,0
2013-01-02,0,0,0,0,2013,0.042637467192427066,0
2013-01-03,0,0,0,0,2013,0.04516486023467459,0
2013-01-04,0,0,0,0,2013,0.039893811771058156,0
2013-01-05,0,0,0,0,2013,0.03533895536955981,0
2013-01-06,0,0,0,0,2013,0.045153941634810846,0
2013-01-07,0,0,0,0,2013,0.049483305939084614,0
2013-01-08,0,0,0,0,2013,0.04124579932769839,0
2013-01-09,0,0,0,0,2013,0.034516057975726884,0
2013-01-10,0,0,0,0,2013,0.03465004768885751,0
2013-01-11,0,0,0,0,2013,0.03475174475754449,0
2013-01-12,0,0,0,0,2013,0.03425016202906582,0
2013-01-13,0,0,0,0,2013,0.03453043493979536,0
2013-01-14,0,0,0,0,2013,0.04150598403041125,0
2013-01-15,0,0,0,0,2013,0.03472019013981444,0
2013-01-16,0,0,0,0,2013,0.04999067499784183,0
2013-01-17,0,0,0,0,2013,0.03482367045752035,0
2013-01-18,0,0,0,0,2013,0.03489923855545453,0
2013-01-19,0,0,0,0,2013,0.04191657350935686,0
2013-01-20,0,0,0,0,2013,0.03727615007421669,0
2013-01-21,0,0,0,0,2013,0.03921161317821861,0
2013-01-23,0,0,0,0,2013,0.032428067503480144,0
2013-01-24,0,0,0,0,2013,0.04673596636813216,0
2013-01-25,0,0,0,0,2013,0.03901821262979579,0
2013-01-26,0,0,0,0,2013,0.03261209958695006,0
2013-01-27,0,0,0,0,2013,0.032676498626384415,0
2013-01-28,0,0,0,0,2013,0.03287174768434491,0
2013-01-29,0,0,0,0,2013,0.0328349299322125,0
2013-01-31,0,0,0,0,2013,0.033233578428158134,0
2013-02-01,0,0,0,0,2013,0.03161213240599585,0
2013-02-02,0,0,0,0,2013,0.03171732198226659,0
2013-02-03,1,0,0,0,2013,0.03740362588315535,0
2013-02-04,0,1,1,1,2013,0.09929070248742874,0
2013-02-05,0,0,1,1,2013,0.043140325818936814,0
2013-02-06,0,0,1,1,2013,0.03771437691327744,0
2013-02-07,0,0,1,0,2013,0.03751314162593215,0
2013-02-08,0,0,1,0,2013,0.04357899347597936,0
2013-02-09,0,0,1,0,2013,0.036666903888246734,0
2013-02-10,0,0,1,0,2013,0.036653205586208756,0
2013-02-11,0,0,0,0,2013,0.0354509981574852,0
2013-02-13,0,0,0,0,2013,0.03560757935363975,0
2013-02-14,0,0,0,0,2013,0.035619487476937786,0
2013-02-15,0,0,0,0,2013,0.03590713950788417,0
2013-02-16,0,0,0,0,2013,0.03893944770585892,0
2013-02-17,0,0,0,0,2013,0.04223246389185241,0
2013-02-18,0,0,0,0,2013,0.03585396786787557,0
2013-02-19,0,0,0,0,2013,0.03853566694347718,0
2013-02-21,0,0,0,0,2013,0.03523751979913942,0
2013-02-22,0,0,0,0,2013,0.03541523030917321,0
2013-02-23,0,0,0,0,2013,0.03565008369808553,0
2013-02-24,0,0,0,0,2013,0.035954685368593226,0
2013-02-25,0,0,0,0,2013,0.036102022164564915,0
2013-02-26,0,0,0,0,2013,0.04049513729107997,0
2013-02-27,0,0,0,0,2013,0.042792276674434186,0
2013-02-28,0,0,0,0,2013,0.05136298048438071,0
2013-03-01,0,0,0,0,2013,0.042736879311373294,0
2013-03-02,0,0,0,0,2013,0.041869798570803286,0
2013-03-03,0,0,0,0,2013,0.04489837847257469,0
2013-03-04,0,0,0,0,2013,0.046990767911219145,0
2013-03-05,0,0,0,0,2013,0.04465442731490023,0
2013-03-06,0,0,0,0,2013,0.045253719363321676,0
2013-03-07,0,0,0,0,2013,0.05895062266690974,0
2013-03-09,0,0,0,0,2013,0.05279253720564481,0
2013-03-10,0,0,0,0,2013,0.049071794892100486,0
2013-03-11,0,0,0,0,2013,0.04365159283996651,0
2013-03-12,0,0,0,0,2013,0.0544301911837982,0
2013-03-13,0,0,0,0,2013,0.06181176406192742,0
2013-03-14,0,0,0,0,2013,0.07928892750734194,0
2013-03-15,0,0,0,0,2013,0.08238947658794214,0
2013-03-16,0,0,0,0,2013,0.07952290867316374,0
2013-03-17,0,0,0,0,2013,0.08293465303480521,0
2013-03-18,0,0,0,0,2013,0.09832725555956066,0
2013-03-19,0,0,0,0,2013,0.09501726938324691,0
2013-03-20,0,0,0,0,2013,0.09058390108622301,0
2013-03-21,1,0,0,0,2013,0.09382432949832853,0
2013-03-22,0,1,1,1,2013,0.40659791623016545,1
2013-03-23,0,0,1,1,2013,0.13068713088525863,0
2013-03-24,0,0,1,1,2013,0.09690540857268483,0
2013-03-25,0,0,1,0,2013,0.10236664390194894,0
2013-03-26,0,0,1,0,2013,0.0943316328440308,0
2013-03-27,0,0,1,0,2013,0.10129686369074109,0
2013-03-28,1,0,1,0,2013,0.10697683271096477,0
2013-03-29,0,1,1,1,2013,0.35279212539963095,0
2013-03-30,0,0,1,1,2013,0.10489785469713214,0
2013-03-31,0,0,1,1,2013,0.07875574089163216,0
2013-04-01,0,0,1,0,2013,0.09347406567345953,0
2013-04-02,0,0,1,0,2013,0.08284095451453626,0
2013-04-03,0,0,1,0,2013,0.10026234089099721,0
2013-04-04,0,0,1,0,2013,0.0978803908775133,0
2013-04-05,0,0,0,0,2013,0.10248725684537459,0
2013-04-06,0,0,0,0,2013,0.11963094978454794,0
2013-04-07,0,0,0,0,2013,0.1228610827914643,0
2013-04-09,0,0,0,0,2013,0.10132676986631059,0
2013-04-10,0,0,0,0,2013,0.14783481203791154,0
2013-04-11,0,0,0,0,2013,0.13127585064773137,0
2013-04-12,0,0,0,0,2013,0.13208346517470582,0
2013-04-13,0,0,0,0,2013,0.1141794788986104,0
2013-04-14,0,0,0,0,2013,0.09926598428498563,0
2013-04-15,0,0,0,0,2013,0.0835331146026522,0
2013-04-16,0,0,0,0,2013,0.07707295748235962,0
2013-04-17,0,0,0,0,2013,0.0816812900753993,0
2013-04-18,0,0,0,0,2013,0.07783732351693236,0
2013-04-19,0,0,0,0,2013,0.09829748929655535,0
2013-04-20,0,0,0,0,2013,0.10980809203824582,0
2013-04-21,0,0,0,0,2013,0.10565261404443142,0
2013-04-22,0,0,0,0,2013,0.0876532734997094,0
2013-04-23,0,0,0,0,2013,0.09219358624838539,0
2013-04-24,0,0,0,0,2013,0.09927605387088427,0
2013-04-25,0,0,0,0,2013,0.12211196680870015,0
2013-04-26,1,0,0,0,2013,0.12239974561515178,0
2013-04-27,0,1,1,1,2013,0.41977474635368106,1
2013-04-28,0,0,1,1,2013,0.15349845750927696,0
2013-04-29,0,0,1,1,2013,0.10524639285876429,0
2013-04-30,0,0,1,0,2013,0.09755823941593027,0
2013-05-01,0,0,1,0,2013,0.08614858083580056,0
2013-05-02,0,0,1,0,2013,0.09115135732634795,0
2013-05-03,0,0,1,0,2013,0.09982765702325705,0
2013-05-04,0,0,0,0,2013,0.11373280753595712,0
2013-05-05,0,0,0,0,2013,0.11673930088946019,0
2013-05-06,0,0,0,0,2013,0.112216482920484,0
2013-05-07,0,0,0,0,2013,0.08714775615522519,0
2013-05-08,0,0,0,0,2013,0.06737100496812068,0
2013-05-09,1,0,0,0,2013,0.11751042371115028,0
2013-05-10,0,1,1,1,2013,0.28847067149881195,0
2013-05-11,0,0,1,1,2013,0.16508268999466036,0
2013-05-12,0,0,1,1,2013,0.12837191105261647,0
2013-05-13,0,0,1,0,2013,0.15848542387384648,0
2013-05-14,0,0,1,0,2013,0.15329161530308044,0
2013-05-15,0,0,1,0,2013,0.13761292355655702,0
2013-05-16,0,0,1,0,2013,0.1381101128768321,0
2013-05-17,0,0,0,0,2013,0.15081603997846163,0
2013-05-18,0,0,0,0,2013,0.14092551832247027,0
2013-05-19,1,0,0,0,2013,0.14835212899949432,0
2013-05-20,1,1,1,1,2013,0.3367654610725888,0
2013-05-21,0,1,2,2,2013,0.412130048380495,1
2013-05-22,0,0,2,2,2013,0.18587003894572957,0
2013-05-23,0,0,2,1,2013,0.15733097367853124,0
2013-05-24,0,0,2,0,2013,0.17757594957052852,0
2013-05-25,0,0,2,0,2013,0.2137384891223798,0
2013-05-26,0,0,2,0,2013,0.1733928183932076,0
2013-05-27,1,0,1,0,2013,0.15558897180784498,0
2013-05-28,0,1,1,1,2013,0.3705775267649455,0
2013-05-29,0,0,1,1,2013,0.1936624355158767,0
2013-05-30,1,0,1,1,2013,0.16462265155058103,0
2013-05-31,1,1,2,1,2013,0.552133501178812,1
2013-06-01,1,1,3,2,2013,0.7194762093123184,1
2013-06-02,1,1,4,3,2013,0.6012774242512883,1
2013-06-03,1,1,5,3,2013,0.7258781156104106,1
2013-06-04,1,1,5,3,2013,0.7789305341759053,1
2013-06-05,0,1,6,3,2013,0.7525800372574817,1
2013-06-06,0,0,6,2,2013,0.40009082773322435,1
2013-06-07,0,0,5,1,2013,0.33690563347690633,0
2013-06-08,1,0,4,0,2013,0.28996071220371866,0
2013-06-09,0,1,4,1,2013,0.4304898522939075,1
2013-06-10,1,0,3,1,2013,0.22241298372848678,0
2013-06-11,0,1,3,2,2013,0.35255482914185116,0
2013-06-12,0,0,2,1,2013,0.27246126220405786,0
2013-06-13,0,0,2,1,2013,0.2213877309633449,0
2013-06-14,0,0,2,0,2013,0.18030746104749976,0
2013-06-15,0,0,2,0,2013,0.1809085448578378,0
2013-06-16,0,0,1,0,2013,0.19524614308984936,0
2013-06-17,0,0,1,0,2013,0.20010359783101273,0
2013-06-18,0,0,0,0,2013,0.21396297971790396,0
2013-06-19,0,0,0,0,2013,0.20484852260727424,0
2013-06-20,0,0,0,0,2013,0.2214355815251136,0
2013-06-21,1,0,0,0,2013,0.2114663154227442,0
2013-06-22,0,1,1,1,2013,0.38411327092229325,0
2013-06-23,1,0,1,1,2013,0.22862178361587604,0
2013-06-24,0,1,2,2,2013,0.5791047301869829,1
2013-06-25,1,0,2,1,2013,0.3089944102144425,0
2013-06-26,0,1,3,2,2013,0.40942533426793193,1
2013-06-27,0,0,3,1,2013,0.19657184684678583,0
2013-06-28,0,0,3,1,2013,0.16002704008102103,0
2013-06-29,0,0,2,0,2013,0.2029158360585751,0
2013-06-30,0,0,2,0,2013,0.1977274009734758,0
2013-07-01,1,0,1,0,2013,0.20480301777554316,0
2013-07-02,1,1,2,1,2013,0.510601451940462,1
2013-07-03,0,1,2,2,2013,0.5465170486504297,1
2013-07-04,0,0,2,2,2013,0.1999760877032861,0
2013-07-05,0,0,2,1,2013,0.14000778201909952,0
2013-07-06,1,0,2,0,2013,0.15201552309944463,0
2013-07-07,0,1,3,1,2013,0.3026845751061682,0
2013-07-08,0,0,3,1,2013,0.17886705982114168,0
2013-07-09,1,0,2,1,2013,0.10433175180858258,0
2013-07-10,0,0,1,0,2013,0.1439414912239057,0
2013-07-11,0,0,2,1,2013,0.15265410161635232,0
2013-07-12,0,0,2,1,2013,0.11089532449660072,0
2013-07-13,0,0,2,0,2013,0.1349077883434014,0
2013-07-14,0,0,1,0,2013,0.11613745895665302,0
2013-07-15,1,0,1,0,2013,0.1278777572026363,0
2013-07-16,1,1,2,1,2013,0.2327966948309849,0
2013-07-17,0,0,1,1,2013,0.20319348918515778,0
2013-07-18,1,0,2,2,2013,0.18909339104232964,0
2013-07-19,0,1,3,2,2013,0.4491154813049309,1
2013-07-20,1,0,3,1,2013,0.18366557501543693,0
2013-07-21,0,1,4,2,2013,0.4131974162251667,1
2013-07-22,0,0,4,1,2013,0.208962427262459,0
2013-07-23,1,0,3,1,2013,0.14430088879440717,0
2013-07-24,1,1,3,1,2013,0.3550682602443042,0
2013-07-25,1,1,4,2,2013,0.4775857835674868,1
2013-07-26,0,1,4,3,2013,0.5707134057617802,1
2013-07-27,0,0,4,2,2013,0.2608803651585029,0
2013-07-28,1,0,3,1,2013,0.20111907833861642,0
2013-07-29,1,1,4,1,2013,0.5245979631065157,1
2013-07-30,1,1,5,2,2013,0.6384319393546959,1
2013-07-31,1,1,5,3,2013,0.7477936363265332,1
2013-08-01,1,1,5,3,2013,0.7692002730766796,1
2013-08-02,0,1,5,3,2013,0.6074803130324723,1
2013-08-03,0,0,5,2,2013,0.3617523903374298,0
2013-08-04,0,0,5,1,2013,0.35759051590660695,0
2013-08-05,1,0,4,0,2013,0.3341304927670285,0
2013-08-06,1,1,4,1,2013,0.6651302434392659,1
2013-08-07,1,1,4,2,2013,0.555617856205363,1
2013-08-08,1,1,4,3,2013,0.6156881922109797,1
2013-08-09,0,1,4,3,2013,0.46237498811515837,1
2013-08-10,0,0,4,2,2013,0.36548641797340453,0
2013-08-11,1,0,4,1,2013,0.3261789736153565,0
2013-08-12,0,1,5,1,2013,0.6039638609876223,1
2013-08-13,0,0,4,1,2013,0.3426237727348255,0
2013-08-14,0,0,3,1,2013,0.29300919094108974,0
2013-08-15,0,0,2,0,2013,0.30127811418069983,0
2013-08-16,0,0,1,0,2013,0.30898341657787837,0
2013-08-17,0,0,1,0,2013,0.3083270228293932,0
2013-08-18,0,0,1,0,2013,0.2797203858808698,0
2013-08-19,0,0,0,0,2013,0.26113936861030373,0
2013-08-20,1,0,0,0,2013,0.2602719288934222,0
2013-08-21,1,1,1,1,2013,0.45662329867172313,1
2013-08-22,1,1,2,2,2013,0.6090634136996737,1
2013-08-23,0,1,3,3,2013,0.5387904821276713,1
2013-08-24,1,0,3,2,2013,0.3147210557660922,0
2013-08-25,0,1,4,2,2013,0.6131877804727338,1
2013-08-26,0,0,4,1,2013,0.3347769031147447,0
2013-08-27,1,0,4,1,2013,0.24380148415902236,0
2013-08-28,1,1,4,1,2013,0.6859116059271074,1
2013-08-29,0,1,4,2,2013,0.6919369155147258,1
2013-08-30,0,0,3,2,2013,0.3082881327272829,0
2013-08-31,0,0,3,1,2013,0.20518964405298787,0
2013-09-01,0,0,2,0,2013,0.190801821491706,0
2013-09-02,0,0,2,0,2013,0.19322571926190762,0
2013-09-03,1,0,2,0,2013,0.173869141428467,0
2013-09-04,0,1,2,1,2013,0.3944756869086612,0
2013-09-05,0,0,1,1,2013,0.16025824220476642,0
2013-09-06,0,0,1,1,2013,0.12845972777309936,0
2013-09-07,0,0,1,0,2013,0.1495311832847573,0
2013-09-08,0,0,1,0,2013,0.16045012383461463,0
2013-09-09,0,0,1,0,2013,0.16556884107270753,0
2013-09-10,1,0,1,0,2013,0.1797270129826184,0
2013-09-11,1,1,1,1,2013,0.5070691986023024,1
2013-09-12,1,1,2,2,2013,0.7025846496059431,1
2013-09-13,1,1,3,3,2013,0.7195445761312942,1
2013-09-14,1,1,4,3,2013,0.7515915789278844,1
2013-09-15,1,1,5,3,2013,0.6663872695045445,1
2013-09-16,1,1,6,3,2013,0.6330360276517846,1
2013-09-17,1,1,7,3,2013,0.7681412697079367,1
2013-09-18,1,1,7,3,2013,0.7624736825538142,1
2013-09-19,1,1,7,3,2013,0.7671454381586598,1
2013-09-20,1,1,7,3,2013,0.7871670892202047,1
2013-09-21,1,1,7,3,2013,0.7908323197065813,1
2013-09-22,1,1,7,3,2013,0.7473363496301587,1
2013-09-23,1,1,7,3,2013,0.5227988909357127,1
2013-09-24,1,1,7,3,2013,0.7979670100491024,1
2013-09-25,1,1,7,3,2013,0.780009013833832,1
2013-09-26,0,1,7,3,2013,0.7795202564965962,1
2013-09-27,1,0,6,2,2013,0.45789643850271167,1
2013-09-28,0,1,6,2,2013,0.595851188388188,1
2013-09-29,0,0,5,1,2013,0.3431282507820205,0
2013-09-30,1,0,4,1,2013,0.29009081178814594,0
2013-10-01,1,1,4,1,2013,0.6289934545124362,1
2013-10-02,1,1,4,2,2013,0.7569971849110883,1
2013-10-03,0,1,4,3,2013,0.581210999854614,1
2013-10-04,0,0,4,2,2013,0.460319808565784,1
2013-10-05,0,0,3,1,2013,0.30318254417299745,0
2013-10-06,0,0,3,0,2013,0.31496056068886213,0
2013-10-07,0,0,3,0,2013,0.34979281166524495,0
2013-10-08,0,0,2,0,2013,0.3019655641677191,0
2013-10-09,0,0,1,0,2013,0.28343246899687197,0
2013-10-10,0,0,0,0,2013,0.2584115362092995,0
2013-10-11,0,0,0,0,2013,0.23579250429370271,0
2013-10-12,0,0,0,0,2013,0.20838703822844082,0
2013-10-13,0,0,0,0,2013,0.24604214006047453,0
2013-10-14,0,0,0,0,2013,0.23140732502249686,0
2013-10-15,0,0,0,0,2013,0.20479436929465594,0
2013-10-16,0,0,0,0,2013,0.21850227195857916,0
2013-10-17,0,0,0,0,2013,0.18827557745973114,0
2013-10-18,0,0,0,0,2013,0.18303038979726122,0
2013-10-19,0,0,0,0,2013,0.20153424922417446,0
2013-10-20,0,0,0,0,2013,0.1614870516614837,0
2013-10-21,0,0,0,0,2013,0.13774609792082718,0
2013-10-22,0,0,0,0,2013,0.12421645631470385,0
2013-10-23,0,0,0,0,2013,0.12028563432017343,0
2013-10-24,0,0,0,0,2013,0.09538722479322384,0
2013-10-25,0,0,0,0,2013,0.08881654909889289,0
2013-10-26,0,0,0,0,2013,0.09837969425561302,0
2013-10-27,0,0,0,0,2013,0.08315760930413088,0
2013-10-28,0,0,0,0,2013,0.08145623934805749,0
2013-10-29,0,0,0,0,2013,0.07388347503913675,0
2013-10-30,0,0,0,0,2013,0.0734365719357398,0
2013-10-31,0,0,0,0,2013,0.07062130192028503,0
2013-11-01,0,0,0,0,2013,0.06158710443623209,0
2013-11-02,0,0,0,0,2013,0.05601563110130919,0
2013-11-03,0,0,0,0,2013,0.08063520504064335,0
2013-11-04,0,0,0,0,2013,0.08508239927503927,0
2013-11-05,0,0,0,0,2013,0.0727608296435213,0
2013-11-06,0,0,0,0,2013,0.052355671492297536,0
2013-11-07,0,0,0,0,2013,0.05135239487017185,0
2013-11-08,0,0,0,0,2013,0.05046466816283972,0
2013-11-09,0,0,0,0,2013,0.050404373777818444,0
2013-11-10,0,0,0,0,2013,0.06023586470902861,0
2013-11-11,0,0,0,0,2013,0.0468775900969569,0
2013-11-12,0,0,0,0,2013,0.04509084459607693,0
2013-11-13,0,0,0,0,2013,0.043566758765665,0
2013-11-14,0,0,0,0,2013,0.042085086754854,0
2013-11-15,0,0,0,0,2013,0.04072970709227378,0
2013-11-16,0,0,0,0,2013,0.03920324167367108,0
2013-11-17,0,0,0,0,2013,0.03828150019306739,0
2013-11-18,0,0,0,0,2013,0.037232383876158084,0
2013-11-19,0,0,0,0,2013,0.0361352078866902,0
2013-11-20,0,0,0,0,2013,0.03502085917021721,0
2013-11-22,0,0,0,0,2013,0.03351507817618612,0
2013-11-23,0,0,0,0,2013,0.032705560298801735,0
2013-11-24,0,0,0,0,2013,0.03191933280281506,0
2013-11-25,1,0,0,0,2013,0.03118129489414668,0
2013-11-26,0,1,1,1,2013,0.09032207056655238,0
2013-11-27,0,0,1,1,2013,0.037921239164628986,0
2013-11-28,0,0,1,1,2013,0.03134432587971392,0
2013-11-29,0,0,1,0,2013,0.03423079606660004,0
2013-11-30,0,0,1,0,2013,0.03299207388418438,0
2013-12-01,0,0,1,0,2013,0.03157642417537399,0
2013-12-02,0,0,1,0,2013,0.030606541812697445,0
2013-12-03,0,0,0,0,2013,0.02831763054508159,0
2013-12-04,0,0,0,0,2013,0.028118814599768557,0
2013-12-05,0,0,0,0,2013,0.028107480114954675,0
2013-12-06,0,0,0,0,2013,0.028042893792282714,0
2013-12-07,0,0,0,0,2013,0.027932941783377203,0
2013-12-09,0,0,0,0,2013,0.02776730483467494,0
2013-12-10,0,0,0,0,2013,0.0275800924786638,0
2013-12-11,0,0,0,0,2013,0.027519185107401874,0
2013-12-12,0,0,0,0,2013,0.027524059600769153,0
2013-12-13,0,0,0,0,2013,0.027467456027193943,0
2013-12-14,0,0,0,0,2013,0.02741457870118512,0
2013-12-15,0,0,0,0,2013,0.02736542810075543,0
2013-12-16,0,0,0,0,2013,0.027320004952193666,0
2013-12-17,0,0,0,0,2013,0.027278310248148186,0
2013-12-18,0,0,0,0,2013,0.02724413891461925,0
2013-12-19,0,0,0,0,2013,0.02721378035512871,0
2013-12-20,0,0,0,0,2013,0.027196529988293673,0
2013-12-21,0,0,0,0,2013,0.03383474776902352,0
2013-12-22,0,0,0,0,2013,0.026930560719249992,0
2013-12-23,0,0,0,0,2013,0.026824726486707633,0
2013-12-24,0,0,0,0,2013,0.026844971561741274,0
2013-12-26,0,0,0,0,2013,0.026290208452053977,0
2013-12-27,0,0,0,0,2013,0.026329983741482012,0
2013-12-28,0,0,0,0,2013,0.02650308798834079,0
2013-12-29,0,0,0,0,2013,0.02651015646438182,0
2013-12-30,0,0,0,0,2013,0.03453148491483226,0
2013-12-31,0,0,0,0,2013,0.03187593930844112,0
2014-01-01,0,0,0,0,2014,0.030714806012109776,0
2014-01-02,0,0,0,0,2014,0.02598970162885399,0
2014-01-03,0,0,0,0,2014,0.02601896711030623,0
2014-01-04,0,0,0,0,2014,0.06573011916718087,0
2014-01-05,0,0,0,0,2014,0.06138124090529631,0
2014-01-06,0,0,0,0,2014,0.05374803164394941,0
2014-01-07,0,0,0,0,2014,0.05401337844091853,0
2014-01-08,0,0,0,0,2014,0.05408772862341102,0
2014-01-09,0,0,0,0,2014,0.054586739521821366,0
2014-01-10,0,0,0,0,2014,0.05494416312049795,0
2014-01-11,0,0,0,0,2014,0.04748773831009871,0
2014-01-12,0,0,0,0,2014,0.04364607343316422,0
2014-01-14,0,0,0,0,2014,0.04883486653314543,0
2014-01-15,0,0,0,0,2014,0.07643270553086644,0
2014-01-16,0,0,0,0,2014,0.05734100586536866,0
2014-01-18,0,0,0,0,2014,0.03702212001415953,0
2014-01-19,0,0,0,0,2014,0.045649982189259725,0
2014-01-20,0,0,0,0,2014,0.040026153626902386,0
2014-01-21,0,0,0,0,2014,0.053387640610085337,0
2014-01-22,0,0,0,0,2014,0.03661545821044124,0
2014-01-23,0,0,0,0,2014,0.029220929077255136,0
2014-01-24,0,0,0,0,2014,0.036842719108887326,0
2014-01-25,0,0,0,0,2014,0.028760443836473616,0
2014-01-26,0,0,0,0,2014,0.0289969422418081,0
2014-01-27,0,0,0,0,2014,0.028972493651339904,0
2014-01-28,0,0,0,0,2014,0.029370597529279344,0
2014-01-29,0,0,0,0,2014,0.03445962174214172,0
2014-01-30,0,0,0,0,2014,0.02978596486158706,0
2014-01-31,0,0,0,0,2014,0.04718592547832717,0
2014-02-01,0,0,0,0,2014,0.033481005855328844,0
2014-02-02,0,0,0,0,2014,0.032854878834756004,0
2014-02-03,0,0,0,0,2014,0.03233961459953671,0
2014-02-04,0,0,0,0,2014,0.03999906656398271,0
2014-02-05,0,0,0,0,2014,0.03162617990959061,0
2014-02-06,0,0,0,0,2014,0.025104196729378362,0
2014-02-07,0,0,0,0,2014,0.03989133517192793,0
2014-02-08,0,0,0,0,2014,0.025461781439506063,0
2014-02-09,0,0,0,0,2014,0.07599829699395938,0
2014-02-10,0,0,0,0,2014,0.049844543125771676,0
2014-02-11,0,0,0,0,2014,0.05154449283070343,0
2014-02-12,0,0,0,0,2014,0.0410453791521135,0
2014-02-13,0,0,0,0,2014,0.046777284673437,0
2014-02-14,0,0,0,0,2014,0.04075249340391139,0
2014-02-15,0,0,0,0,2014,0.048051116087800654,0
2014-02-16,1,0,0,0,2014,0.06547290594346906,0
2014-02-17,0,1,1,1,2014,0.22040584442819694,0
2014-02-18,0,0,1,1,2014,0.0736597225507835,0
2014-02-19,1,0,1,1,2014,0.04903856514859663,0
2014-02-20,0,1,2,1,2014,0.13295755658991118,0
2014-02-21,0,0,2,1,2014,0.050623872556097446,0
2014-02-22,0,0,2,1,2014,0.033517056687028285,0
2014-02-23,0,0,2,0,2014,0.040664810377298605,0
2014-02-24,0,0,1,0,2014,0.04111777029242265,0
2014-02-25,1,0,1,0,2014,0.04664712299139887,0
2014-02-26,0,1,2,1,2014,0.1264688517451536,0
2014-02-27,0,0,1,1,2014,0.04376125272238293,0
2014-03-02,0,0,1,0,2014,0.042468408770801803,0
2014-03-03,0,0,1,0,2014,0.06359548028732688,0
2014-03-04,0,0,1,0,2014,0.049570049886922075,0
2014-03-05,0,0,0,0,2014,0.03815295630782332,0
2014-03-06,0,0,0,0,2014,0.07775648084300849,0
2014-03-07,1,0,0,0,2014,0.05476438379459551,0
2014-03-08,0,1,1,1,2014,0.15899507190241002,0
2014-03-09,0,0,1,1,2014,0.09074228240472995,0
2014-03-10,0,0,1,1,2014,0.08711827416584665,0
2014-03-11,0,0,1,0,2014,0.0989082738571787,0
2014-03-12,0,0,1,0,2014,0.09857278608657165,0
2014-03-13,0,0,1,0,2014,0.09247576696633134,0
2014-03-14,0,0,1,0,2014,0.10076979000415803,0
2014-03-15,0,0,0,0,2014,0.08203206355767127,0
2014-03-16,0,0,0,0,2014,0.08781033710501951,0
2014-03-17,0,0,0,0,2014,0.09806184388852998,0
2014-03-18,0,0,0,0,2014,0.08749786720252728,0
2014-03-19,0,0,0,0,2014,0.08541707899991534,0
2014-03-20,0,0,0,0,2014,0.08599513276815864,0
2014-03-21,0,0,0,0,2014,0.08810963734070655,0
2014-03-22,0,0,0,0,2014,0.09489998550590505,0
2014-03-23,0,0,0,0,2014,0.08860154819452419,0
2014-03-24,0,0,0,0,2014,0.10089500964984437,0
2014-03-25,0,0,0,0,2014,0.07185657045396313,0
2014-03-26,0,0,0,0,2014,0.0760769936661188,0
2014-03-27,0,0,0,0,2014,0.06906307377874737,0
2014-03-28,0,0,0,0,2014,0.09381161343060401,0
2014-03-29,0,0,0,0,2014,0.08739200150449083,0
2014-03-30,0,0,0,0,2014,0.08474480196367519,0
2014-03-31,0,0,0,0,2014,0.07213112450788492,0
2014-04-01,0,0,0,0,2014,0.06462544126926693,0
2014-04-03,0,0,0,0,2014,0.06680690888267687,0
2014-04-04,0,0,0,0,2014,0.09774366901357973,0
2014-04-05,0,0,0,0,2014,0.09376593121540747,0
2014-04-06,0,0,0,0,2014,0.09197912597948002,0
2014-04-07,0,0,0,0,2014,0.07423830245274314,0
2014-04-08,0,0,0,0,2014,0.07478037408608117,0
2014-04-09,0,0,0,0,2014,0.0820955811569092,0
2014-04-10,0,0,0,0,2014,0.09663844012863204,0
2014-04-11,0,0,0,0,2014,0.09783935774674424,0
2014-04-12,0,0,0,0,2014,0.09083824217815471,0
2014-04-13,0,0,0,0,2014,0.08888792483921455,0
2014-04-14,0,0,0,0,2014,0.08970243540996604,0
2014-04-15,0,0,0,0,2014,0.09533189014425199,0
2014-04-16,0,0,0,0,2014,0.1028645537006569,0
2014-04-17,0,0,0,0,2014,0.10407240270834577,0
2014-04-18,0,0,0,0,2014,0.09581007609924119,0
2014-04-19,0,0,0,0,2014,0.10096645599478514,0
2014-04-20,0,0,0,0,2014,0.10581824895737574,0
2014-04-21,0,0,0,0,2014,0.1197113280959065,0
2014-04-22,1,0,0,0,2014,0.1018651227922081,0
2014-04-23,0,1,1,1,2014,0.2353748219642758,0
2014-04-24,0,0,1,1,2014,0.13122133724682042,0
2014-04-25,0,0,1,1,2014,0.10489318345713697,0
2014-04-26,0,0,1,0,2014,0.15322972930073298,0
2014-04-27,0,0,1,0,2014,0.1305803744732407,0
2014-04-28,0,0,1,0,2014,0.12961032729332997,0
2014-04-29,0,0,1,0,2014,0.12201622004864501,0
2014-04-30,0,0,0,0,2014,0.11555757325712007,0
2014-05-01,0,0,0,0,2014,0.10498927249750817,0
2014-05-02,0,0,0,0,2014,0.10562140178187533,0
2014-05-03,1,0,0,0,2014,0.11528954843267741,0
2014-05-04,1,1,1,1,2014,0.2540900600467024,0
2014-05-05,0,1,2,2,2014,0.3584161308128093,0
2014-05-06,0,0,2,2,2014,0.156245978484867,0
2014-05-07,0,0,2,1,2014,0.1414384812698201,0
2014-05-08,0,0,2,0,2014,0.14311886004004762,0
2014-05-09,0,0,2,0,2014,0.14211061167374373,0
2014-05-10,0,0,2,0,2014,0.1127900567733561,0
2014-05-11,0,0,1,0,2014,0.10562878887458296,0
2014-05-12,0,0,0,0,2014,0.10126414282443727,0
2014-05-13,0,0,0,0,2014,0.10817373234933766,0
2014-05-14,0,0,0,0,2014,0.12444737658536255,0
2014-05-15,0,0,0,0,2014,0.11871950856825937,0
2014-05-16,1,0,0,0,2014,0.1373556339737993,0
2014-05-17,1,1,1,1,2014,0.2714692379920155,0
2014-05-18,0,1,2,2,2014,0.37888073179562665,0
2014-05-19,0,0,2,2,2014,0.1814103165151644,0
2014-05-20,0,0,2,1,2014,0.13477436024774347,0
2014-05-21,0,0,2,0,2014,0.16561335398856367,0
2014-05-22,1,0,2,0,2014,0.16458143148961277,0
2014-05-23,0,1,3,1,2014,0.38217758056715806,0
2014-05-24,0,0,2,1,2014,0.19066109106367793,0
2014-05-25,0,0,1,1,2014,0.14994779739212755,0
2014-05-26,0,0,1,0,2014,0.15998510574823688,0
2014-05-27,0,0,1,0,2014,0.16750882887109173,0
2014-05-28,0,0,1,0,2014,0.16834903115128652,0
2014-05-29,0,0,1,0,2014,0.1410575579730474,0
2014-05-30,0,0,0,0,2014,0.14823771774676522,0
2014-05-31,0,0,0,0,2014,0.14882034230811705,0
2014-06-01,0,0,0,0,2014,0.1544540427038305,0
2014-06-02,0,0,0,0,2014,0.14960498784278808,0
2014-06-03,0,0,0,0,2014,0.12974359633412016,0
2014-06-04,0,0,0,0,2014,0.14063067239996888,0
2014-06-05,0,0,0,0,2014,0.14535204407497204,0
2014-06-06,0,0,0,0,2014,0.18341609514562865,0
2014-06-07,0,0,0,0,2014,0.1594625089016175,0
2014-06-08,0,0,0,0,2014,0.15819889192821662,0
2014-06-09,0,0,0,0,2014,0.14676711478632726,0
2014-06-10,0,0,0,0,2014,0.1675005199974477,0
2014-06-11,0,0,0,0,2014,0.16530702563548566,0
2014-06-12,0,0,0,0,2014,0.16917079531969328,0
2014-06-13,0,0,0,0,2014,0.19837186500185142,0
2014-06-14,0,0,0,0,2014,0.17997187842905954,0
2014-06-15,0,0,0,0,2014,0.1497022777825837,0
2014-06-16,1,0,0,0,2014,0.15554660295214764,0
2014-06-17,0,1,1,1,2014,0.345717627664338,0
2014-06-18,0,0,1,1,2014,0.19430133099683344,0
2014-06-19,0,0,1,1,2014,0.15940797570977844,0
2014-06-20,0,0,1,0,2014,0.17250821812208778,0
2014-06-21,0,0,1,0,2014,0.17410413471052497,0
2014-06-22,0,0,1,0,2014,0.17793855005398715,0
2014-06-23,0,0,1,0,2014,0.1810014594889919,0
2014-06-24,0,0,0,0,2014,0.16519934861718033,0
2014-06-25,0,0,0,0,2014,0.15016241635302063,0
2014-06-26,0,0,0,0,2014,0.14600883867878964,0
2014-06-27,0,0,0,0,2014,0.15437470498355724,0
2014-06-28,0,0,0,0,2014,0.13118360212597827,0
2014-06-29,0,0,0,0,2014,0.1465964864971623,0
2014-06-30,0,0,0,0,2014,0.144981751651435,0
2014-07-01,0,0,0,0,2014,0.10521790730864641,0
2014-07-02,0,0,0,0,2014,0.14344366423701815,0
2014-07-03,0,0,0,0,2014,0.12672165498427798,0
2014-07-04,0,0,0,0,2014,0.1421806312070046,0
2014-07-05,0,0,0,0,2014,0.1580719792825353,0
2014-07-06,0,0,0,0,2014,0.15548186355172972,0
2014-07-07,0,0,0,0,2014,0.14024362020043873,0
2014-07-08,0,0,0,0,2014,0.13962053444388214,0
2014-07-09,0,0,0,0,2014,0.1402705901878598,0
2014-07-10,1,0,0,0,2014,0.1483944620042014,0
2014-07-11,1,1,1,1,2014,0.33515770101158604,0
2014-07-12,1,1,2,2,2014,0.3984313574167284,0
2014-07-13,1,1,3,3,2014,0.5277514407050311,1
2014-07-14,1,1,4,3,2014,0.469500708826908,1
2014-07-15,1,1,5,3,2014,0.5474085550607635,1
2014-07-16,1,1,6,3,2014,0.793742046341447,1
2014-07-17,1,1,7,3,2014,0.7759768417586337,1
2014-07-18,1,1,7,3,2014,0.6838488602006315,1
2014-07-19,0,1,7,3,2014,0.6485789508529737,1
2014-07-20,1,0,6,2,2014,0.2871505497495125,0
2014-07-21,1,1,6,2,2014,0.5669085266036413,1
2014-07-22,1,1,6,2,2014,0.8258683539009037,1
2014-07-23,1,1,6,3,2014,0.8731621216059947,1
2014-07-24,1,1,6,3,2014,0.8471991119134095,1
2014-07-25,1,1,6,3,2014,0.8464304445366264,1
2014-07-26,1,1,6,3,2014,0.8313357106265222,1
2014-07-27,1,1,7,3,2014,0.8548455288252342,1
2014-07-28,1,1,7,3,2014,0.8620716965996874,1
2014-07-29,1,1,7,3,2014,0.8553104455537088,1
2014-07-30,1,1,7,3,2014,0.5948744248951356,1
2014-07-31,1,1,7,3,2014,0.822285454473952,1
2014-08-01,1,1,7,3,2014,0.8740809999235402,1
2014-08-02,1,1,7,3,2014,0.9034766857526024,1
2014-08-03,1,1,7,3,2014,0.9062864644274432,1
2014-08-04,1,1,7,3,2014,0.9289932344976204,1
2014-08-05,1,1,7,3,2014,0.9388489577701841,1
2014-08-06,1,1,7,3,2014,0.9438427233124497,1
2014-08-07,1,1,7,3,2014,0.9453694652687207,1
2014-08-08,1,1,7,3,2014,0.9343623282520299,1
2014-08-09,1,1,7,3,2014,0.9471614038297923,1
2014-08-10,1,1,7,3,2014,0.9198634067297929,1
2014-08-11,1,1,7,3,2014,0.9178090684961754,1
2014-08-12,1,1,7,3,2014,0.9398681816530998,1
2014-08-13,1,1,7,3,2014,0.9560143186741585,1
2014-08-14,1,1,7,3,2014,0.956108948081212,1
2014-08-15,1,1,7,3,2014,0.9515388952571568,1
2014-08-16,1,1,7,3,2014,0.935363436709348,1
2014-08-17,1,1,7,3,2014,0.8828696070006126,1
2014-08-18,1,1,7,3,2014,0.8167065505104015,1
2014-08-19,1,1,7,3,2014,0.946680647785701,1
2014-08-20,1,1,7,3,2014,0.9434863025838836,1
2014-08-21,1,1,7,3,2014,0.9397892753469024,1
2014-08-22,1,1,7,3,2014,0.9350092071369674,1
2014-08-23,1,1,7,3,2014,0.7674040549727399,1
2014-08-24,1,1,7,3,2014,0.9073714559983826,1
2014-08-25,1,1,7,3,2014,0.906084914129263,1
2014-08-26,0,1,7,3,2014,0.9425499507421166,1
2014-08-27,1,0,6,2,2014,0.5023168778161866,1
2014-08-28,1,1,6,2,2014,0.8987538141866428,1
2014-08-29,1,1,6,2,2014,0.8546641334590805,1
2014-08-30,1,1,6,3,2014,0.8973095167834269,1
2014-08-31,1,1,6,3,2014,0.8114990043989982,1
2014-09-01,1,1,6,3,2014,0.9291439993518628,1
2014-09-02,1,1,6,3,2014,0.9489381626061196,1
2014-09-03,1,1,7,3,2014,0.9668181071717227,1
2014-09-04,1,1,7,3,2014,0.9733436295702579,1
2014-09-05,1,1,7,3,2014,0.9748684820253445,1
2014-09-06,1,1,7,3,2014,0.9787007381798627,1
2014-09-07,1,1,7,3,2014,0.9727883331104974,1
2014-09-08,1,1,7,3,2014,0.9642328312167535,1
2014-09-09,1,1,7,3,2014,0.9803331625724645,1
2014-09-10,1,1,7,3,2014,0.9801452059371398,1
2014-09-11,1,1,7,3,2014,0.9756474678620496,1
2014-09-12,1,1,7,3,2014,0.9747113069557772,1
2014-09-13,1,1,7,3,2014,0.9740789912695971,1
2014-09-14,1,1,7,3,2014,0.9777168551535874,1
2014-09-15,1,1,7,3,2014,0.9792080264002415,1
2014-09-16,1,1,7,3,2014,0.9776742315698381,1
2014-09-17,1,1,7,3,2014,0.9780009505486564,1
2014-09-18,1,1,7,3,2014,0.9779768878502444,1
2014-09-19,1,1,7,3,2014,0.9783576678978921,1
2014-09-20,1,1,7,3,2014,0.9775165551608322,1
2014-09-21,1,1,7,3,2014,0.9769326028341226,1
2014-09-22,1,1,7,3,2014,0.9786329784787614,1
2014-09-23,1,1,7,3,2014,0.9772677599931697,1
2014-09-24,1,1,7,3,2014,0.977067306718804,1
2014-09-25,1,1,7,3,2014,0.9774692275905572,1
2014-09-26,1,1,7,3,2014,0.9769508941784097,1
2014-09-27,1,1,7,3,2014,0.9376189147479792,1
2014-09-28,1,1,7,3,2014,0.9642563058312283,1
2014-09-29,1,1,7,3,2014,0.9686964276742808,1
2014-09-30,1,1,7,3,2014,0.9762767447153029,1
2014-10-01,1,1,7,3,2014,0.9458774718876218,1
2014-10-02,1,1,7,3,2014,0.9735084572097024,1
2014-10-03,1,1,7,3,2014,0.9649147770452471,1
2014-10-04,1,1,7,3,2014,0.9760713754678076,1
2014-10-05,1,1,7,3,2014,0.9553232133736074,1
2014-10-06,1,1,7,3,2014,0.9802671002991049,1
2014-10-07,1,1,7,3,2014,0.9672890207243091,1
2014-10-08,1,1,7,3,2014,0.9832423418070484,1
2014-10-09,1,1,7,3,2014,0.9561678081042917,1
2014-10-10,1,1,7,3,2014,0.9429392485780769,1
2014-10-11,1,1,7,3,2014,0.9799238478319096,1
2014-10-12,1,1,7,3,2014,0.975922150977752,1
2014-10-13,1,1,7,3,2014,0.964763537179556,1
2014-10-14,1,1,7,3,2014,0.9739020680511566,1
2014-10-15,1,1,7,3,2014,0.9813293470432144,1
2014-10-16,1,1,7,3,2014,0.9727393823372136,1
2014-10-17,1,1,7,3,2014,0.9541136411937889,1
2014-10-18,1,1,7,3,2014,0.9798931253566325,1
2014-10-19,1,1,7,3,2014,0.9817527615714694,1
2014-10-20,1,1,7,3,2014,0.981337459738454,1
2014-10-21,1,1,7,3,2014,0.9775415404986675,1
2014-10-22,1,1,7,3,2014,0.9354572763803672,1
2014-10-23,1,1,7,3,2014,0.9088955287239135,1
2014-10-24,1,1,7,3,2014,0.9267059354301413,1
2014-10-25,1,1,7,3,2014,0.9636649678882365,1
2014-10-26,1,1,7,3,2014,0.9770306945722094,1
2014-10-27,1,1,7,3,2014,0.8921313392984548,1
2014-10-28,1,1,7,3,2014,0.9548280816762176,1
2014-10-29,1,1,7,3,2014,0.9274379393191219,1
2014-10-30,0,1,7,3,2014,0.9160065726348003,1
2014-10-31,1,0,6,2,2014,0.6243786034913426,1
2014-11-01,1,1,6,2,2014,0.7639885474633417,1
2014-11-02,1,1,6,2,2014,0.8115897646292705,1
2014-11-03,1,1,6,3,2014,0.8335499823235156,1
2014-11-04,1,1,6,3,2014,0.787272530458341,1
2014-11-05,1,1,6,3,2014,0.773167091338773,1
2014-11-06,1,1,6,3,2014,0.7444642078417761,1
2014-11-07,1,1,7,3,2014,0.8261352010467617,1
2014-11-08,0,1,7,3,2014,0.8429039702270213,1
2014-11-09,1,0,6,2,2014,0.5485464111777029,1
2014-11-10,1,1,6,2,2014,0.8938037312508827,1
2014-11-11,1,1,6,2,2014,0.8740822561670629,1
2014-11-12,1,1,6,3,2014,0.8176925969814659,1
2014-11-13,1,1,6,3,2014,0.7811484441090549,1
2014-11-14,1,1,6,3,2014,0.8762931471257404,1
2014-11-15,1,1,6,3,2014,0.776963975678478,1
2014-11-16,1,1,7,3,2014,0.785393336900818,1
2014-11-17,0,1,7,3,2014,0.8632383102930657,1
2014-11-18,0,0,6,2,2014,0.607442760030152,1
2014-11-19,0,0,5,1,2014,0.39546863425733597,0
2014-11-20,1,0,4,0,2014,0.3784740495224167,0
2014-11-21,0,1,4,1,2014,0.6442058036002196,1
2014-11-22,1,0,3,1,2014,0.42138182550828895,1
2014-11-23,1,1,3,2,2014,0.6791472455748426,1
2014-11-24,1,1,3,2,2014,0.779359060409307,1
2014-11-25,1,1,4,3,2014,0.7515964519428341,1
2014-11-26,1,1,5,3,2014,0.8188599438094517,1
2014-11-27,0,1,6,3,2014,0.9048636315151807,1
2014-11-28,0,0,5,2,2014,0.5526759150769226,1
2014-11-29,0,0,5,1,2014,0.40111158030758043,1
2014-11-30,0,0,4,0,2014,0.35771444037636885,0
2014-12-01,0,0,3,0,2014,0.30857333558148387,0
2014-12-03,0,0,1,0,2014,0.2173557925024327,0
2014-12-04,0,0,0,0,2014,0.189131022569141,0
2014-12-05,0,0,0,0,2014,0.15355515445365642,0
2014-12-06,0,0,0,0,2014,0.13843602101499985,0
2014-12-07,1,0,0,0,2014,0.2210236507805405,0
2014-12-08,1,1,1,1,2014,0.5488694435151216,1
2014-12-09,0,1,2,2,2014,0.49248638608792306,1
2014-12-10,0,0,2,2,2014,0.20603823256039838,0
2014-12-11,0,0,2,1,2014,0.10196169447643312,0
2014-12-13,0,0,2,0,2014,0.09409322850519501,0
2014-12-14,0,0,2,0,2014,0.12155227095767401,0
2014-12-15,0,0,1,0,2014,0.08329362564351729,0
2014-12-20,0,1,1,1,2014,0.2531633738729223,0
2014-12-21,1,0,1,1,2014,0.17425344446378865,0
2014-12-22,1,1,2,2,2014,0.42140164947760356,1
2014-12-23,1,1,3,2,2014,0.4742657980785873,1
2014-12-24,1,1,4,3,2014,0.6817986490982354,1
2014-12-26,1,1,5,2,2014,0.2838757291574021,0
2014-12-27,1,1,5,2,2014,0.5178275128002318,1
2014-12-28,1,1,6,2,2014,0.44105257454418745,1
2014-12-29,1,1,6,3,2014,0.4382689928810937,1
2014-12-30,1,1,6,3,2014,0.46615543071667176,1
2015-01-01,0,1,5,2,2015,0.3951724702007577,0
2015-01-02,1,0,5,1,2015,0.27421841548417736,0
2015-01-03,0,1,5,1,2015,0.5132114672291468,1
2015-01-04,0,0,4,1,2015,0.3490364653183117,0
2015-01-05,0,0,3,1,2015,0.25970464563463347,0
2015-01-06,1,0,2,0,2015,0.18364221775834288,0
2015-01-07,0,1,2,1,2015,0.46605259589123116,1
2015-01-08,0,0,2,1,2015,0.14632359396457378,0
2015-01-09,0,0,2,1,2015,0.10810629370117222,0
2015-01-10,0,0,1,0,2015,0.20498299678712623,0
2015-01-11,0,0,1,0,2015,0.17698618941047767,0
2015-01-12,1,0,1,0,2015,0.12203045684205123,0
2015-01-13,1,1,2,1,2015,0.4655997736156687,1
2015-01-14,1,1,2,2,2015,0.5969337508915498,1
2015-01-15,1,1,3,3,2015,0.6161464739861306,1
2015-01-16,1,1,4,3,2015,0.6645140196480469,1
2015-01-17,1,1,5,3,2015,0.5874969419866362,1
2015-01-18,1,1,6,3,2015,0.6920033902886986,1
2015-01-19,0,1,7,3,2015,0.7222044203345839,1
2015-01-20,1,0,6,2,2015,0.32937546728863926,0
2015-01-21,1,1,6,2,2015,0.6593075088912582,1
2015-01-22,1,1,6,2,2015,0.8577962354537978,1
2015-01-23,1,1,6,3,2015,0.8642215115313013,1
2015-01-24,1,1,6,3,2015,0.6831884858403785,1
2015-01-25,1,1,6,3,2015,0.7172280594309935,1
2015-01-26,1,1,6,3,2015,0.8705516946925183,1
2015-01-27,1,1,7,3,2015,0.8883330891175415,1
2015-01-28,1,1,7,3,2015,0.8878925473887324,1
2015-01-29,1,1,7,3,2015,0.5394710163428037,1
2015-01-30,1,1,7,3,2015,0.5341591589103767,1
2015-01-31,1,1,7,3,2015,0.8798847371165843,1
2015-02-01,1,1,7,3,2015,0.8981027331602265,1
2015-02-02,1,1,7,3,2015,0.8628891550771457,1
2015-02-03,1,1,7,3,2015,0.8919021444020865,1
2015-02-04,1,1,7,3,2015,0.8839914708899657,1
2015-02-05,1,1,7,3,2015,0.9349070608152013,1
2015-02-06,1,1,7,3,2015,0.8360467582257688,1
2015-02-07,1,1,7,3,2015,0.8194857434731377,1
2015-02-08,1,1,7,3,2015,0.9058373879511639,1
2015-02-09,1,1,7,3,2015,0.9194988435354693,1
2015-02-10,1,1,7,3,2015,0.8765672621802831,1
2015-02-11,1,1,7,3,2015,0.948989555366076,1
2015-02-12,1,1,7,3,2015,0.9554149228970664,1
2015-02-13,1,1,7,3,2015,0.9367952648603615,1
2015-02-14,1,1,7,3,2015,0.9365191518453889,1
2015-02-15,0,1,7,3,2015,0.9167791228688861,1
2015-02-16,1,0,6,2,2015,0.5197663154538423,1
2015-02-17,1,1,6,2,2015,0.7603114469687753,1
2015-02-18,0,1,6,2,2015,0.7354191533624495,1
2015-02-19,0,0,5,2,2015,0.41757113749132885,1
2015-02-20,0,0,4,1,2015,0.33086356031998326,0
2015-02-21,0,0,3,0,2015,0.30018783470794075,0
2015-02-22,0,0,2,0,2015,0.2662577666721771,0
2015-02-23,0,0,2,0,2015,0.28378153945312357,0
2015-02-24,0,0,1,0,2015,0.2326969395640245,0
2015-02-25,1,0,0,0,2015,0.268834349088822,0
2015-02-26,1,1,1,1,2015,0.5494169577335907,1
2015-02-27,0,1,2,2,2015,0.6200397170476415,1
2015-02-28,0,0,2,2,2015,0.3077360764204246,0
2015-03-01,0,0,2,1,2015,0.203429146846009,0
2015-03-02,1,0,2,0,2015,0.2813549413824667,0
2015-03-03,0,1,3,1,2015,0.5140836048329162,1
2015-03-04,0,0,3,1,2015,0.2535800903316361,0
2015-03-05,0,0,2,1,2015,0.20387207139626023,0
2015-03-06,0,0,1,0,2015,0.20482174267026998,0
2015-03-07,0,0,1,0,2015,0.17625781314622926,0
2015-03-08,0,0,1,0,2015,0.16852792494841634,0
2015-03-09,0,0,1,0,2015,0.1526517653584231,0
2015-03-10,0,0,0,0,2015,0.1374546134874411,0
2015-03-11,0,0,0,0,2015,0.14142430182994292,0
2015-03-12,0,0,0,0,2015,0.13844656894185442,0
2015-03-13,0,0,0,0,2015,0.13417378559619125,0
2015-03-14,0,0,0,0,2015,0.1302844439697067,0
2015-03-15,0,0,0,0,2015,0.1307674143149783,0
2015-03-16,0,0,0,0,2015,0.13103559598765183,0
2015-03-17,0,0,0,0,2015,0.12037506505428519,0
2015-03-18,0,0,0,0,2015,0.11922796638039976,0
2015-03-19,0,0,0,0,2015,0.11577150831220664,0
2015-03-20,0,0,0,0,2015,0.12010307924396381,0
2015-03-21,0,0,0,0,2015,0.11632625416396729,0
2015-03-22,1,0,0,0,2015,0.12195859726242743,0
2015-03-23,0,1,1,1,2015,0.4152635605908225,1
2015-03-24,0,0,1,1,2015,0.18423577813133052,0
2015-03-25,0,0,1,1,2015,0.13016133042486502,0
2015-03-26,0,0,1,0,2015,0.15490161414043283,0
2015-03-27,0,0,1,0,2015,0.13407531309577414,0
2015-03-28,0,0,1,0,2015,0.13580693454974582,0
2015-03-29,1,0,1,0,2015,0.13009538806335255,0
2015-03-30,1,1,1,1,2015,0.345779296222391,0
2015-03-31,0,1,2,2,2015,0.5485642326774445,1
2015-04-01,1,0,2,2,2015,0.16641673398552717,0
2015-04-02,1,1,3,2,2015,0.3709224069224776,0
2015-04-03,1,1,4,2,2015,0.4164718129916757,1
2015-04-04,0,1,5,3,2015,0.5504975904507735,1
2015-04-05,0,0,5,2,2015,0.21645676588341048,0
2015-04-06,0,0,4,1,2015,0.1924039529227028,0
2015-04-07,0,0,3,0,2015,0.15563402759861997,0
2015-04-08,0,0,3,0,2015,0.1483158235321997,0
2015-04-09,1,0,2,0,2015,0.13354044008038699,0
2015-04-10,0,1,2,1,2015,0.4531526401272152,1
2015-04-11,1,0,1,1,2015,0.1481773464299371,0
2015-04-12,0,1,2,2,2015,0.2890951241462872,0
2015-04-13,0,0,2,1,2015,0.18296135249906853,0
2015-04-14,0,0,2,1,2015,0.14591830205132114,0
2015-04-15,1,0,2,0,2015,0.12038153882558264,0
2015-04-16,0,1,3,1,2015,0.31299739292933787,0
2015-04-17,0,0,2,1,2015,0.14741677941059503,0
2015-04-18,0,0,2,1,2015,0.12420859905897967,0
2015-04-19,0,0,1,0,2015,0.11888764119105306,0
2015-04-20,0,0,1,0,2015,0.1226768123114107,0
2015-04-21,0,0,1,0,2015,0.12154640851156018,0
2015-04-22,0,0,1,0,2015,0.11890294916209035,0
2015-04-23,0,0,0,0,2015,0.1038751696747769,0
2015-04-24,0,0,0,0,2015,0.1036424498372443,0
2015-04-25,0,0,0,0,2015,0.11498963184536853,0
2015-04-26,0,0,0,0,2015,0.11222905291576797,0
2015-04-27,1,0,0,0,2015,0.12394050333834061,0
2015-04-28,0,1,1,1,2015,0.30529343264329745,0
2015-04-29,0,0,1,1,2015,0.15501241480484773,0
2015-04-30,0,0,1,1,2015,0.12473156488959015,0
2015-05-01,0,0,1,0,2015,0.13343304498827271,0
2015-05-02,0,0,1,0,2015,0.1260149546529642,0
2015-05-03,0,0,1,0,2015,0.11015515214823286,0
2015-05-04,0,0,1,0,2015,0.11443177174775943,0
2015-05-05,0,0,0,0,2015,0.10970719322454835,0
2015-05-06,0,0,0,0,2015,0.11236312031064728,0
2015-05-07,0,0,0,0,2015,0.11251410959861456,0
2015-05-09,1,0,0,0,2015,0.1006555481296962,0
2015-05-10,0,1,1,1,2015,0.3031305406756649,0
2015-05-11,0,0,1,1,2015,0.1511861303990596,0
2015-05-12,0,0,1,1,2015,0.12188825561014831,0
2015-05-13,1,0,1,0,2015,0.12677961013334463,0
2015-05-14,0,1,2,1,2015,0.3580785941508421,0
2015-05-16,1,0,2,1,2015,0.11707529142709779,0
2015-05-17,1,1,2,1,2015,0.29371978411389016,0
2015-05-18,1,1,3,2,2015,0.4026081564047883,1
2015-05-19,1,1,4,3,2015,0.5399028295780631,1
2015-05-20,0,1,5,3,2015,0.7772153981108707,1
2015-05-21,1,0,4,2,2015,0.254062402467128,0
2015-05-22,1,1,5,2,2015,0.6704567994760038,1
2015-05-23,0,1,6,2,2015,0.5183051354770299,1
2015-05-24,0,0,5,2,2015,0.27842135397750106,0
2015-05-25,1,0,4,1,2015,0.20906749919071285,0
2015-05-26,0,1,4,1,2015,0.4483908639750971,1
2015-05-27,0,0,3,1,2015,0.2749086203049184,0
2015-05-28,1,0,3,1,2015,0.22652049310314223,0
2015-05-29,1,1,3,1,2015,0.7145995210103163,1
2015-05-30,1,1,3,2,2015,0.8332565159298506,1
2015-05-31,1,1,4,3,2015,0.8501835418746265,1
2015-06-01,1,1,5,3,2015,0.5965136490185668,1
2015-06-02,0,1,5,3,2015,0.514948526296011,1
2015-06-03,0,0,5,2,2015,0.22946702485285386,0
2015-06-04,0,0,5,1,2015,0.2134847466880967,0
2015-06-05,1,0,4,0,2015,0.1880229578898857,0
2015-06-06,1,1,4,1,2015,0.4149035257935146,1
2015-06-07,1,1,4,2,2015,0.5375958842833523,1
2015-06-08,1,1,4,3,2015,0.5796740290194372,1
2015-06-09,0,1,4,3,2015,0.539359352337263,1
2015-06-10,0,0,4,2,2015,0.29891143528589864,0
2015-06-11,0,0,4,1,2015,0.2685915838830559,0
2015-06-12,1,0,4,0,2015,0.2917386156216888,0
2015-06-13,0,1,4,1,2015,0.6155203307287036,1
2015-06-14,0,0,3,1,2015,0.3066974328127453,0
2015-06-15,0,0,2,1,2015,0.2547439998966442,0
2015-06-16,1,0,1,0,2015,0.2235889109134733,0
2015-06-17,1,1,2,1,2015,0.4564393757662363,1
2015-06-18,1,1,3,2,2015,0.7880507526127025,1
2015-06-19,1,1,4,3,2015,0.7259089424409053,1
2015-06-20,1,1,4,3,2015,0.5300810752198234,1
2015-06-21,1,1,5,3,2015,0.6092499413199464,1
2015-06-22,1,1,6,3,2015,0.7880579630959889,1
2015-06-23,0,1,7,3,2015,0.7409537118669983,1
2015-06-24,0,0,6,2,2015,0.4381372595407804,1
2015-06-25,1,0,5,1,2015,0.3321236914654456,0
2015-06-26,1,1,5,1,2015,0.6418332229420094,1
2015-06-27,1,1,5,2,2015,0.7035385399947578,1
2015-06-28,1,1,5,3,2015,0.7586084436643924,1
2015-06-29,1,1,5,3,2015,0.8424128149083254,1
2015-06-30,1,1,5,3,2015,0.8017616745414392,1
2015-07-01,1,1,6,3,2015,0.9241198294913497,1
2015-07-02,1,1,7,3,2015,0.929418616609435,1
2015-07-03,1,1,7,3,2015,0.8748953024113693,1
2015-07-04,1,1,7,3,2015,0.9067295793978192,1
2015-07-05,1,1,7,3,2015,0.7826480624192079,1
2015-07-06,1,1,7,3,2015,0.7957826200865115,1
2015-07-07,1,1,7,3,2015,0.9243460615651474,1
2015-07-08,1,1,7,3,2015,0.9047137594104668,1
2015-07-09,1,1,7,3,2015,0.9365756970720728,1
2015-07-10,1,1,7,3,2015,0.9285920810274799,1
2015-07-11,1,1,7,3,2015,0.9478063026826522,1
2015-07-12,1,1,7,3,2015,0.9564233394264707,1
2015-07-13,1,1,7,3,2015,0.9553402847852438,1
2015-07-14,1,1,7,3,2015,0.9517659749228855,1
2015-07-15,1,1,7,3,2015,0.9295262253467818,1
2015-07-16,1,1,7,3,2015,0.9375579694721613,1
2015-07-17,1,1,7,3,2015,0.9337334585818767,1
2015-07-18,1,1,7,3,2015,0.9543855757503459,1
2015-07-19,1,1,7,3,2015,0.9238709897836878,1
2015-07-20,1,1,7,3,2015,0.9852174481377589,1
2015-07-21,1,1,7,3,2015,0.9858700136587988,1
2015-07-22,1,1,7,3,2015,0.9863377984258056,1
2015-07-23,1,1,7,3,2015,0.9872256352764278,1
2015-07-24,1,1,7,3,2015,0.9853961858896317,1
2015-07-25,1,1,7,3,2015,0.9765259600837812,1
2015-07-26,1,1,7,3,2015,0.9880673693108968,1
2015-07-27,1,1,7,3,2015,0.9892209150456267,1
2015-07-28,1,1,7,3,2015,0.9865017642631199,1
2015-07-29,1,1,7,3,2015,0.9841133287153807,1
2015-07-30,1,1,7,3,2015,0.9892904342417133,1
2015-07-31,1,1,7,3,2015,0.9891339012749871,1
2015-08-01,1,1,7,3,2015,0.9890660176326406,1
2015-08-02,1,1,7,3,2015,0.9811469599950391,1
2015-08-03,1,1,7,3,2015,0.9850433844320136,1
2015-08-04,1,1,7,3,2015,0.9879874734198274,1
2015-08-05,1,1,7,3,2015,0.9889087924818882,1
2015-08-06,1,1,7,3,2015,0.9902161167519452,1
2015-08-07,1,1,7,3,2015,0.9872736403758028,1
2015-08-08,1,1,7,3,2015,0.9917659601657354,1
2015-08-09,1,1,7,3,2015,0.9799575626020917,1
2015-08-10,1,1,7,3,2015,0.9899969871648248,1
2015-08-11,1,1,7,3,2015,0.9894040686646569,1
2015-08-12,1,1,7,3,2015,0.9893373074116488,1
2015-08-13,1,1,7,3,2015,0.9863644101080484,1
2015-08-14,1,1,7,3,2015,0.9847974368594389,1
2015-08-15,1,1,7,3,2015,0.9808027977603389,1
2015-08-16,1,1,7,3,2015,0.948124232522632,1
2015-08-17,1,1,7,3,2015,0.9691885910673677,1
2015-08-18,1,1,7,3,2015,0.9511130053147593,1
2015-08-19,1,1,7,3,2015,0.9374005256926994,1
2015-08-20,1,1,7,3,2015,0.9341715129186252,1
2015-08-21,1,1,7,3,2015,0.9556443341764673,1
2015-08-22,1,1,7,3,2015,0.9715498015666806,1
2015-08-23,1,1,7,3,2015,0.9068997404346112,1
2015-08-24,1,1,7,3,2015,0.9601421740274574,1
2015-08-25,1,1,7,3,2015,0.9674311895030163,1
2015-08-26,1,1,7,3,2015,0.9720317185427482,1
2015-08-27,1,1,7,3,2015,0.9628135483993792,1
2015-08-28,1,1,7,3,2015,0.977036194133338,1
2015-08-29,1,1,7,3,2015,0.9808389762028186,1
2015-08-30,1,1,7,3,2015,0.9853378445461397,1
2015-08-31,1,1,7,3,2015,0.9869124575678552,1
2015-09-01,1,1,7,3,2015,0.9876239775261434,1
2015-09-02,1,1,7,3,2015,0.9805797001631145,1
2015-09-03,1,1,7,3,2015,0.9834403747112673,1
2015-09-04,1,1,7,3,2015,0.9841538972458708,1
2015-09-05,1,1,7,3,2015,0.9912525447156444,1
2015-09-06,1,1,7,3,2015,0.9599835985537125,1
2015-09-07,1,1,7,3,2015,0.9449939994872141,1
2015-09-08,1,1,7,3,2015,0.9636836539071802,1
2015-09-09,1,1,7,3,2015,0.9681195092307753,1
2015-09-10,1,1,7,3,2015,0.9733446481297684,1
2015-09-11,1,1,7,3,2015,0.9005033368836153,1
2015-09-12,1,1,7,3,2015,0.9462425806302642,1
2015-09-13,1,1,7,3,2015,0.9742339481673863,1
2015-09-14,1,1,7,3,2015,0.9821955450717,1
2015-09-15,1,1,7,3,2015,0.9804669402604583,1
2015-09-16,1,1,7,3,2015,0.9640597695527359,1
2015-09-17,1,1,7,3,2015,0.9868223520099175,1
2015-09-18,1,1,7,3,2015,0.9907639882736362,1
2015-09-19,1,1,7,3,2015,0.9906458041240019,1
2015-09-20,1,1,7,3,2015,0.986652916654854,1
2015-09-21,1,1,7,3,2015,0.9905166151830754,1
2015-09-22,1,1,7,3,2015,0.9908524707896165,1
2015-09-23,1,1,7,3,2015,0.9795116376153031,1
2015-09-24,1,1,7,3,2015,0.9799019986011449,1
2015-09-25,1,1,7,3,2015,0.9788812575359521,1
2015-09-26,1,1,7,3,2015,0.9723147766338754,1
2015-09-27,1,1,7,3,2015,0.9863987931947631,1
2015-09-28,1,1,7,3,2015,0.9895404125156226,1
2015-09-29,1,1,7,3,2015,0.9870755448192304,1
2015-09-30,1,1,7,3,2015,0.9871331334821956,1
2015-10-01,1,1,7,3,2015,0.9760149503962736,1
2015-10-02,1,1,7,3,2015,0.9697947047408513,1
2015-10-03,1,1,7,3,2015,0.9620500146713361,1
2015-10-04,1,1,7,3,2015,0.9806963529774056,1
2015-10-05,1,1,7,3,2015,0.9553778125989586,1
2015-10-06,1,1,7,3,2015,0.9454334794832729,1
2015-10-07,1,1,7,3,2015,0.9457214891074867,1
2015-10-08,1,1,7,3,2015,0.9700114806970611,1
2015-10-09,1,1,7,3,2015,0.9606459361604434,1
2015-10-10,1,1,7,3,2015,0.9355754198476646,1
2015-10-11,1,1,7,3,2015,0.9338807394862565,1
2015-10-12,1,1,7,3,2015,0.9756386509856324,1
2015-10-13,1,1,7,3,2015,0.9794326548826876,1
2015-10-14,1,1,7,3,2015,0.9787627821995871,1
2015-10-15,1,1,7,3,2015,0.9655392236372979,1
2015-10-16,1,1,7,3,2015,0.9554012844868232,1
2015-10-17,1,1,7,3,2015,0.9379932837329811,1
2015-10-18,1,1,7,3,2015,0.9409400948545242,1
2015-10-19,1,1,7,3,2015,0.9729210885155058,1
2015-10-20,1,1,7,3,2015,0.9349316634048778,1
2015-10-21,1,1,7,3,2015,0.8878136444536053,1
2015-10-22,1,1,7,3,2015,0.9347504923823466,1
2015-10-23,1,1,7,3,2015,0.981707255091883,1
2015-10-24,1,1,7,3,2015,0.9785715885025681,1
2015-10-25,1,1,7,3,2015,0.9823256559626045,1
2015-10-26,1,1,7,3,2015,0.9879270566938815,1
2015-10-27,1,1,7,3,2015,0.9758242454868854,1
2015-10-28,1,1,7,3,2015,0.8994466182716578,1
2015-10-29,1,1,7,3,2015,0.911544318007319,1
2015-10-30,1,1,7,3,2015,0.9466869454550717,1
2015-10-31,1,1,7,3,2015,0.9578648589822703,1
2015-11-01,1,1,7,3,2015,0.9652253326327019,1
2015-11-02,0,1,7,3,2015,0.9669122234963817,1
2015-11-03,0,0,6,2,2015,0.5399151914544139,1
2015-11-04,0,0,5,1,2015,0.5705332705101499,1
2015-11-05,1,0,4,0,2015,0.37008570881017827,0
2015-11-06,1,1,4,1,2015,0.706783866917588,1
2015-11-07,1,1,4,2,2015,0.8131408470305808,1
2015-11-08,1,1,4,3,2015,0.812901459034279,1
2015-11-09,1,1,4,3,2015,0.7627379106363528,1
2015-11-11,1,1,5,2,2015,0.6419434186963416,1
2015-11-12,0,1,6,2,2015,0.790422827929598,1
2015-11-13,1,0,5,1,2015,0.5460618560195707,1
2015-11-14,1,1,5,2,2015,0.7648987300127316,1
2015-11-15,0,1,5,2,2015,0.87129425392618,1
2015-11-17,0,0,3,1,2015,0.35268179059727367,0
2015-11-18,1,0,3,0,2015,0.2128195878341026,0
2015-11-19,1,1,3,1,2015,0.5049318350271569,1
2015-11-20,0,1,4,2,2015,0.8846479553726205,1
2015-11-21,1,0,3,2,2015,0.39860194559455303,0
2015-11-22,1,1,3,2,2015,0.7133956771699131,1
2015-11-23,0,1,4,2,2015,0.6121925263889121,1
2015-11-24,1,0,4,2,2015,0.2913667628227072,0
2015-11-27,1,1,3,1,2015,0.2532411537130267,0
2015-11-28,1,1,4,1,2015,0.6135187088988918,1
2015-11-29,1,1,4,2,2015,0.7155719158720559,1
2015-11-30,1,1,4,3,2015,0.6278457745916327,1
2015-12-01,1,1,5,3,2015,0.7532360471576464,1
2015-12-02,1,1,5,3,2015,0.8719727770738643,1
2015-12-03,0,1,6,3,2015,0.7676418742295998,1
2015-12-04,0,0,6,2,2015,0.3143066362452757,0
2015-12-05,1,0,5,1,2015,0.2639245653230143,0
2015-12-06,1,1,5,1,2015,0.5641390121743971,1
2015-12-07,0,1,5,2,2015,0.6280406272663607,1
2015-12-08,0,0,4,2,2015,0.308153628868312,0
2015-12-09,0,0,3,1,2015,0.2561487797464116,0
2015-12-10,0,0,2,0,2015,0.14275918599265539,0
2015-12-12,0,0,2,0,2015,0.1274380130216792,0
2015-12-13,1,0,1,0,2015,0.14913465356421318,0
2015-12-15,0,1,1,1,2015,0.28055808852082376,0
2015-12-16,1,0,1,1,2015,0.20850819004790197,0
2015-12-17,0,1,2,1,2015,0.4157786013749354,1
2015-12-18,1,0,2,1,2015,0.14998418066498598,0
2015-12-19,0,1,3,2,2015,0.5187600286832397,1
2015-12-20,0,0,3,1,2015,0.29173591500008983,0
2015-12-21,0,0,2,1,2015,0.2318023119168692,0
2015-12-23,0,0,2,0,2015,0.1523312751731133,0
2015-12-24,1,0,1,0,2015,0.09670393572264446,0
2015-12-26,0,1,1,1,2015,0.1882922238164966,0
2015-12-27,1,0,1,1,2015,0.11235809958037882,0
2015-12-28,0,1,2,1,2015,0.5699465818624208,1
2015-12-29,0,0,2,1,2015,0.2550445589942449,0
2015-12-30,0,0,2,1,2015,0.15663389556583873,0
2015-12-31,0,0,2,0,2015,0.14417207767668533,0
2016-01-01,1,0,1,0,2016,0.161107297751465,0
2016-01-02,1,1,2,1,2016,0.36033081814704904,0
2016-01-03,1,1,3,2,2016,0.41345817358904524,1
2016-01-14,0,1,3,2,2016,0.39583366575562506,0
2016-01-15,0,0,3,2,2016,0.13440169714091255,0
2016-01-16,0,0,3,1,2016,0.16050346091625384,0
2016-01-17,1,0,2,0,2016,0.15706029355726087,0
2016-01-18,1,1,3,1,2016,0.3712406355871012,0
2016-01-19,0,1,4,2,2016,0.46212088727500367,1
2016-01-20,0,0,3,2,2016,0.20906145442684523,0
2016-01-21,0,0,2,1,2016,0.1736075936648588,0
2016-01-22,0,0,2,0,2016,0.15025363258824878,0
2016-01-23,0,0,2,0,2016,0.16697029512734857,0
2016-01-24,0,0,2,0,2016,0.15126820193741491,0
2016-01-26,0,0,0,0,2016,0.11953629435003416,0
2016-01-27,0,0,0,0,2016,0.1045966430200566,0
2016-01-28,0,0,0,0,2016,0.11008802858987828,0
2016-01-29,0,0,0,0,2016,0.10039782076507524,0
2016-01-30,0,0,0,0,2016,0.12772706783760415,0
2016-02-02,0,0,0,0,2016,0.06326663622098552,0
2016-02-03,0,0,0,0,2016,0.06325924737611463,0
2016-02-04,0,0,0,0,2016,0.06170705129521118,0
2016-02-05,0,0,0,0,2016,0.06064953461277249,0
2016-02-06,0,0,0,0,2016,0.07349040929865538,0
2016-02-07,0,0,0,0,2016,0.09617248587558168,0
2016-02-08,0,0,0,0,2016,0.08441550651610774,0
2016-02-09,1,0,0,0,2016,0.0900776251654475,0
2016-02-10,0,1,1,1,2016,0.536344141748373,1
2016-02-11,0,0,1,1,2016,0.18338501098088453,0
2016-02-12,0,0,1,1,2016,0.16091750260144982,0
2016-02-13,0,0,1,0,2016,0.13186716800126658,0
2016-02-14,0,0,1,0,2016,0.11423842817260586,0
2016-02-15,0,0,1,0,2016,0.1180382486250028,0
2016-02-16,0,0,1,0,2016,0.11683022317955442,0
2016-02-17,0,0,0,0,2016,0.09115362288248548,0
2016-02-18,0,0,0,0,2016,0.10033320039648058,0
2016-02-19,0,0,0,0,2016,0.10718911047349305,0
2016-02-20,0,0,0,0,2016,0.072304397075975,0
2016-02-21,0,0,0,0,2016,0.077577354825487,0
2016-02-22,0,0,0,0,2016,0.07217055901678923,0
2016-02-23,0,0,0,0,2016,0.09086138419629176,0
2016-02-24,1,0,0,0,2016,0.08190202049646862,0
2016-02-25,0,1,1,1,2016,0.23626714748581273,0
2016-02-26,0,0,1,1,2016,0.09425227447149274,0
2016-02-27,0,0,1,1,2016,0.06928392403633618,0
2016-02-28,0,0,1,0,2016,0.05850562744952242,0
2016-02-29,0,0,1,0,2016,0.06486599440854277,0
2016-03-01,0,0,1,0,2016,0.06318530821866462,0
2016-03-02,0,0,1,0,2016,0.0716448781285156,0
2016-03-03,0,0,0,0,2016,0.06815971233840522,0
2016-03-04,0,0,0,0,2016,0.07361721897971142,0
2016-03-05,0,0,0,0,2016,0.0740482148443611,0
2016-03-06,0,0,0,0,2016,0.06669232179596164,0
2016-03-08,0,0,0,0,2016,0.045687273905289365,0
2016-03-09,0,0,0,0,2016,0.04586374111784655,0
2016-03-10,0,0,0,0,2016,0.049264101151585867,0
2016-03-11,0,0,0,0,2016,0.04555377207285228,0
2016-03-12,0,0,0,0,2016,0.0679578325855253,0
2016-03-13,0,0,0,0,2016,0.04627133958603735,0
2016-03-14,0,0,0,0,2016,0.062410123416214346,0
2016-03-15,0,0,0,0,2016,0.06857251182607865,0
2016-03-16,0,0,0,0,2016,0.07076869862383858,0
2016-03-17,0,0,0,0,2016,0.06923606503088373,0
2016-03-18,0,0,0,0,2016,0.06836820494356295,0
2016-03-19,0,0,0,0,2016,0.06541167006001106,0
2016-03-20,0,0,0,0,2016,0.05979107992141425,0
2016-03-21,1,0,0,0,2016,0.06157528950439182,0
2016-03-23,1,1,1,1,2016,0.1197235755314234,0
2016-03-24,1,1,2,2,2016,0.24819855131844903,0
2016-03-25,0,1,3,2,2016,0.2998085472582411,0
2016-03-26,0,0,3,2,2016,0.15094783750693525,0
2016-03-27,0,0,3,1,2016,0.11440827713423338,0
2016-03-28,0,0,3,0,2016,0.11462218843175008,0
2016-03-29,0,0,2,0,2016,0.09395280755516719,0
2016-03-30,0,0,2,0,2016,0.09242760803586374,0
2016-03-31,0,0,1,0,2016,0.05981735056865111,0
2016-04-01,0,0,0,0,2016,0.07644213221063859,0
2016-04-02,0,0,0,0,2016,0.07614701180590437,0
2016-04-03,0,0,0,0,2016,0.07183497218968607,0
2016-04-04,0,0,0,0,2016,0.07442636296033396,0
2016-04-05,0,0,0,0,2016,0.06984399234181081,0
2016-04-06,0,0,0,0,2016,0.0701828097091297,0
2016-04-07,0,0,0,0,2016,0.06105539244365107,0
2016-04-08,0,0,0,0,2016,0.07167803919441351,0
2016-04-09,0,0,0,0,2016,0.06755259934220802,0
2016-04-10,1,0,0,0,2016,0.06853086289225102,0
2016-04-11,0,1,1,1,2016,0.1955239094620867,0
2016-04-12,0,0,1,1,2016,0.08411199233519878,0
2016-04-13,0,0,1,1,2016,0.06471466426315468,0
2016-04-14,1,0,1,0,2016,0.08998319727789428,0
2016-04-16,0,1,2,1,2016,0.19190781489762732,0
2016-04-17,0,0,2,1,2016,0.11980251380365456,0
2016-04-18,0,0,1,0,2016,0.11225005711752317,0
2016-04-19,0,0,1,0,2016,0.10997634531726369,0
2016-04-20,0,0,1,0,2016,0.10351445074912827,0
2016-04-21,0,0,1,0,2016,0.09992002897917678,0
2016-04-22,0,0,0,0,2016,0.07931100763161121,0
2016-04-23,0,0,0,0,2016,0.06912700069804073,0
2016-04-24,0,0,0,0,2016,0.07292323333842596,0
2016-04-25,0,0,0,0,2016,0.07980554129805616,0
2016-04-26,0,0,0,0,2016,0.07480472181352374,0
2016-04-27,0,0,0,0,2016,0.09228184386239939,0
2016-04-28,0,0,0,0,2016,0.08419281271932384,0
2016-04-29,0,0,0,0,2016,0.08456795947362955,0
2016-04-30,0,0,0,0,2016,0.07843542626051758,0
2016-05-01,1,0,0,0,2016,0.0976405217739697,0
2016-05-02,0,1,1,1,2016,0.3947883183918371,0
2016-05-03,0,0,1,1,2016,0.12188497869992716,0
2016-05-04,0,0,1,1,2016,0.11001156692076464,0
2016-05-05,1,0,1,0,2016,0.11989845822562455,0
2016-05-06,0,1,2,1,2016,0.42877017527725947,1
2016-05-07,0,0,2,1,2016,0.15812134509352227,0
2016-05-08,0,0,2,1,2016,0.13480672420688053,0
2016-05-09,0,0,1,0,2016,0.11943620373006032,0
2016-05-10,0,0,1,0,2016,0.12026030464274103,0
2016-05-11,0,0,1,0,2016,0.13964341883472658,0
2016-05-12,0,0,1,0,2016,0.12390267368242426,0
2016-05-13,0,0,0,0,2016,0.11458453216589576,0
2016-05-14,1,0,0,0,2016,0.10961874583794982,0
2016-05-15,1,1,1,1,2016,0.25696640895003736,0
2016-05-16,0,1,2,2,2016,0.3382481406139512,0
2016-05-17,0,0,2,2,2016,0.15980480184276477,0
2016-05-18,0,0,2,1,2016,0.15280485121683143,0
2016-05-19,0,0,2,0,2016,0.14593827297504564,0
2016-05-20,0,0,2,0,2016,0.13339167490387555,0
2016-05-21,0,0,2,0,2016,0.1260889392203735,0
2016-05-22,0,0,1,0,2016,0.13063295668249644,0
2016-05-23,0,0,0,0,2016,0.11358534454101715,0
2016-05-24,0,0,0,0,2016,0.11797100656616584,0
2016-05-25,0,0,0,0,2016,0.11556603010756501,0
2016-05-26,0,0,0,0,2016,0.11528265270787885,0
2016-05-27,0,0,0,0,2016,0.12929193841700154,0
2016-05-28,0,0,0,0,2016,0.11724197165639559,0
2016-05-29,0,0,0,0,2016,0.10593509703071077,0
2016-05-30,0,0,0,0,2016,0.10883379754954457,0
2016-05-31,0,0,0,0,2016,0.10371907277098938,0
2016-06-01,0,0,0,0,2016,0.10161424833870689,0
2016-06-02,0,0,0,0,2016,0.11399306032741409,0
2016-06-03,0,0,0,0,2016,0.10956214358098068,0
2016-06-04,1,0,0,0,2016,0.10962962221801693,0
2016-06-05,0,1,1,1,2016,0.33569897921439973,0
2016-06-06,0,0,1,1,2016,0.12750249143203415,0
2016-06-07,0,0,1,1,2016,0.09849901538141076,0
2016-06-08,0,0,1,0,2016,0.09285835946711482,0
2016-06-09,0,0,1,0,2016,0.08623235246112954,0
2016-06-10,0,0,1,0,2016,0.09470867284433103,0
2016-06-11,0,0,1,0,2016,0.10951000033494054,0
2016-06-12,0,0,0,0,2016,0.0946695421794055,0
2016-06-13,1,0,0,0,2016,0.09306148015012569,0
2016-06-14,0,1,1,1,2016,0.24716646220151506,0
2016-06-15,0,0,1,1,2016,0.13162815151652402,0
2016-06-16,0,0,1,1,2016,0.11537875728566341,0
2016-06-17,1,0,1,0,2016,0.12342941447347501,0
2016-06-18,0,1,2,1,2016,0.28639753859883643,0
2016-06-19,0,0,2,1,2016,0.14162458078080692,0
2016-06-20,0,0,2,1,2016,0.1257157250926912,0
2016-06-21,0,0,1,0,2016,0.13151806920834475,0
2016-06-22,1,0,1,0,2016,0.14359164016431653,0
2016-06-23,1,1,2,1,2016,0.37680929339705527,0
2016-06-24,1,1,3,2,2016,0.5594038789723534,1
2016-06-25,0,1,3,3,2016,0.48509296815029285,1
2016-06-26,1,0,3,2,2016,0.22751130142377796,0
2016-06-27,0,1,4,2,2016,0.4104741208366346,1
2016-06-28,0,0,4,1,2016,0.26886426655513296,0
2016-06-29,1,0,4,1,2016,0.2166333877733854,0
2016-06-30,0,1,4,1,2016,0.45983709340244566,1
2016-07-01,0,0,3,1,2016,0.26834516437177425,0
2016-07-02,1,0,2,1,2016,0.20562154539297073,0
2016-07-03,0,1,3,1,2016,0.5423786946115516,1
2016-07-04,1,0,2,1,2016,0.20999021684726107,0
2016-07-05,0,1,3,2,2016,0.5801641281729361,1
2016-07-06,1,0,3,1,2016,0.27397713878571445,0
2016-07-07,1,1,3,2,2016,0.4692675957840886,1
2016-07-08,1,1,4,2,2016,0.6022754862911438,1
2016-07-09,1,1,5,3,2016,0.835759704485706,1
2016-07-10,1,1,5,3,2016,0.6928287053825387,1
2016-07-11,1,1,6,3,2016,0.7391254100536863,1
2016-07-12,1,1,6,3,2016,0.9188620406413989,1
2016-07-13,1,1,7,3,2016,0.9670812962342327,1
2016-07-14,1,1,7,3,2016,0.9795643858413663,1
2016-07-15,1,1,7,3,2016,0.9704107096099198,1
2016-07-16,0,1,7,3,2016,0.781622107207241,1
2016-07-17,1,0,6,2,2016,0.5485516916880193,1
2016-07-18,1,1,6,2,2016,0.956142675962723,1
2016-07-19,1,1,6,2,2016,0.9662107674924952,1
2016-07-20,1,1,6,3,2016,0.8421969084903318,1
2016-07-21,1,1,6,3,2016,0.9023393800901374,1
2016-07-22,1,1,6,3,2016,0.943941312035125,1
2016-07-23,1,1,6,3,2016,0.9615505024295984,1
2016-07-24,1,1,7,3,2016,0.9788515942336837,1
2016-07-25,1,1,7,3,2016,0.9362541703176769,1
2016-07-26,1,1,7,3,2016,0.861964384127316,1
2016-07-27,1,1,7,3,2016,0.9456181822175699,1
2016-07-28,1,1,7,3,2016,0.9164651108614323,1
2016-07-29,1,1,7,3,2016,0.9581365458099012,1
2016-07-30,1,1,7,3,2016,0.9004664910312011,1
2016-07-31,0,1,7,3,2016,0.9277149629245539,1
2016-08-01,0,0,6,2,2016,0.6818046557668027,1
2016-08-02,0,0,5,1,2016,0.6019016290137315,1
2016-08-03,0,0,4,0,2016,0.5324333479433113,1
2016-08-04,0,0,3,0,2016,0.5103200737668232,1
2016-08-05,1,0,2,0,2016,0.4732017982984113,1
2016-08-06,1,1,2,1,2016,0.7775428139248478,1
2016-08-07,1,1,2,2,2016,0.733345270173006,1
2016-08-08,1,1,3,3,2016,0.8298696750563248,1
2016-08-09,1,0,3,2,2016,0.5710211738949261,1
2016-08-10,1,1,5,3,2016,0.8746083322100445,1
2016-08-11,1,1,6,3,2016,0.9074850298822897,1
2016-08-12,1,1,7,3,2016,0.9304510211272841,1
2016-08-13,1,1,7,3,2016,0.8451539576092905,1
2016-08-14,1,1,7,3,2016,0.9178623843321675,1
2016-08-15,1,1,7,3,2016,0.9257271730309237,1
2016-08-16,1,1,7,3,2016,0.913342091729853,1
2016-08-17,0,1,7,3,2016,0.8670900742732275,1
2016-08-18,0,0,6,2,2016,0.6723901320508328,1
2016-08-19,1,0,5,1,2016,0.5758016240959226,1
2016-08-20,0,1,5,1,2016,0.787267804549669,1
2016-08-21,0,0,4,1,2016,0.5748368390524519,1
2016-08-22,1,0,3,1,2016,0.5143478961908453,1
2016-08-23,1,1,3,1,2016,0.7804929707646777,1
2016-08-24,1,1,3,2,2016,0.6953628520074299,1
2016-08-25,1,1,4,3,2016,0.7453988452611081,1
2016-08-26,0,1,5,3,2016,0.8471603846639314,1
2016-08-27,0,0,4,2,2016,0.5637478549174405,1
2016-08-28,1,0,4,1,2016,0.5239312813179591,1
2016-08-29,1,1,5,1,2016,0.9264874014449547,1
2016-08-30,0,1,5,2,2016,0.799634018488675,1
2016-08-31,1,0,4,2,2016,0.545833019084812,1
2016-09-01,1,1,4,2,2016,0.7555675040484987,1
2016-09-02,1,1,4,2,2016,0.8343667823650648,1
2016-09-03,1,1,5,3,2016,0.7596689413853174,1
2016-09-04,1,1,6,3,2016,0.8528776670353685,1
2016-09-05,1,1,6,3,2016,0.8376415859120524,1
2016-09-06,1,1,6,3,2016,0.8815964124061818,1
2016-09-07,1,1,7,3,2016,0.8632174860396183,1
2016-09-08,1,1,7,3,2016,0.7919969484265171,1
2016-09-09,1,1,7,3,2016,0.8383758338243953,1
2016-09-10,1,1,7,3,2016,0.9142491623837021,1
2016-09-11,0,1,7,3,2016,0.9400783210062206,1
2016-09-12,0,0,6,2,2016,0.6053298995426244,1
2016-09-13,1,0,5,1,2016,0.40651875475294813,1
2016-09-14,1,1,5,1,2016,0.6865709704011445,1
2016-09-15,0,1,5,2,2016,0.7859396757901438,1
2016-09-16,0,0,4,2,2016,0.43480559797517837,1
2016-09-17,1,0,3,1,2016,0.3023189325819685,0
2016-09-18,1,1,3,1,2016,0.48891260987315205,1
2016-09-19,0,1,4,2,2016,0.5470602097798003,1
2016-09-20,0,0,4,2,2016,0.3128095638868674,0
2016-09-21,1,0,3,1,2016,0.24384789188800515,0
2016-09-22,0,1,3,1,2016,0.5761179049669946,1
2016-09-23,1,0,3,1,2016,0.2989672661629691,0
2016-09-24,0,1,4,2,2016,0.4918393986210271,1
2016-09-25,0,0,3,1,2016,0.3890900970044476,0
2016-09-26,0,0,2,1,2016,0.28658347656147243,0
2016-09-27,0,0,2,0,2016,0.27901852222178464,0
2016-09-28,0,0,2,0,2016,0.283295825445311,0
2016-09-29,0,0,1,0,2016,0.22211741299591656,0
2016-09-30,1,0,1,0,2016,0.2544526603580502,0
2016-10-01,1,1,1,1,2016,0.7862190770365484,1
2016-10-02,0,1,2,2,2016,0.5588697256079705,1
2016-10-03,1,0,2,2,2016,0.35266222520258383,0
2016-10-04,0,1,3,2,2016,0.7232110272331288,1
2016-10-05,0,0,3,1,2016,0.3893642627231188,0
2016-10-06,1,0,3,1,2016,0.34094019944002296,0
2016-10-07,1,1,4,1,2016,0.6122974937367022,1
2016-10-08,1,1,4,2,2016,0.7079906996430804,1
2016-10-09,1,1,4,3,2016,0.8081816981284301,1
2016-10-10,1,1,5,3,2016,0.7161440108180124,1
2016-10-11,1,1,5,3,2016,0.6740332723994192,1
2016-10-12,0,1,6,3,2016,0.8728654110774168,1
2016-10-13,0,0,6,2,2016,0.4466277540667055,1
2016-10-14,1,0,5,1,2016,0.31906887526095523,0
2016-10-15,0,1,5,1,2016,0.6033822798462195,1
2016-10-16,0,0,4,1,2016,0.36166895223852186,0
2016-10-17,0,0,3,1,2016,0.3170439819771689,0
2016-10-18,0,0,2,0,2016,0.23493195256383576,0
2016-10-19,0,0,1,0,2016,0.1976048465090648,0
2016-10-20,0,0,1,0,2016,0.2073359250575339,0
2016-10-21,0,0,1,0,2016,0.19584227286815042,0
2016-10-22,0,0,0,0,2016,0.17532422572630268,0
2016-10-23,0,0,0,0,2016,0.16594411804179848,0
2016-10-24,0,0,0,0,2016,0.15956790142603458,0
2016-10-25,0,0,0,0,2016,0.17491618932893505,0
2016-10-26,0,0,0,0,2016,0.10631538239932299,0
2016-10-27,0,0,0,0,2016,0.11838043048507113,0
2016-10-28,0,0,0,0,2016,0.12938014131128897,0
2016-10-29,0,0,0,0,2016,0.14400077480867501,0
2016-10-30,1,0,0,0,2016,0.1278955668249924,0
2016-10-31,0,1,1,1,2016,0.28815122456159553,0
2016-11-01,0,0,1,1,2016,0.14042082542495013,0
2016-11-02,0,0,1,1,2016,0.16498291241634036,0
2016-11-03,0,0,1,0,2016,0.12151065710158057,0
2016-11-04,0,0,1,0,2016,0.10052424520528325,0
2016-11-05,0,0,1,0,2016,0.13145131609270028,0
2016-11-06,0,0,1,0,2016,0.09375034291601621,0
2016-11-07,0,0,0,0,2016,0.13137407124276715,0
2016-11-08,0,0,0,0,2016,0.08640733470596322,0
2016-11-09,0,0,0,0,2016,0.09294332342995631,0
2016-11-10,0,0,0,0,2016,0.07296116856839119,0
2016-11-11,0,0,0,0,2016,0.06299842865078428,0
2016-11-12,0,0,0,0,2016,0.1064116148032642,0
2016-11-13,1,0,0,0,2016,0.09935862328462336,0
2016-11-14,1,1,1,1,2016,0.38029589629145366,0
2016-11-15,1,1,2,2,2016,0.4124741788350889,1
2016-11-16,0,1,3,3,2016,0.46554941768097535,1
2016-11-17,0,0,3,2,2016,0.13140994416484378,0
2016-11-18,0,0,3,1,2016,0.1100415452063341,0
2016-11-19,0,0,3,0,2016,0.18584435957314463,0
2016-11-20,0,0,3,0,2016,0.1490607435897519,0
2016-11-21,0,0,2,0,2016,0.17145918321953932,0
2016-11-22,0,0,1,0,2016,0.07341455593117438,0
2016-11-23,0,0,0,0,2016,0.12646864539546468,0
2016-11-24,0,0,0,0,2016,0.06941519386231547,0
2016-11-25,1,0,0,0,2016,0.06791203624480101,0
2016-11-26,0,1,1,1,2016,0.2588508741567954,0
2016-11-28,0,0,1,1,2016,0.09108067187128983,0
2016-11-30,0,0,1,0,2016,0.05938033264288427,0
2016-12-01,0,0,1,0,2016,0.08004834457941354,0
2016-12-02,0,0,1,0,2016,0.0636422518510577,0
2016-12-03,0,0,0,0,2016,0.05901386045431373,0
2016-12-04,0,0,0,0,2016,0.05911117669495102,0
2016-12-05,0,0,0,0,2016,0.05599845150916002,0
2016-12-06,0,0,0,0,2016,0.07288991674335085,0
2016-12-07,0,0,0,0,2016,0.05013736224285308,0
2016-12-08,0,0,0,0,2016,0.055658230003869186,0
2016-12-09,0,0,0,0,2016,0.04585315707726239,0
2016-12-10,0,0,0,0,2016,0.04285300880134937,0
2016-12-11,0,0,0,0,2016,0.05062154890196052,0
2016-12-12,0,0,0,0,2016,0.08501395122952793,0
2016-12-13,0,0,0,0,2016,0.0651730921160188,0
2016-12-14,0,0,0,0,2016,0.06217704623249602,0
2016-12-15,0,0,0,0,2016,0.039624274328118256,0
2016-12-17,0,0,0,0,2016,0.03968147382569717,0
2016-12-18,0,0,0,0,2016,0.03642738311791816,0
2016-12-19,0,0,0,0,2016,0.03292617593076246,0
2016-12-20,0,0,0,0,2016,0.032767433546904104,0
2016-12-21,0,0,0,0,2016,0.03587958800758413,0
2016-12-23,0,0,0,0,2016,0.04079269672026932,0
2016-12-30,1,1,2,2,2016,0.13370133508755078,0
2016-12-31,0,1,3,3,2016,0.24561737144984114,0
2017-01-01,0,0,3,2,2017,0.0636974550826563,0
2017-01-02,0,0,3,1,2017,0.0552948023194471,0
2017-01-03,0,0,3,0,2017,0.058346403351713365,0
2017-01-04,0,0,3,0,2017,0.05295369510840299,0
2017-01-05,1,0,2,0,2017,0.04896591424040042,0
2017-01-06,1,1,2,1,2017,0.2041755884862609,0
2017-01-07,1,1,2,2,2017,0.16342780756938,0
2017-01-08,1,1,3,3,2017,0.2356241036503145,0
2017-01-09,0,1,4,3,2017,0.2931531676623717,0
2017-01-10,0,0,4,2,2017,0.1012476368152033,0
2017-01-11,0,0,4,1,2017,0.07089596285437037,0
2017-01-12,1,0,4,0,2017,0.06838518612821837,0
2017-01-13,1,1,4,1,2017,0.19085000437837474,0
2017-01-14,1,1,4,2,2017,0.26761238582235547,0
2017-01-15,0,1,4,3,2017,0.2538012284478887,0
2017-01-16,1,0,3,2,2017,0.11313285216409251,0
2017-01-17,0,1,4,2,2017,0.31185388085779486,0
2017-01-18,0,0,4,1,2017,0.1066125556420575,0
2017-01-30,0,0,1,0,2017,0.05618651958610153,0
2017-01-31,0,0,1,0,2017,0.05441284463705551,0
2017-02-01,0,0,1,0,2017,0.061552896914145144,0
2017-02-02,0,0,1,0,2017,0.06083002743560607,0
2017-02-03,1,0,0,0,2017,0.05511381727845015,0
2017-02-04,0,1,1,1,2017,0.1743205321389667,0
2017-02-05,0,0,1,1,2017,0.07298608401026853,0
2017-02-06,0,0,1,1,2017,0.06761348089565701,0
2017-02-07,0,0,1,0,2017,0.0642677707734309,0
2017-02-08,0,0,1,0,2017,0.061518679140137984,0
2017-02-09,0,0,1,0,2017,0.06033153700974112,0
2017-02-10,0,0,1,0,2017,0.05949628367124597,0
2017-02-11,0,0,0,0,2017,0.054682736631559724,0
2017-02-12,0,0,0,0,2017,0.0534042068867419,0
2017-02-13,0,0,0,0,2017,0.08059787357250693,0
2017-02-14,0,0,0,0,2017,0.0709096713029942,0
2017-02-15,0,0,0,0,2017,0.06963062208899075,0
2017-02-16,0,0,0,0,2017,0.04803524409925817,0
2017-02-19,0,0,0,0,2017,0.047937406362026674,0
2017-02-20,0,0,0,0,2017,0.047840875271438675,0
2017-02-21,0,0,0,0,2017,0.04741402152167906,0
2017-02-22,0,0,0,0,2017,0.05422300211650384,0
2017-02-23,0,0,0,0,2017,0.04880598373202925,0
2017-02-24,0,0,0,0,2017,0.0487309571469089,0
2017-02-25,0,0,0,0,2017,0.05964397622832887,0
2017-02-26,0,0,0,0,2017,0.07842046168650657,0
2017-03-01,0,0,0,0,2017,0.04691132630598195,0
2017-03-02,0,0,0,0,2017,0.0494476211033945,0
2017-03-03,1,0,0,0,2017,0.04702332460283666,0
2017-03-04,0,1,1,1,2017,0.22190102863238334,0
2017-03-05,0,0,1,1,2017,0.06591608393149927,0
2017-03-06,0,0,1,1,2017,0.05651962501754393,0
2017-03-07,0,0,1,0,2017,0.05719100044071881,0
2017-03-08,0,0,1,0,2017,0.05459547337292979,0
2017-03-09,0,0,1,0,2017,0.051609555258693936,0
2017-03-10,0,0,1,0,2017,0.050246619200381495,0
2017-03-11,0,0,0,0,2017,0.04536255511882727,0
2017-03-12,0,0,0,0,2017,0.06103481804581387,0
2017-03-13,0,0,0,0,2017,0.06494678735287686,0
2017-03-14,0,0,0,0,2017,0.07181098865313411,0
2017-03-15,0,0,0,0,2017,0.07063299538486593,0
2017-03-16,0,0,0,0,2017,0.06746860757595412,0
2017-03-17,1,0,0,0,2017,0.06514546469880513,0
2017-03-18,0,1,1,1,2017,0.17310292308884975,0
2017-03-19,0,0,1,1,2017,0.09015631722418048,0
2017-03-20,0,0,1,1,2017,0.07364534827482505,0
2017-03-21,0,0,1,0,2017,0.07803042645716857,0
2017-03-22,0,0,1,0,2017,0.0770605101813335,0
2017-03-23,0,0,1,0,2017,0.07461361294277591,0
2017-03-24,0,0,1,0,2017,0.07402194279049708,0
2017-03-25,0,0,0,0,2017,0.07764202068891783,0
2017-03-26,0,0,0,0,2017,0.07771843553509922,0
2017-03-27,0,0,0,0,2017,0.07835486879923863,0
2017-03-28,0,0,0,0,2017,0.06847504741408973,0
2017-03-29,0,0,0,0,2017,0.07699564387060742,0
2017-03-30,0,0,0,0,2017,0.07759576691294973,0
2017-03-31,0,0,0,0,2017,0.07823930220138706,0
2017-04-01,0,0,0,0,2017,0.0692698668980302,0
2017-04-02,0,0,0,0,2017,0.07863394584371564,0
2017-04-03,0,0,0,0,2017,0.07753805557099706,0
2017-04-04,0,0,0,0,2017,0.0780000287754214,0
2017-04-05,0,0,0,0,2017,0.07709415444483361,0
2017-04-06,0,0,0,0,2017,0.08260287125531021,0
2017-04-07,0,0,0,0,2017,0.07932547987593996,0
2017-04-08,0,0,0,0,2017,0.07957275397330066,0
2017-04-09,0,0,0,0,2017,0.0796850262395411,0
2017-04-10,0,0,0,0,2017,0.08020501733018724,0
2017-04-11,0,0,0,0,2017,0.08039989194927961,0
2017-04-12,0,0,0,0,2017,0.08111951867550073,0
2017-04-13,0,0,0,0,2017,0.08004431951245444,0
2017-04-14,0,0,0,0,2017,0.07765300051016964,0
2017-04-15,0,0,0,0,2017,0.07732848678016863,0
2017-04-16,0,0,0,0,2017,0.07839809947361095,0
2017-04-17,0,0,0,0,2017,0.0792386815276415,0
2017-04-18,0,0,0,0,2017,0.07975008224836984,0
2017-04-19,0,0,0,0,2017,0.07509155910429022,0
2017-04-20,0,0,0,0,2017,0.06037306984976434,0
2017-04-21,0,0,0,0,2017,0.05354934940562823,0
2017-04-22,0,0,0,0,2017,0.06399103643786037,0
2017-04-23,0,0,0,0,2017,0.057714128728776966,0
2017-04-24,0,0,0,0,2017,0.05637670984646402,0
2017-04-26,0,0,0,0,2017,0.057179478991227946,0
2017-04-27,0,0,0,0,2017,0.07119748399368019,0
2017-04-28,0,0,0,0,2017,0.06152197174124668,0
2017-04-29,0,0,0,0,2017,0.06164913379021276,0
2017-04-30,0,0,0,0,2017,0.07437758198958089,0
2017-05-01,0,0,0,0,2017,0.064118295635059,0
2017-05-02,1,0,0,0,2017,0.06456529779845874,0
2017-05-03,0,1,1,1,2017,0.23717343156899381,0
2017-05-04,0,0,1,1,2017,0.11115282749355825,0
2017-05-05,1,0,1,1,2017,0.0921821091818162,0
2017-05-06,1,1,2,1,2017,0.30339032676335365,0
2017-05-08,0,1,3,2,2017,0.2171701331546456,0
2017-05-09,0,0,3,1,2017,0.14431741762284145,0
2017-05-10,1,0,2,0,2017,0.1369491983449518,0
2017-05-11,0,1,3,1,2017,0.33335022460438063,0
2017-05-12,0,0,3,1,2017,0.17783212166256632,0
2017-05-13,0,0,2,1,2017,0.13521635166982565,0
2017-05-14,0,0,1,0,2017,0.12203883924629999,0
2017-05-15,0,0,1,0,2017,0.11824263882349821,0
2017-05-16,0,0,1,0,2017,0.11476845627375593,0
2017-05-17,0,0,1,0,2017,0.11710288589014177,0
2017-05-18,1,0,0,0,2017,0.10870690871944591,0
2017-05-19,1,1,1,1,2017,0.27679597953033575,0
2017-05-20,0,1,2,2,2017,0.33676113154002424,0
2017-05-21,1,0,2,2,2017,0.17797429292130346,0
2017-05-22,0,1,3,2,2017,0.35730451661937995,0
2017-05-23,0,0,3,1,2017,0.1864300676511282,0
2017-05-24,1,0,3,1,2017,0.15179415941030125,0
2017-05-25,0,1,4,1,2017,0.3313354348007769,0
2017-05-26,0,0,3,1,2017,0.1608499581864479,0
2017-05-27,0,0,2,1,2017,0.1446925772795091,0
2017-05-28,1,0,2,0,2017,0.14100188600680416,0
2017-05-29,1,1,2,1,2017,0.3585028144823943,0
2017-05-30,1,1,3,2,2017,0.3660580161121087,0
2017-05-31,0,1,4,3,2017,0.41124223143286187,1
2017-06-01,1,0,3,2,2017,0.2231934365505285,0
2017-06-02,0,1,4,2,2017,0.5045325108703539,1
2017-06-03,1,0,4,1,2017,0.24213685040034774,0
2017-06-04,1,1,5,2,2017,0.380038304477558,0
2017-06-05,0,1,5,2,2017,0.7201272951729021,1
2017-06-06,0,0,4,2,2017,0.23476651369638324,0
2017-06-07,1,0,3,1,2017,0.15745066601838886,0
2017-06-08,1,1,4,1,2017,0.3666268685612729,0
2017-06-09,0,1,4,2,2017,0.5466568866820681,1
2017-06-10,1,0,4,2,2017,0.29433764697233605,0
2017-06-11,0,1,4,2,2017,0.5727721993752545,1
2017-06-12,1,0,3,1,2017,0.27050399787895074,0
2017-06-13,0,1,4,2,2017,0.4656847210542914,1
2017-06-14,1,0,4,1,2017,0.3258681696682555,0
2017-06-15,1,1,4,2,2017,0.49226603716941475,1
2017-06-16,1,1,4,2,2017,0.883483951600111,1
2017-06-17,1,1,5,3,2017,0.6981333544045802,1
2017-06-18,1,0,4,2,2017,0.3634381294816646,0
2017-06-19,0,0,5,2,2017,0.365183489704099,0
2017-06-20,1,0,5,2,2017,0.34761431786301467,0
2017-06-21,0,1,6,2,2017,0.6084206213314302,1
2017-06-22,0,0,5,1,2017,0.3894249350879304,0
2017-06-23,1,0,4,1,2017,0.3174641359385085,0
2017-06-24,0,1,4,1,2017,0.5286106282167331,1
2017-06-25,1,0,3,1,2017,0.32140089103823005,0
2017-06-26,0,1,3,2,2017,0.4919760508947677,1
2017-06-27,0,0,3,1,2017,0.2906992514290756,0
2017-06-28,0,0,2,1,2017,0.26432820770922777,0
2017-06-29,0,0,2,0,2017,0.26847269944714663,0
2017-06-30,1,0,2,0,2017,0.2612489417701089,0
2017-07-01,0,1,2,1,2017,0.5409306067871961,1
2017-07-02,0,0,2,1,2017,0.3200721573029431,0
2017-07-03,1,0,1,1,2017,0.27419022082363703,0
2017-07-04,0,1,2,1,2017,0.6744139685624837,1
2017-07-05,1,0,2,1,2017,0.3105834300285003,0
2017-07-06,1,1,3,2,2017,0.525448013145632,1
2017-07-07,1,1,4,2,2017,0.719420462928492,1
2017-07-08,1,1,4,3,2017,0.7185098784596025,1
2017-07-09,1,1,5,3,2017,0.6943973792743366,1
2017-07-10,1,0,5,2,2017,0.38949165063825697,0
2017-07-11,1,1,6,3,2017,0.8437659322475919,1
2017-07-12,0,1,7,3,2017,0.7098908130326304,1
2017-07-13,0,0,6,2,2017,0.5034271655033761,1
2017-07-14,1,0,5,1,2017,0.4342246001935825,1
2017-07-15,0,1,5,1,2017,0.6701485983648262,1
2017-07-16,1,0,4,1,2017,0.41298880952325656,1
2017-07-17,1,1,4,2,2017,0.7148117747415513,1
2017-07-18,1,1,4,2,2017,0.7215687403364831,1
2017-07-19,1,1,4,3,2017,0.7375692757980566,1
2017-07-20,1,1,5,3,2017,0.8012901824919655,1
2017-07-21,1,1,6,3,2017,0.8224733261999094,1
2017-07-22,1,1,6,3,2017,0.7459788356659491,1
2017-07-23,0,1,7,3,2017,0.7741911791053658,1
2017-07-24,0,0,6,2,2017,0.569446007589266,1
2017-07-25,1,0,5,1,2017,0.5269343990628755,1
2017-07-26,1,1,5,1,2017,0.8071758811188826,1
2017-07-27,1,1,5,2,2017,0.725088197065067,1
2017-07-28,1,1,5,3,2017,0.8356753167238675,1
2017-07-29,1,1,5,3,2017,0.9034158814906077,1
2017-07-30,1,1,5,3,2017,0.8779433480999739,1
2017-07-31,1,1,6,3,2017,0.9008733918453509,1
2017-08-01,1,1,7,3,2017,0.9245228062450148,1
2017-08-02,1,1,7,3,2017,0.9322211211402415,1
2017-08-03,1,1,7,3,2017,0.9212215733174725,1
2017-08-04,1,1,7,3,2017,0.9688415542636951,1
2017-08-05,1,1,7,3,2017,0.9689844627006926,1
2017-08-06,1,1,7,3,2017,0.9857642535319575,1
2017-08-07,1,1,7,3,2017,0.9859983439631008,1
2017-08-08,1,1,7,3,2017,0.9729907685763366,1
2017-08-09,1,1,7,3,2017,0.9650532453008035,1
2017-08-10,1,1,7,3,2017,0.9463004311358526,1
2017-08-11,1,1,7,3,2017,0.951919999061151,1
2017-08-12,1,1,7,3,2017,0.974153456010493,1
2017-08-13,1,1,7,3,2017,0.9702042260670315,1
2017-08-14,1,1,7,3,2017,0.9588108755123986,1
2017-08-15,1,1,7,3,2017,0.980642575711375,1
2017-08-16,1,1,7,3,2017,0.9826501682850657,1
2017-08-17,1,1,7,3,2017,0.9594099805890579,1
2017-08-18,1,1,7,3,2017,0.9682365380009053,1
2017-08-19,1,1,7,3,2017,0.9924554647050228,1
2017-08-20,1,1,7,3,2017,0.9930703818433149,1
2017-08-21,1,1,7,3,2017,0.9932412667775571,1
2017-08-22,1,1,7,3,2017,0.9926565447588119,1
2017-08-23,1,1,7,3,2017,0.9926105728635769,1
2017-08-24,1,1,7,3,2017,0.9937171071311093,1
2017-08-25,1,1,7,3,2017,0.9935963112747245,1
2017-08-26,1,1,7,3,2017,0.9911119496704504,1
2017-08-27,1,1,7,3,2017,0.9829372290579689,1
2017-08-28,1,1,7,3,2017,0.9606162365822614,1
2017-08-29,1,1,7,3,2017,0.9833510833151758,1
2017-08-30,1,1,7,3,2017,0.9843150019453634,1
2017-08-31,1,1,7,3,2017,0.9615208962366915,1
2017-09-01,1,1,7,3,2017,0.9642867211812095,1
2017-09-02,1,1,7,3,2017,0.9618736965000014,1
2017-09-03,1,1,7,3,2017,0.9762649425636882,1
2017-09-04,1,1,7,3,2017,0.9817436301108762,1
2017-09-05,1,1,7,3,2017,0.9637150750440368,1
2017-09-06,1,1,7,3,2017,0.915761681452079,1
2017-09-07,1,1,7,3,2017,0.9308672343537391,1
2017-09-08,1,1,7,3,2017,0.970997267012311,1
2017-09-09,1,1,7,3,2017,0.9589300128545627,1
2017-09-10,1,1,7,3,2017,0.9624773259370293,1
2017-09-11,1,1,7,3,2017,0.9682531561099631,1
2017-09-12,1,1,7,3,2017,0.9844279322199827,1
2017-09-13,1,1,7,3,2017,0.9921796940441612,1
2017-09-14,1,1,7,3,2017,0.9909327631406158,1
2017-09-15,1,1,7,3,2017,0.9905712381471096,1
2017-09-16,1,1,7,3,2017,0.9860655877069826,1
2017-09-17,1,1,7,3,2017,0.9208080763307946,1
2017-09-18,1,1,7,3,2017,0.9776129932461447,1
2017-09-19,1,1,7,3,2017,0.9826737792251279,1
2017-09-20,1,1,7,3,2017,0.9558891040687233,1
2017-09-21,1,1,7,3,2017,0.9482809666424723,1
2017-09-22,1,1,7,3,2017,0.9580309193709725,1
2017-09-23,1,1,7,3,2017,0.9715111644564467,1
2017-09-24,0,1,7,3,2017,0.9742904051442308,1
2017-09-25,0,0,6,2,2017,0.7034255912291165,1
2017-09-26,1,0,5,1,2017,0.6078756433684509,1
2017-09-27,1,1,5,1,2017,0.8727766944626812,1
2017-09-28,1,1,5,2,2017,0.8732182629681535,1
2017-09-29,1,1,5,3,2017,0.8216304054624013,1
2017-09-30,1,1,5,3,2017,0.7666407691066428,1
2017-10-01,1,1,5,3,2017,0.7951896601586006,1
2017-10-02,1,1,6,3,2017,0.9333841797590736,1
2017-10-03,1,1,7,3,2017,0.8992866196215094,1
2017-10-04,0,1,7,3,2017,0.8425305720737152,1
2017-10-05,1,0,6,2,2017,0.5419931839159304,1
2017-10-06,0,1,6,2,2017,0.7869944454234272,1
2017-10-07,1,0,5,1,2017,0.5300590979561896,1
2017-10-08,1,1,5,2,2017,0.899226243134672,1
2017-10-09,1,1,5,2,2017,0.8786601719954938,1
2017-10-10,1,1,5,3,2017,0.9104410298699664,1
2017-10-11,1,1,5,3,2017,0.9794602283121301,1
2017-10-12,1,1,6,3,2017,0.9691541002056181,1
2017-10-13,1,1,6,3,2017,0.9757257510981092,1
2017-10-14,1,1,7,3,2017,0.9604551279252223,1
2017-10-15,1,1,7,3,2017,0.9829906104213192,1
2017-10-16,1,1,7,3,2017,0.9793848579577759,1
2017-10-17,1,1,7,3,2017,0.9670350798752309,1
2017-10-18,1,1,7,3,2017,0.9679211325655745,1
2017-10-19,1,1,7,3,2017,0.9371446595742203,1
2017-10-20,1,1,7,3,2017,0.8627592557436495,1
2017-10-21,0,1,7,3,2017,0.9248533016006508,1
2017-10-22,1,0,6,2,2017,0.6746352218660621,1
2017-10-23,1,1,6,2,2017,0.8447970302545827,1
2017-10-24,1,1,6,2,2017,0.963544934752215,1
2017-10-25,1,1,6,3,2017,0.9857390401150886,1
2017-10-26,1,1,6,3,2017,0.9871800647744166,1
2017-10-27,1,1,6,3,2017,0.9837791048905363,1
2017-10-28,1,1,6,3,2017,0.9864737407062037,1
2017-10-29,1,1,7,3,2017,0.9871743500940549,1
2017-10-30,1,1,7,3,2017,0.9812625913756006,1
2017-10-31,1,1,7,3,2017,0.9033139640258883,1
2017-11-01,1,1,7,3,2017,0.8658549563139258,1
2017-11-02,1,1,7,3,2017,0.8728822285365473,1
2017-11-03,1,1,7,3,2017,0.9256428465759288,1
2017-11-04,1,1,7,3,2017,0.8725329059572535,1
2017-11-05,0,1,7,3,2017,0.8811328669073866,1
2017-11-06,0,0,6,2,2017,0.6710179321408697,1
2017-11-07,0,0,5,1,2017,0.5826888339183511,1
2017-11-08,0,0,4,0,2017,0.48895689040611445,1
2017-11-09,0,0,3,0,2017,0.46003460625602977,1
2017-11-10,0,0,2,0,2017,0.43027836167447514,1
2017-11-11,0,0,1,0,2017,0.41101959658495685,1
2017-11-12,1,0,0,0,2017,0.38837235254531305,0
2017-11-13,0,1,1,1,2017,0.6170049592695581,1
2017-11-14,0,0,1,1,2017,0.36539642168161574,0
2017-11-15,0,0,1,1,2017,0.29469518753702145,0
2017-11-16,0,0,1,0,2017,0.3388885095600526,0
2017-11-17,0,0,1,0,2017,0.24639459255458226,0
2017-11-18,0,0,1,0,2017,0.27512224061265567,0
2017-11-19,0,0,1,0,2017,0.24096591311626767,0
2017-11-20,0,0,0,0,2017,0.18134876366525987,0
2017-11-21,1,0,0,0,2017,0.21732539977905466,0
2017-11-22,0,1,1,1,2017,0.5243726303687722,1
2017-11-23,0,0,1,1,2017,0.2828544713656783,0
2017-11-24,1,0,1,1,2017,0.23611819438904655,0
2017-11-25,0,1,2,1,2017,0.6836102710576276,1
2017-11-26,1,0,2,1,2017,0.223617972398899,0
2017-11-27,0,1,3,2,2017,0.5287964765042966,1
2017-11-28,0,0,3,1,2017,0.20325997004195315,0
2017-11-29,1,0,2,1,2017,0.14765926818499037,0
2017-11-30,0,1,3,1,2017,0.49082606244851523,1
2017-12-01,0,0,3,1,2017,0.17147868806344818,0
2017-12-02,0,0,2,1,2017,0.11240967483601001,0
2017-12-03,1,0,2,0,2017,0.15004565020056201,0
2017-12-04,1,1,2,1,2017,0.30195575774365613,0
2017-12-05,1,1,3,2,2017,0.3666770797160645,0
2017-12-06,0,1,4,3,2017,0.4916764193088219,1
2017-12-07,1,0,3,2,2017,0.17986271173319793,0
2017-12-08,1,1,4,2,2017,0.7676502894506384,1
2017-12-09,1,1,5,2,2017,0.7588569402160669,1
2017-12-10,1,1,6,3,2017,0.6344856423165982,1
2017-12-11,0,1,6,3,2017,0.7731988813680011,1
2017-12-12,0,0,5,2,2017,0.2874928672705342,0
2017-12-13,0,0,4,1,2017,0.17587323278433045,0
2017-12-14,0,0,4,0,2017,0.1497219253413099,0
2017-12-15,0,0,3,0,2017,0.12729037160743384,0
2017-12-16,0,0,2,0,2017,0.10951070289218111,0
2017-12-17,0,0,1,0,2017,0.09435860963439331,0
2017-12-18,0,0,0,0,2017,0.08366942141310238,0
2017-12-19,1,0,0,0,2017,0.07695372104305939,0
2017-12-20,1,1,1,1,2017,0.1904533332116878,0
2017-12-21,0,1,2,2,2017,0.31388317186340087,0
2017-12-22,1,0,2,2,2017,0.13292590599927273,0
2017-12-23,1,1,3,2,2017,0.3706159766273446,0
2017-12-24,1,1,4,2,2017,0.795606469734554,1
2017-12-26,1,1,5,2,2017,0.367229767385834,0
2017-12-27,1,1,5,2,2017,0.8255485614842833,1
2017-12-28,1,1,5,2,2017,0.837948959277261,1
2017-12-29,0,1,6,3,2017,0.8358113029615041,1
2017-12-30,1,0,5,2,2017,0.17675897223599285,0
2017-12-31,1,1,5,2,2017,0.608130639006721,1
2018-01-01,1,1,5,2,2018,0.8108952209202193,1
2018-01-02,1,1,6,3,2018,0.8534841838464067,1
2018-01-03,1,1,6,3,2018,0.8409015817014106,1
2018-01-04,1,1,6,3,2018,0.8381084934950163,1
2018-01-05,1,1,6,3,2018,0.7535762202665812,1
2018-01-06,1,1,7,3,2018,0.823776098084099,1
2018-01-07,1,1,7,3,2018,0.9045277440276552,1
2018-01-08,1,1,7,3,2018,0.9529611766038187,1
2018-01-11,0,1,5,1,2018,0.4122951439822543,1
2018-01-12,0,0,4,0,2018,0.1980902711629997,0
2018-01-13,1,0,3,0,2018,0.16982267560754571,0
2018-01-14,1,1,3,1,2018,0.3233494434832434,0
2018-01-15,0,1,3,2,2018,0.4198901440495148,1
2018-01-16,0,0,2,2,2018,0.20665092769658217,0
2018-01-17,0,0,2,1,2018,0.16799342362228115,0
2018-01-18,0,0,2,0,2018,0.13483057501921464,0
2018-01-19,0,0,2,0,2018,0.1284096210242252,0
2018-01-21,0,0,1,0,2018,0.11425203106811122,0
2018-01-22,0,0,0,0,2018,0.10245674722344333,0
2018-01-23,0,0,0,0,2018,0.09835439226454307,0
2018-01-24,0,0,0,0,2018,0.10596563907376087,0
2018-01-25,0,0,0,0,2018,0.09459382455700241,0
2018-01-26,0,0,0,0,2018,0.0907750459142272,0
2018-01-27,1,0,0,0,2018,0.08857447575740697,0
2018-01-28,0,1,1,1,2018,0.23250853726751788,0
2018-01-29,0,0,1,1,2018,0.12978939443971824,0
2018-01-30,0,0,1,1,2018,0.10661870477479778,0
2018-01-31,0,0,1,0,2018,0.093040959732902,0
2018-02-01,0,0,1,0,2018,0.09716682912027422,0
2018-02-02,0,0,1,0,2018,0.08541596388590063,0
2018-02-03,0,0,1,0,2018,0.08088874820949028,0
2018-02-04,0,0,0,0,2018,0.0723695984820897,0
2018-02-05,0,0,0,0,2018,0.06992975849401327,0
2018-02-06,0,0,0,0,2018,0.0659224603192157,0
2018-02-07,0,0,0,0,2018,0.0628726874108755,0
2018-02-08,0,0,0,0,2018,0.0592701258648849,0
2018-02-09,0,0,0,0,2018,0.058081462639459715,0
2018-02-10,0,0,0,0,2018,0.0580499329191156,0
2018-02-11,0,0,0,0,2018,0.057654491878356987,0
2018-02-12,0,0,0,0,2018,0.05741192385336968,0
2018-02-13,0,0,0,0,2018,0.055889205387177995,0
2018-02-14,0,0,0,0,2018,0.054383664844448704,0
2018-02-15,0,0,0,0,2018,0.059082196591831185,0
2018-02-16,0,0,0,0,2018,0.054816295186700205,0
2018-02-17,0,0,0,0,2018,0.06232938966445732,0
2018-02-18,1,0,0,0,2018,0.08985631252542135,0
2018-02-19,0,1,1,1,2018,0.3728150926502126,0
2018-02-20,0,0,1,1,2018,0.13162435950015441,0
2018-02-21,0,0,1,1,2018,0.09843184988544927,0
2018-02-22,0,0,1,0,2018,0.07371860343118541,0
2018-02-24,0,0,1,0,2018,0.06929437313177564,0
2018-02-25,1,0,1,0,2018,0.09937757790914725,0
2018-02-26,0,1,1,1,2018,0.23268142838537823,0
2018-02-28,0,0,1,1,2018,0.10583633889455653,0
2018-03-01,0,0,1,0,2018,0.10379822308671027,0
2018-03-02,0,0,1,0,2018,0.09914687492078586,0
2018-03-03,0,0,1,0,2018,0.08023129616416812,0
2018-03-04,0,0,1,0,2018,0.07487400762876716,0
2018-03-05,0,0,0,0,2018,0.08477552881001002,0
2018-03-06,0,0,0,0,2018,0.0675765479865899,0
2018-03-07,0,0,0,0,2018,0.06699152898295019,0
2018-03-08,0,0,0,0,2018,0.053324135869488996,0
2018-03-09,0,0,0,0,2018,0.05246469372926598,0
2018-03-10,0,0,0,0,2018,0.05122440699766555,0
2018-03-11,0,0,0,0,2018,0.05067173630736423,0
2018-03-12,0,0,0,0,2018,0.05033749368153159,0
2018-03-13,0,0,0,0,2018,0.05074618177259455,0
2018-03-14,0,0,0,0,2018,0.05074037325628565,0
2018-03-15,0,0,0,0,2018,0.05072204265662477,0
2018-03-16,0,0,0,0,2018,0.04988880973204463,0
2018-03-17,0,0,0,0,2018,0.0500073919050851,0
2018-03-18,0,0,0,0,2018,0.049348466817516985,0
2018-03-19,0,0,0,0,2018,0.04934054410671926,0
2018-03-20,0,0,0,0,2018,0.04908901998686822,0
2018-03-21,0,0,0,0,2018,0.047677343631905955,0
2018-03-22,0,0,0,0,2018,0.07347383307959027,0
2018-03-23,0,0,0,0,2018,0.05894153201442685,0
2018-03-24,0,0,0,0,2018,0.05976302383365721,0
2018-03-25,0,0,0,0,2018,0.047908501864192356,0
2018-03-26,0,0,0,0,2018,0.04790777531839402,0
2018-03-27,0,0,0,0,2018,0.047504668179089896,0
2018-03-28,0,0,0,0,2018,0.046423373352920974,0
2018-03-29,0,0,0,0,2018,0.04465444879928926,0
2018-03-30,0,0,0,0,2018,0.0447712882882185,0
2018-03-31,0,0,0,0,2018,0.05959498994103778,0
2018-04-01,0,0,0,0,2018,0.04744289484914748,0
2018-04-02,0,0,0,0,2018,0.06009122105956196,0
2018-04-03,0,0,0,0,2018,0.04776096520825679,0
2018-04-04,1,0,0,0,2018,0.05985720591502117,0
2018-04-05,0,1,1,1,2018,0.16083974488386704,0
2018-04-06,0,0,1,1,2018,0.08134260598106575,0
2018-04-07,0,0,1,1,2018,0.06285508035738935,0
2018-04-08,0,0,1,0,2018,0.05980260956693148,0
2018-04-09,0,0,1,0,2018,0.07678688504650844,0
2018-04-10,0,0,1,0,2018,0.05986150603878963,0
2018-04-11,0,0,1,0,2018,0.07886518180559142,0
2018-04-13,0,0,0,0,2018,0.06686664699070086,0
2018-04-14,0,0,0,0,2018,0.053854315788282155,0
2018-04-15,0,0,0,0,2018,0.05350720829496894,0
2018-04-16,0,0,0,0,2018,0.053505380253015856,0
2018-04-17,0,0,0,0,2018,0.053894282608190465,0
2018-04-18,0,0,0,0,2018,0.05409540866612822,0
2018-04-19,0,0,0,0,2018,0.054107706175661546,0
2018-04-20,0,0,0,0,2018,0.05351034125922352,0
2018-04-21,0,0,0,0,2018,0.05303623125464308,0
2018-04-22,0,0,0,0,2018,0.05283310056175544,0
2018-04-23,0,0,0,0,2018,0.06873438692809437,0
2018-04-24,0,0,0,0,2018,0.0560992421728694,0
2018-04-25,0,0,0,0,2018,0.05982332188372225,0
2018-04-26,0,0,0,0,2018,0.053900001081871686,0
2018-04-27,0,0,0,0,2018,0.05544678658947522,0
2018-04-28,1,0,0,0,2018,0.06383257323325416,0
2018-04-29,0,1,1,1,2018,0.3153766967349158,0
2018-04-30,0,0,1,1,2018,0.12895745578947487,0
2018-05-01,0,0,1,1,2018,0.08264619933677506,0
2018-05-02,0,0,1,0,2018,0.08657909257636102,0
2018-05-03,0,0,1,0,2018,0.07817349020659997,0
2018-05-04,1,0,1,0,2018,0.1199533491934044,0
2018-05-05,0,1,2,1,2018,0.21312187285399398,0
2018-05-06,0,0,1,1,2018,0.14285251911677388,0
2018-05-07,0,0,1,1,2018,0.09913693304848584,0
2018-05-08,0,0,1,0,2018,0.12442847573519414,0
2018-05-09,0,0,1,0,2018,0.1175457790761786,0
2018-05-10,0,0,1,0,2018,0.1297200415542314,0
2018-05-11,0,0,1,0,2018,0.1171481941189033,0
2018-05-12,0,0,0,0,2018,0.11073944573091891,0
2018-05-13,0,0,0,0,2018,0.11549412617396346,0
2018-05-14,0,0,0,0,2018,0.08191052907312069,0
2018-05-15,0,0,0,0,2018,0.07861114917601077,0
2018-05-16,0,0,0,0,2018,0.10020363820158017,0
2018-05-17,0,0,0,0,2018,0.0899545927099434,0
2018-05-18,0,0,0,0,2018,0.08674583894233659,0
2018-05-19,0,0,0,0,2018,0.0704891078487853,0
2018-05-20,0,0,0,0,2018,0.09478544470991838,0
2018-05-21,0,0,0,0,2018,0.07560457632769792,0
2018-05-22,0,0,0,0,2018,0.07891419179478085,0
2018-05-23,0,0,0,0,2018,0.07526269960341875,0
2018-05-24,0,0,0,0,2018,0.11204912460003069,0
2018-05-25,0,0,0,0,2018,0.07931624638118841,0
2018-05-26,0,0,0,0,2018,0.10395309376223885,0
2018-05-27,0,0,0,0,2018,0.105576254392387,0
2018-05-28,0,0,0,0,2018,0.10851039195400197,0
2018-05-29,0,0,0,0,2018,0.10680132639770128,0
2018-05-30,0,0,0,0,2018,0.0863541095753384,0
2018-05-31,0,0,0,0,2018,0.08933439933531803,0
2018-06-01,0,0,0,0,2018,0.07339884732066598,0
2018-06-02,0,0,0,0,2018,0.07037956573780407,0
2018-06-03,0,0,0,0,2018,0.069908286882754,0
2018-06-04,0,0,0,0,2018,0.06665885581722289,0
2018-06-05,0,0,0,0,2018,0.06810128709734184,0
2018-06-06,1,0,0,0,2018,0.0894648680162284,0
2018-06-07,0,1,1,1,2018,0.1882825197109571,0
2018-06-08,0,0,1,1,2018,0.11337038086457424,0
2018-06-09,1,0,1,1,2018,0.08839664932192315,0
2018-06-10,0,1,2,1,2018,0.29441793515094034,0
2018-06-11,1,0,2,1,2018,0.1960105911319554,0
2018-06-12,0,1,3,2,2018,0.36671735848339876,0
2018-06-13,0,0,3,1,2018,0.19394250768956264,0
2018-06-14,0,0,2,1,2018,0.12708203114109984,0
2018-06-15,1,0,2,0,2018,0.1069882038020552,0
2018-06-16,1,1,3,1,2018,0.33863844039669033,0
2018-06-17,1,1,3,2,2018,0.6552123041851904,1
2018-06-18,0,1,4,3,2018,0.7248238125921225,1
2018-06-19,1,0,3,2,2018,0.38363192794111967,0
2018-06-20,0,1,4,2,2018,0.4633538014278295,1
2018-06-21,0,0,4,1,2018,0.280469838582166,0
2018-06-22,0,0,4,1,2018,0.290903385549336,0
2018-06-23,1,0,3,0,2018,0.2803411111586376,0
2018-06-24,0,1,3,1,2018,0.4693772260808454,1
2018-06-25,0,0,2,1,2018,0.2708298738285441,0
2018-06-26,0,0,2,1,2018,0.16781501368179125,0
2018-06-27,1,0,1,0,2018,0.23474984468223922,0
2018-06-28,1,1,2,1,2018,0.3538315089153176,0
2018-06-29,1,1,3,2,2018,0.5511042614652458,1
2018-06-30,0,1,4,3,2018,0.574966756772358,1
2018-07-01,0,0,3,2,2018,0.4085430894927362,1
2018-07-02,1,0,3,1,2018,0.25017865940404316,0
2018-07-03,1,1,4,1,2018,0.45572302471241466,1
2018-07-04,1,1,5,2,2018,0.6728265038905278,1
2018-07-05,1,1,5,3,2018,0.7022322527812298,1
2018-07-06,1,1,5,3,2018,0.6866386237688497,1
2018-07-07,1,1,5,3,2018,0.7182217340329544,1
2018-07-08,1,1,6,3,2018,0.7539577757331992,1
2018-07-09,0,1,7,3,2018,0.737030704805818,1
2018-07-10,0,0,6,2,2018,0.3831665434741977,0
2018-07-11,1,0,5,1,2018,0.28560121730637417,0
2018-07-12,1,1,5,1,2018,0.6771166670655384,1
2018-07-13,0,1,5,2,2018,0.6409021943725879,1
2018-07-14,0,0,4,2,2018,0.43362163366667533,1
2018-07-15,0,0,3,1,2018,0.3616842089083452,0
2018-07-16,1,0,2,0,2018,0.2712285081634889,0
2018-07-17,1,1,3,1,2018,0.7118368927958006,1
2018-07-18,1,1,4,2,2018,0.8669896318200898,1
2018-07-19,1,1,4,3,2018,0.7365860598463679,1
2018-07-20,1,1,4,3,2018,0.876612381370579,1
2018-07-21,1,1,5,3,2018,0.8819020866445826,1
2018-07-22,1,1,6,3,2018,0.8256321219926281,1
2018-07-23,1,1,7,3,2018,0.7347939421787762,1
2018-07-24,1,1,7,3,2018,0.810353795102871,1
2018-07-25,1,1,7,3,2018,0.7686107393506942,1
2018-07-26,1,1,7,3,2018,0.8089488968468187,1
2018-07-27,0,1,7,3,2018,0.7230302796120192,1
2018-07-28,1,0,6,2,2018,0.5948071866955813,1
2018-07-29,0,1,6,2,2018,0.73798425071799,1
2018-07-30,1,0,5,1,2018,0.4415590569498111,1
2018-07-31,1,1,5,2,2018,0.6263776550189607,1
2018-08-01,0,1,5,2,2018,0.6682876965299854,1
2018-08-02,0,0,4,2,2018,0.46279592647809625,1
2018-08-03,1,0,3,1,2018,0.4623904969076753,1
2018-08-04,0,1,4,1,2018,0.5975277761281443,1
2018-08-05,1,0,3,1,2018,0.4318112322395487,1
2018-08-06,1,1,4,2,2018,0.6300730447378966,1
2018-08-07,0,1,4,2,2018,0.6986635541229742,1
2018-08-08,0,0,3,2,2018,0.4357599931668444,1
2018-08-09,0,0,3,1,2018,0.39266835359278657,0
2018-08-10,0,0,3,0,2018,0.3642027156682106,0
2018-08-11,0,0,2,0,2018,0.41173306729126075,1
2018-08-12,1,0,2,0,2018,0.39797330532846353,0
2018-08-13,1,1,2,1,2018,0.5776692480490629,1
2018-08-14,1,1,2,2,2018,0.7613337214347429,1
2018-08-15,1,1,3,3,2018,0.702487108438707,1
2018-08-16,1,1,4,3,2018,0.878843830977218,1
2018-08-17,1,1,5,3,2018,0.8643001288567326,1
2018-08-18,1,1,6,3,2018,0.9455672090214071,1
2018-08-19,1,1,7,3,2018,0.8798958769295897,1
2018-08-20,1,1,7,3,2018,0.9549634178859328,1
2018-08-21,1,1,7,3,2018,0.7808018901312228,1
2018-08-22,1,1,7,3,2018,0.856506994257194,1
2018-08-23,1,1,7,3,2018,0.8423051866350386,1
2018-08-24,1,1,7,3,2018,0.951906420846655,1
2018-08-25,1,1,7,3,2018,0.9116444234182329,1
2018-08-26,1,1,7,3,2018,0.9334571634390576,1
2018-08-27,1,1,7,3,2018,0.8785560571639877,1
2018-08-28,1,1,7,3,2018,0.9544346125010986,1
2018-08-29,1,1,7,3,2018,0.9630116795749928,1
2018-08-30,1,1,7,3,2018,0.9699205655399713,1
2018-08-31,1,1,7,3,2018,0.9343368080085382,1
2018-09-01,0,1,7,3,2018,0.9151439201672779,1
2018-09-02,1,0,6,2,2018,0.7082419062616494,1
2018-09-03,1,1,6,2,2018,0.899286921505239,1
2018-09-04,1,1,6,2,2018,0.9490386686993814,1
2018-09-05,1,1,6,3,2018,0.8519197955718637,1
2018-09-06,1,1,6,3,2018,0.8209300565826657,1
2018-09-07,1,1,6,3,2018,0.7924968093070391,1
2018-09-08,1,1,6,3,2018,0.8325130420797459,1
2018-09-09,1,1,7,3,2018,0.9045560479023622,1
2018-09-10,1,1,7,3,2018,0.912937074010404,1
2018-09-11,1,1,7,3,2018,0.9426946529817868,1
2018-09-12,1,1,7,3,2018,0.914174084302958,1
2018-09-13,1,1,7,3,2018,0.8853004907425825,1
2018-09-14,1,1,7,3,2018,0.909350392797039,1
2018-09-15,0,1,7,3,2018,0.876136622044108,1
2018-09-16,1,0,6,2,2018,0.6151307855781653,1
2018-09-17,1,1,6,2,2018,0.751522884877463,1
2018-09-18,1,1,6,2,2018,0.8386987839278193,1
2018-09-19,1,1,6,3,2018,0.90247051951461,1
2018-09-20,0,1,6,3,2018,0.8897331350395177,1
2018-09-21,1,0,5,2,2018,0.6638742346760536,1
2018-09-22,1,1,5,2,2018,0.8528592258179242,1
2018-09-23,1,1,6,2,2018,0.8741283259948671,1
2018-09-24,1,1,6,3,2018,0.8700582917704237,1
2018-09-25,1,1,6,3,2018,0.8908238437383383,1
2018-09-26,1,1,6,3,2018,0.9101636925176951,1
2018-09-27,1,1,6,3,2018,0.9111775239731704,1
2018-09-28,1,1,7,3,2018,0.8942691213248388,1
2018-09-29,1,1,7,3,2018,0.8666381428039651,1
2018-09-30,1,1,7,3,2018,0.9042705502705554,1
2018-10-01,0,1,7,3,2018,0.894336929984938,1
2018-10-02,1,0,6,2,2018,0.6468276954375853,1
2018-10-03,1,1,6,2,2018,0.8227712077898425,1
2018-10-04,1,1,6,2,2018,0.863475244211204,1
2018-10-05,0,1,6,3,2018,0.874926820353128,1
2018-10-06,0,0,5,2,2018,0.5780250625310925,1
2018-10-07,1,0,4,1,2018,0.469683086048108,1
2018-10-08,1,1,4,1,2018,0.7710959922541273,1
2018-10-09,0,1,5,2,2018,0.8395658684290646,1
2018-10-10,1,0,4,2,2018,0.5541571532992617,1
2018-10-11,0,1,4,2,2018,0.6699282748325083,1
2018-10-12,1,0,3,1,2018,0.5057614200897806,1
2018-10-13,0,1,4,2,2018,0.670905532934689,1
2018-10-14,1,0,4,1,2018,0.5238225161451804,1
2018-10-15,1,1,4,2,2018,0.793598699478957,1
2018-10-16,1,1,4,2,2018,0.7661900801793468,1
2018-10-17,1,1,5,3,2018,0.8439880475766129,1
2018-10-18,0,1,5,3,2018,0.7257480011000903,1
2018-10-19,0,0,5,2,2018,0.5587018151582753,1
2018-10-20,1,0,4,1,2018,0.40762155428659297,1
2018-10-21,1,1,5,1,2018,0.6967497586287589,1
2018-10-22,0,1,5,2,2018,0.7218450317974439,1
2018-10-23,0,0,4,2,2018,0.48465187392763326,1
2018-10-24,0,0,3,1,2018,0.3828349535789916,0
2018-10-25,0,0,2,0,2018,0.32426013414868354,0
2018-10-26,0,0,2,0,2018,0.2918797600434445,0
2018-10-27,1,0,2,0,2018,0.28326135053129303,0
2018-10-28,0,1,2,1,2018,0.619433311428015,1
2018-10-29,0,0,1,1,2018,0.3018833533938038,0
2018-10-30,0,0,1,1,2018,0.24900825780859207,0
2018-10-31,0,0,1,0,2018,0.22013118866511086,0
2018-11-01,0,0,1,0,2018,0.17517677269161394,0
2018-11-02,0,0,1,0,2018,0.20300958072974032,0
2018-11-03,0,0,1,0,2018,0.16499401774040215,0
2018-11-04,1,0,0,0,2018,0.13083951318092826,0
2018-11-05,0,1,1,1,2018,0.32507426321212207,0
2018-11-06,1,0,1,1,2018,0.1978757414704574,0
2018-11-07,0,1,2,2,2018,0.4975413248038528,1
2018-11-08,0,0,2,1,2018,0.2270515809351538,0
2018-11-09,0,0,2,1,2018,0.22115846418093865,0
2018-11-10,0,0,2,0,2018,0.186246896890086,0
2018-11-11,1,0,2,0,2018,0.17352901236410495,0
2018-11-12,0,1,2,1,2018,0.3002646140224267,0
2018-11-13,0,0,2,1,2018,0.297795668832221,0
2018-11-14,0,0,1,1,2018,0.16521931696765688,0
2018-11-15,0,0,1,0,2018,0.13319286567391972,0
2018-11-16,0,0,1,0,2018,0.13496668260462477,0
2018-11-17,1,0,1,0,2018,0.12656597732914188,0
2018-11-18,1,1,2,1,2018,0.2347395424329942,0
2018-11-19,0,1,2,2,2018,0.32001342870429245,0
2018-11-20,0,0,2,2,2018,0.1612944522073196,0
2018-11-21,0,0,2,1,2018,0.12012679472326522,0
2018-11-23,0,0,2,0,2018,0.10627960964748988,0
2018-11-24,0,0,2,0,2018,0.11923837882689373,0
2018-11-25,0,0,1,0,2018,0.09766204878461202,0
2018-11-26,0,0,0,0,2018,0.09012117061053361,0
2018-11-27,0,0,0,0,2018,0.07094599239314985,0
2018-11-28,0,0,0,0,2018,0.06882189625294304,0
2018-12-01,0,0,0,0,2018,0.06495907513466814,0
2018-12-02,0,0,0,0,2018,0.07439619424106492,0
2018-12-03,0,0,0,0,2018,0.061316967134140365,0
2018-12-04,0,0,0,0,2018,0.07213269075914833,0
2018-12-05,0,0,0,0,2018,0.06079058055450495,0
2018-12-07,0,0,0,0,2018,0.05581930239017293,0
2018-12-08,0,0,0,0,2018,0.05387308171541729,0
2018-12-09,0,0,0,0,2018,0.05457944312435557,0
2018-12-10,0,0,0,0,2018,0.05855967933344507,0
2018-12-11,0,0,0,0,2018,0.05167170007588737,0
2018-12-12,0,0,0,0,2018,0.04948078540973981,0
2018-12-13,0,0,0,0,2018,0.05009297917843504,0
2018-12-14,0,0,0,0,2018,0.0508199262142234,0
2018-12-15,0,0,0,0,2018,0.05060749867671627,0
2018-12-16,0,0,0,0,2018,0.0487033975083543,0
2018-12-17,0,0,0,0,2018,0.04307608971839371,0
2018-12-18,0,0,0,0,2018,0.04671188883433701,0
2018-12-19,0,0,0,0,2018,0.04178200938461795,0
2018-12-20,0,0,0,0,2018,0.0401662875900504,0
2018-12-21,0,0,0,0,2018,0.03847395361339687,0
2018-12-22,0,0,0,0,2018,0.040652781904330776,0
2018-12-23,1,0,0,0,2018,0.040726430961048866,0
2018-12-24,0,1,1,1,2018,0.11750488809916175,0
2018-12-26,0,0,1,1,2018,0.06277766290385318,0
2018-12-27,0,0,1,0,2018,0.059131677821804174,0
2018-12-28,0,0,1,0,2018,0.06435848970932745,0
2018-12-29,0,0,1,0,2018,0.06392385934847507,0
2018-12-30,0,0,1,0,2018,0.05215166957685177,0
2018-12-31,0,0,0,0,2018,0.051869254647266855,0
2019-01-01,0,0,0,0,2019,0.04970823471914925,0
2019-01-02,0,0,0,0,2019,0.05154730994569659,0
2019-01-03,0,0,0,0,2019,0.049896971710557625,0
2019-01-04,0,0,0,0,2019,0.05041129057585173,0
2019-01-05,0,0,0,0,2019,0.0434758221445196,0
2019-01-06,0,0,0,0,2019,0.045293079073444625,0
2019-01-07,0,0,0,0,2019,0.042306628365057296,0
2019-01-08,0,0,0,0,2019,0.0414847131024565,0
2019-01-09,0,0,0,0,2019,0.04533691644103158,0
2019-01-10,0,0,0,0,2019,0.04063910501439158,0
2019-01-11,0,0,0,0,2019,0.038709717020884396,0
2019-01-12,0,0,0,0,2019,0.04458858349149023,0
2019-01-13,0,0,0,0,2019,0.0389043933472661,0
2019-01-15,0,0,0,0,2019,0.039115925001317275,0
2019-01-16,0,0,0,0,2019,0.03841743949929104,0
2019-01-17,0,0,0,0,2019,0.03755809285668419,0
2019-01-18,0,0,0,0,2019,0.050896464289871546,0
2019-01-19,0,0,0,0,2019,0.03632653763052037,0
2019-01-20,0,0,0,0,2019,0.03615816763618916,0
2019-01-21,0,0,0,0,2019,0.03530631062762953,0
2019-01-22,0,0,0,0,2019,0.03493253886806054,0
2019-01-23,0,0,0,0,2019,0.033810719395779475,0
2019-01-24,0,0,0,0,2019,0.03356004470059617,0
2019-01-25,1,0,0,0,2019,0.03306383823788,0
2019-01-26,0,1,1,1,2019,0.09628702636910541,0
2019-01-27,0,0,1,1,2019,0.05359893104039844,0
2019-01-28,0,0,1,1,2019,0.04546712936549752,0
2019-01-29,0,0,1,0,2019,0.04471761420070603,0
2019-01-30,0,0,1,0,2019,0.043363472796079626,0
2019-01-31,0,0,1,0,2019,0.042560540164031976,0
2019-02-01,0,0,1,0,2019,0.041705061530116536,0
2019-02-03,0,0,0,0,2019,0.03805517453442255,0
2019-02-04,0,0,0,0,2019,0.03786728371123144,0
2019-02-06,0,0,0,0,2019,0.03741443587210492,0
2019-02-07,0,0,0,0,2019,0.03713673603006341,0
2019-02-08,0,0,0,0,2019,0.036936284250817325,0
2019-02-09,0,0,0,0,2019,0.03679704305105274,0
2019-02-10,0,0,0,0,2019,0.03697283888742478,0
2019-02-11,0,0,0,0,2019,0.036860061398699816,0
2019-02-12,0,0,0,0,2019,0.03667727337892793,0
2019-02-15,0,0,0,0,2019,0.036534994510712494,0
2019-02-16,0,0,0,0,2019,0.03652358880292618,0
2019-02-17,0,0,0,0,2019,0.03641306724609871,0
2019-02-18,0,0,0,0,2019,0.03631869279124917,0
2019-02-19,0,0,0,0,2019,0.03602534501349197,0
2019-02-20,0,0,0,0,2019,0.0359365906981116,0
2019-02-22,0,0,0,0,2019,0.03511063499042805,0
2019-02-23,0,0,0,0,2019,0.03502973318343479,0
2019-02-24,0,0,0,0,2019,0.034940180231526785,0
2019-02-25,0,0,0,0,2019,0.03392964027915724,0
2019-02-26,0,0,0,0,2019,0.0338573241577328,0
2019-02-27,0,0,0,0,2019,0.03378705914367628,0
2019-02-28,0,0,0,0,2019,0.03371269587283195,0
2019-03-01,0,0,0,0,2019,0.03296044028867548,0
2019-03-02,0,0,0,0,2019,0.032989730149575625,0
2019-03-03,0,0,0,0,2019,0.03301518480151221,0
2019-03-04,0,0,0,0,2019,0.03286115997433248,0
2019-03-05,0,0,0,0,2019,0.032802322035111346,0
2019-03-06,0,0,0,0,2019,0.0328381350449706,0
2019-03-07,0,0,0,0,2019,0.032964104032016224,0
2019-03-08,0,0,0,0,2019,0.055223118538936876,0
2019-03-09,0,0,0,0,2019,0.0421083655654945,0
2019-03-10,0,0,0,0,2019,0.042279485581787006,0
2019-03-11,0,0,0,0,2019,0.04301231143520696,0
2019-03-12,0,0,0,0,2019,0.04619180208892131,0
2019-03-13,0,0,0,0,2019,0.04335038183352619,0
2019-03-14,0,0,0,0,2019,0.04339414019260506,0
2019-03-15,0,0,0,0,2019,0.04349031486078304,0
2019-03-16,0,0,0,0,2019,0.03831584340168553,0
2019-03-17,0,0,0,0,2019,0.05586860843879107,0
2019-03-18,0,0,0,0,2019,0.04246965602638314,0
2019-03-19,0,0,0,0,2019,0.0445958632284654,0
2019-03-20,0,0,0,0,2019,0.04001401946741868,0
2019-03-21,0,0,0,0,2019,0.04007322275963126,0
2019-03-22,0,0,0,0,2019,0.040133598260680796,0
2019-03-23,0,0,0,0,2019,0.04008808647611715,0
2019-03-24,0,0,0,0,2019,0.038490941791023116,0
2019-03-25,0,0,0,0,2019,0.03865411088857238,0
2019-03-26,0,0,0,0,2019,0.03871610016582348,0
2019-03-27,0,0,0,0,2019,0.03835307854553962,0
2019-03-28,0,0,0,0,2019,0.038421983615181454,0
2019-03-29,0,0,0,0,2019,0.03848485045270779,0
2019-03-30,0,0,0,0,2019,0.03864862272817756,0
2019-03-31,0,0,0,0,2019,0.038913291714458106,0
2019-04-01,0,0,0,0,2019,0.03607212653888241,0
2019-04-02,0,0,0,0,2019,0.03522343590692877,0
2019-04-03,0,0,0,0,2019,0.035333781875574205,0
2019-04-04,0,0,0,0,2019,0.03534370671853121,0
2019-04-05,0,0,0,0,2019,0.035445553053541405,0
2019-04-06,0,0,0,0,2019,0.03555499146062485,0
2019-04-07,0,0,0,0,2019,0.03421833276643876,0
2019-04-08,0,0,0,0,2019,0.03424846483143734,0
2019-04-09,0,0,0,0,2019,0.036946994352767354,0
2019-04-10,0,0,0,0,2019,0.03501767123044451,0
2019-04-11,0,0,0,0,2019,0.03532118242126163,0
2019-04-12,0,0,0,0,2019,0.05538391370767218,0
2019-04-13,0,0,0,0,2019,0.04537373834228304,0
2019-04-14,0,0,0,0,2019,0.04288288320088448,0
2019-04-15,0,0,0,0,2019,0.03930097533498811,0
2019-04-16,0,0,0,0,2019,0.05797369969831147,0
2019-04-17,0,0,0,0,2019,0.04415275975476906,0
2019-04-18,0,0,0,0,2019,0.07458558368605496,0
2019-04-19,1,0,0,0,2019,0.054357223259159815,0
2019-04-20,0,1,1,1,2019,0.3154529266540156,0
2019-04-21,0,0,1,1,2019,0.15509875577759974,0
2019-04-22,0,0,1,1,2019,0.13171210835958555,0
2019-04-23,0,0,1,0,2019,0.09193738481146596,0
2019-04-24,1,0,1,0,2019,0.09592495614780536,0
2019-04-25,0,1,2,1,2019,0.19016772413036462,0
2019-04-26,0,0,2,1,2019,0.10751331467363122,0
2019-04-27,0,0,1,1,2019,0.08220313141738392,0
2019-04-28,0,0,1,0,2019,0.08032099983040594,0
2019-04-29,0,0,1,0,2019,0.07770719726416392,0
2019-04-30,1,0,1,0,2019,0.07459563324762668,0
2019-05-01,0,1,2,1,2019,0.3480053066245485,0
2019-05-02,1,0,1,1,2019,0.09813420848868637,0
2019-05-03,0,1,2,2,2019,0.2923079324152687,0
2019-05-04,0,0,2,1,2019,0.11833700435721486,0
2019-05-05,0,0,2,1,2019,0.10581272013650621,0
2019-05-06,1,0,2,0,2019,0.10066557958255956,0
2019-05-07,1,1,3,1,2019,0.315885102068979,0
2019-05-08,1,1,3,2,2019,0.4286880564130008,1
2019-05-09,1,1,4,3,2019,0.4330198127591744,1
2019-05-10,1,1,4,3,2019,0.6463074922838192,1
2019-05-11,1,1,5,3,2019,0.6677443160442572,1
2019-05-12,1,1,6,3,2019,0.591265141316504,1
2019-05-13,1,1,7,3,2019,0.6433694918724933,1
2019-05-14,1,1,7,3,2019,0.5668864422140576,1
2019-05-15,0,1,7,3,2019,0.5184232191851824,1
2019-05-16,0,0,6,2,2019,0.2797132723813533,0
2019-05-17,0,0,5,1,2019,0.22332460280815478,0
2019-05-18,0,0,4,0,2019,0.20031843125085852,0
2019-05-19,0,0,3,0,2019,0.16615726270222422,0
2019-05-20,0,0,2,0,2019,0.21005694755298132,0
2019-05-23,0,0,0,0,2019,0.12238348192552316,0
2019-05-24,1,0,0,0,2019,0.11906005925901943,0
2019-05-25,0,1,1,1,2019,0.26127041316769234,0
2019-05-26,0,0,1,1,2019,0.1574175763143296,0
2019-05-27,0,0,1,1,2019,0.14156115872738,0
2019-05-28,0,0,1,0,2019,0.132960285879648,0
2019-05-29,0,0,1,0,2019,0.12912643945042782,0
2019-05-30,0,0,1,0,2019,0.12970514163422464,0
2019-05-31,0,0,1,0,2019,0.13061410104382518,0
2019-06-01,0,0,0,0,2019,0.12209185022599131,0
2019-06-02,0,0,0,0,2019,0.11613857593764404,0
2019-06-03,0,0,0,0,2019,0.1148430489577487,0
2019-06-04,0,0,0,0,2019,0.11417261789133733,0
2019-06-05,0,0,0,0,2019,0.12041493498222933,0
2019-06-06,0,0,0,0,2019,0.11455639635223544,0
2019-06-07,1,0,0,0,2019,0.10618514717899524,0
2019-06-08,0,1,1,1,2019,0.3507865031225087,0
2019-06-09,1,0,1,1,2019,0.14370787948718086,0
2019-06-10,1,1,2,2,2019,0.4212900305316608,1
2019-06-11,1,1,3,2,2019,0.4927275540642518,1
2019-06-12,1,1,4,3,2019,0.6052960710554912,1
2019-06-13,0,1,5,3,2019,0.4763533270809463,1
2019-06-14,1,0,5,2,2019,0.27357823195153996,0
2019-06-15,0,1,5,2,2019,0.4450317897176286,1
2019-06-16,0,0,5,1,2019,0.32880863692295925,0
2019-06-17,0,0,4,1,2019,0.2489666083412386,0
2019-06-18,0,0,3,0,2019,0.21167711082891807,0
2019-06-19,0,0,2,0,2019,0.1806539269255324,0
2019-06-20,0,0,1,0,2019,0.18054975694093284,0
2019-06-21,0,0,1,0,2019,0.16274917463966554,0
2019-06-22,0,0,0,0,2019,0.13975207067340795,0
2019-06-23,0,0,0,0,2019,0.1427751362806271,0
2019-06-24,0,0,0,0,2019,0.1360782521611916,0
2019-06-25,0,0,0,0,2019,0.1297920986898195,0
2019-06-26,1,0,0,0,2019,0.1324864996637877,0
2019-06-27,0,1,1,1,2019,0.3336899909366632,0
2019-06-28,0,0,1,1,2019,0.18498749422015864,0
2019-06-29,0,0,1,1,2019,0.15913026858156773,0
2019-06-30,0,0,1,0,2019,0.14762306780841855,0
2019-07-01,0,0,1,0,2019,0.1966830153878909,0
2019-07-02,0,0,1,0,2019,0.16175645129829808,0
2019-07-03,0,0,1,0,2019,0.1587470061780879,0
2019-07-04,0,0,0,0,2019,0.1397427424382357,0
2019-07-05,0,0,0,0,2019,0.13929976527695392,0
2019-07-06,0,0,0,0,2019,0.12870478292765114,0
2019-07-07,0,0,0,0,2019,0.12998656353624377,0
2019-07-08,0,0,0,0,2019,0.12669987254290352,0
2019-07-09,0,0,0,0,2019,0.13241716770226003,0
2019-07-10,0,0,0,0,2019,0.1225045013293086,0
2019-07-11,0,0,0,0,2019,0.17868933654650102,0
2019-07-12,0,0,0,0,2019,0.12405630228034215,0
2019-07-13,1,0,0,0,2019,0.13632868265132295,0
2019-07-14,0,1,1,1,2019,0.2446130048417036,0
2019-07-15,0,0,1,1,2019,0.23853185746412742,0
2019-07-16,0,0,1,1,2019,0.14836036261499821,0
2019-07-17,0,0,1,0,2019,0.17773046363512085,0
2019-07-18,1,0,1,0,2019,0.1510758156976186,0
2019-07-19,0,1,2,1,2019,0.4237359767096298,1
2019-07-20,0,0,2,1,2019,0.18186277742884663,0
2019-07-21,1,0,1,1,2019,0.14852072026248905,0
2019-07-22,1,1,2,1,2019,0.30350018975021537,0
2019-07-23,0,1,3,2,2019,0.397552395779606,0
2019-07-24,0,0,3,2,2019,0.2260427574225138,0
2019-07-25,1,0,3,1,2019,0.18342058371552825,0
2019-07-26,0,1,3,1,2019,0.442521466496722,1
2019-07-27,1,0,3,1,2019,0.22365815773268136,0
2019-07-28,0,1,4,2,2019,0.4414010241177352,1
2019-07-29,0,0,3,1,2019,0.2621967956344065,0
2019-07-30,0,0,2,1,2019,0.21106919169942626,0
2019-07-31,0,0,2,0,2019,0.16442727513358524,0
2019-08-01,0,0,2,0,2019,0.16218456482776256,0
2019-08-02,0,0,1,0,2019,0.14071406137227485,0
2019-08-03,1,0,1,0,2019,0.18063390577425376,0
2019-08-04,0,1,1,1,2019,0.33150519006692536,0
2019-08-05,0,0,1,1,2019,0.2325327288513226,0
2019-08-06,0,0,1,1,2019,0.1753404904818348,0
2019-08-07,0,0,1,0,2019,0.14679159099345918,0
2019-08-08,1,0,1,0,2019,0.14185096808364986,0
2019-08-09,0,1,2,1,2019,0.285039574119099,0
2019-08-10,1,0,2,1,2019,0.2067569277058065,0
2019-08-11,0,1,2,2,2019,0.39868090427280023,0
2019-08-12,0,0,2,1,2019,0.2550925740924874,0
2019-08-13,1,0,2,1,2019,0.17587920932666332,0
2019-08-14,0,1,3,1,2019,0.3932485662370845,0
2019-08-15,1,0,3,1,2019,0.21527702609567198,0
2019-08-16,0,1,3,2,2019,0.32718999369295126,0
2019-08-17,0,0,3,1,2019,0.2352685366061366,0
2019-08-18,1,0,2,1,2019,0.16909519943509732,0
2019-08-19,1,1,3,1,2019,0.3857054545309594,0
2019-08-20,0,1,4,2,2019,0.5565542870096645,1
2019-08-21,0,0,3,2,2019,0.25062854648116784,0
2019-08-22,0,0,3,1,2019,0.18520312686692228,0
2019-08-23,0,0,2,0,2019,0.1796253357993796,0
2019-08-24,1,0,2,0,2019,0.22468905727330785,0
2019-08-25,0,1,3,1,2019,0.3601828737352627,0
2019-08-26,0,0,2,1,2019,0.22675803891305493,0
2019-08-27,0,0,1,1,2019,0.15905123721872458,0
2019-08-28,0,0,1,0,2019,0.1486813578299941,0
2019-08-29,1,0,1,0,2019,0.15338455363396997,0
2019-08-30,0,1,2,1,2019,0.30684766990266177,0
2019-08-31,0,0,2,1,2019,0.20734452342900064,0
2019-09-01,0,0,1,1,2019,0.17048017692226727,0
2019-09-02,0,0,1,0,2019,0.1521654770532422,0
2019-09-03,0,0,1,0,2019,0.15027963314160342,0
2019-09-04,0,0,1,0,2019,0.14248903286672776,0
2019-09-05,0,0,1,0,2019,0.13772846455884924,0
2019-09-06,1,0,0,0,2019,0.13310515188543504,0
2019-09-07,1,1,1,1,2019,0.28021464058626094,0
2019-09-08,0,1,2,2,2019,0.36321561636586663,0
2019-09-09,0,0,2,2,2019,0.2974138622126221,0
2019-09-10,0,0,2,1,2019,0.190344926236751,0
2019-09-11,1,0,2,0,2019,0.17671908263857447,0
2019-09-12,1,1,3,1,2019,0.35629309578527096,0
2019-09-13,1,1,4,2,2019,0.429221050870097,1
2019-09-14,1,1,4,3,2019,0.5821662186346326,1
2019-09-15,0,1,4,3,2019,0.5875406295536478,1
2019-09-16,0,0,4,2,2019,0.36787541246186817,0
2019-09-17,1,0,4,1,2019,0.2928331628075216,0
2019-09-18,0,1,5,1,2019,0.4344899530985971,1
2019-09-19,1,0,4,1,2019,0.27548287416154676,0
2019-09-20,0,1,4,2,2019,0.3798662024540559,0
2019-09-21,0,0,3,1,2019,0.25520779154957135,0
2019-09-22,0,0,2,1,2019,0.18806865430039418,0
2019-09-23,0,0,2,0,2019,0.17198738143690134,0
2019-09-24,0,0,2,0,2019,0.151196574092153,0
2019-09-25,0,0,1,0,2019,0.1361114677934197,0
2019-09-26,0,0,1,0,2019,0.13002511965469488,0
2019-09-27,0,0,0,0,2019,0.1181093148806389,0
2019-09-28,0,0,0,0,2019,0.11551591245901524,0
2019-09-29,0,0,0,0,2019,0.10914865068716234,0
2019-09-30,0,0,0,0,2019,0.11202273512839409,0
2019-10-01,0,0,0,0,2019,0.10688428869514664,0
2019-10-02,1,0,0,0,2019,0.10528663152803192,0
2019-10-03,0,1,1,1,2019,0.24273467561011663,0
2019-10-04,0,0,1,1,2019,0.15108726740974465,0
2019-10-05,0,0,1,1,2019,0.12560258776875183,0
2019-10-06,0,0,1,0,2019,0.13226246334799224,0
2019-10-07,0,0,1,0,2019,0.1181159107529603,0
2019-10-08,0,0,1,0,2019,0.11098587873418915,0
2019-10-09,0,0,1,0,2019,0.10942011371638558,0
2019-10-10,0,0,0,0,2019,0.09642318035197232,0
2019-10-11,0,0,0,0,2019,0.09435734598250389,0
2019-10-12,0,0,0,0,2019,0.09093699813131198,0
2019-10-13,0,0,0,0,2019,0.08561290206817712,0
2019-10-14,0,0,0,0,2019,0.0824213248592075,0
2019-10-15,0,0,0,0,2019,0.07912783269096006,0
2019-10-16,0,0,0,0,2019,0.07532814579695687,0
2019-10-17,0,0,0,0,2019,0.07012442566808146,0
2019-10-18,0,0,0,0,2019,0.06632691336045606,0
2019-10-19,0,0,0,0,2019,0.068900816632998,0
2019-10-20,0,0,0,0,2019,0.07158283296896467,0
2019-10-21,0,0,0,0,2019,0.06288638791446238,0
2019-10-22,0,0,0,0,2019,0.062292936090231066,0
2019-10-23,0,0,0,0,2019,0.06105995871439161,0
2019-10-24,0,0,0,0,2019,0.05880213344162946,0
2019-10-25,0,0,0,0,2019,0.057818654637454794,0
2019-10-26,0,0,0,0,2019,0.056319752431029796,0
2019-10-27,0,0,0,0,2019,0.05464617141561801,0
2019-10-28,0,0,0,0,2019,0.053701789205758695,0
2019-10-29,0,0,0,0,2019,0.05246285266012623,0
2019-10-30,0,0,0,0,2019,0.05183408780596943,0
2019-10-31,0,0,0,0,2019,0.055056189508276544,0
2019-11-01,0,0,0,0,2019,0.04837051666559042,0
2019-11-02,0,0,0,0,2019,0.04633435919485636,0
2019-11-03,0,0,0,0,2019,0.04577195733712063,0
2019-11-04,0,0,0,0,2019,0.04498878862158571,0
2019-11-05,0,0,0,0,2019,0.04413012504549055,0
2019-11-06,0,0,0,0,2019,0.043039141193547396,0
2019-11-07,0,0,0,0,2019,0.04637850560247701,0
2019-11-08,1,0,0,0,2019,0.041197892034354,0
2019-11-09,1,1,1,1,2019,0.11501976359735842,0
2019-11-10,0,1,2,2,2019,0.15980856649745928,0
2019-11-11,0,0,2,2,2019,0.09051935452767214,0
2019-11-12,0,0,2,1,2019,0.06632350837498875,0
2019-11-13,0,0,2,0,2019,0.06295552146021953,0
2019-11-14,0,0,2,0,2019,0.05858506542686088,0
2019-11-15,0,0,2,0,2019,0.056551574190253605,0
2019-11-16,0,0,1,0,2019,0.05363203138365586,0
2019-11-17,1,0,0,0,2019,0.08523510606740844,0
2019-11-18,0,1,1,1,2019,0.14820460033502508,0
2019-11-19,0,0,1,1,2019,0.09010188215577829,0
2019-11-22,0,0,1,0,2019,0.06332681958608034,0
2019-11-23,0,0,1,0,2019,0.05963333369292182,0
2019-11-24,0,0,1,0,2019,0.08647803332155393,0
2019-11-25,0,0,0,0,2019,0.06476353925811425,0
2019-11-26,1,0,0,0,2019,0.059360714807365454,0
2019-12-06,1,0,0,0,2019,0.05299085159089763,0
2019-12-07,0,1,1,1,2019,0.16141347686542976,0
2019-12-08,0,0,1,1,2019,0.07847933380444755,0
2019-12-09,0,0,1,1,2019,0.062218597792218513,0
2019-12-10,0,0,1,0,2019,0.059519174607771924,0
2019-12-11,1,0,1,0,2019,0.0575646680797943,0
2019-12-12,1,1,2,1,2019,0.39938242261325296,0
2019-12-13,1,1,3,2,2019,0.6009188386149951,1
2019-12-14,0,1,3,3,2019,0.3767107326756854,0
2019-12-15,0,0,3,2,2019,0.13157391932688364,0
2019-12-16,0,0,3,1,2019,0.13171458518884463,0
2019-12-17,0,0,3,0,2019,0.08695293872166797,0
2019-12-18,1,0,3,0,2019,0.09173711417002499,0
2019-12-19,0,1,3,1,2019,0.3075226616851375,0
2019-12-20,0,0,2,1,2019,0.10422431502717788,0
2019-12-21,0,0,1,1,2019,0.07211564048103793,0
2019-12-22,0,0,1,0,2019,0.0644555497020661,0
2019-12-23,0,0,1,0,2019,0.06109022361354638,0
2019-12-24,0,0,1,0,2019,0.05600925742975613,0
2019-12-26,0,0,0,0,2019,0.04913328021831478,0
2019-12-27,0,0,0,0,2019,0.04705714512842969,0
2019-12-28,1,0,0,0,2019,0.04681368921091575,0
2019-12-29,0,1,1,1,2019,0.24383546441564743,0
2019-12-30,0,0,1,1,2019,0.09512907020341584,0
2019-12-31,0,0,1,1,2019,0.07872444010538607,0
2020-01-01,0,0,1,0,2020,0.06657331343661921,0
2020-01-02,0,0,1,0,2020,0.06327334675111453,0
2020-01-03,0,0,1,0,2020,0.061020077561409584,0
2020-01-04,0,0,1,0,2020,0.05973326052564931,0
2020-01-05,0,0,0,0,2020,0.0540134191677264,0
2020-01-06,0,0,0,0,2020,0.05174799641741521,0
2020-01-07,0,0,0,0,2020,0.051030010908014595,0
2020-01-08,0,0,0,0,2020,0.049283952785073144,0
2020-01-10,0,0,0,0,2020,0.04775844569047428,0
2020-01-11,0,0,0,0,2020,0.04618297055439799,0
2020-01-12,0,0,0,0,2020,0.044439914104321784,0
2020-01-13,0,0,0,0,2020,0.04290595368873591,0
2020-01-14,0,0,0,0,2020,0.04252750551381515,0
2020-01-16,0,0,0,0,2020,0.04182220803918801,0
2020-01-17,0,0,0,0,2020,0.040965940007102346,0
2020-01-18,0,0,0,0,2020,0.03959684104227854,0
2020-01-19,0,0,0,0,2020,0.03950042896685663,0
2020-01-20,0,0,0,0,2020,0.03935006435535775,0
2020-01-21,0,0,0,0,2020,0.039074817680498565,0
2020-01-22,0,0,0,0,2020,0.0386385855030572,0
2020-01-23,0,0,0,0,2020,0.038357277744877176,0
2020-01-24,0,0,0,0,2020,0.038051333892320884,0
2020-01-25,0,0,0,0,2020,0.03799994518610396,0
2020-01-26,0,0,0,0,2020,0.03740254633719896,0
2020-01-27,0,0,0,0,2020,0.03728871014474636,0
2020-01-28,0,0,0,0,2020,0.035535420080818024,0
2020-01-29,0,0,0,0,2020,0.03505777201646489,0
2020-01-30,0,0,0,0,2020,0.034741249369358955,0
2020-01-31,0,0,0,0,2020,0.034544954126408074,0
2020-02-01,0,0,0,0,2020,0.0336145366258434,0
2020-02-02,0,0,0,0,2020,0.03341640807319803,0
2020-02-03,0,0,0,0,2020,0.033187600170695594,0
2020-02-05,0,0,0,0,2020,0.03257748074568197,0
2020-02-06,0,0,0,0,2020,0.03239599190439541,0
2020-02-07,0,0,0,0,2020,0.032192371873358334,0
2020-02-08,0,0,0,0,2020,0.032006562172960294,0
2020-02-09,0,0,0,0,2020,0.03191569129828287,0
2020-02-10,0,0,0,0,2020,0.031475284828438116,0
2020-02-11,0,0,0,0,2020,0.03087945616832608,0
2020-02-13,0,0,0,0,2020,0.03011823272370765,0
2020-02-14,0,0,0,0,2020,0.029979658310167634,0
2020-02-15,1,0,0,0,2020,0.029909335180185077,0
2020-02-16,0,1,1,1,2020,0.09200131785733925,0
2020-02-17,0,0,1,1,2020,0.05859204950714211,0
2020-02-18,0,0,1,1,2020,0.04550630766974078,0
2020-02-19,0,0,1,0,2020,0.04523772887930248,0
2020-02-20,0,0,1,0,2020,0.04393995512792369,0
2020-02-21,0,0,1,0,2020,0.04297774045758298,0
2020-02-22,0,0,1,0,2020,0.046452322791753764,0
2020-02-23,0,0,0,0,2020,0.038992782759392185,0
2020-02-24,0,0,0,0,2020,0.038075741638120254,0
2020-02-25,0,0,0,0,2020,0.037702763670946,0
2020-02-26,1,0,0,0,2020,0.037468134031402554,0
2020-02-27,0,1,1,1,2020,0.11792153802321938,0
2020-02-28,0,0,1,1,2020,0.06691659721349577,0
2020-02-29,0,0,1,1,2020,0.04599333537593423,0
2020-03-01,0,0,1,0,2020,0.04679804478587999,0
2020-03-02,0,0,1,0,2020,0.0458915362925428,0
2020-03-03,0,0,1,0,2020,0.0448938437727454,0
2020-03-04,0,0,1,0,2020,0.04424130164878845,0
2020-03-05,0,0,0,0,2020,0.040336000649399725,0
2020-03-06,0,0,0,0,2020,0.039727147756432296,0
2020-03-07,0,0,0,0,2020,0.03957246085498595,0
2020-03-08,0,0,0,0,2020,0.03956861756235766,0
2020-03-09,0,0,0,0,2020,0.03960319323953185,0
2020-03-11,0,0,0,0,2020,0.03955347693506628,0
2020-03-12,0,0,0,0,2020,0.039215101190026906,0
2020-03-13,0,0,0,0,2020,0.039224182458107285,0
2020-03-14,0,0,0,0,2020,0.03933225115871254,0
2020-03-15,0,0,0,0,2020,0.05498214656042117,0
2020-03-16,0,0,0,0,2020,0.04376499343645346,0
2020-03-17,0,0,0,0,2020,0.042845333874520636,0
2020-06-13,1,0,2,1,2020,0.23362135767503553,0
2020-06-14,1,1,3,2,2020,0.35962420824878655,0
2020-06-15,1,1,4,2,2020,0.5916633904342836,1
2020-06-16,0,1,5,3,2020,0.6310328531901348,1
2020-06-17,1,0,4,2,2020,0.4260389254665459,1
2020-06-18,0,1,5,2,2020,0.5574034555913822,1
2020-06-19,1,0,4,1,2020,0.39716805057353216,0
2020-06-20,0,1,5,2,2020,0.5664193646899017,1
2020-06-21,0,0,4,1,2020,0.44804396581058775,1
2020-06-22,0,0,3,1,2020,0.2857625381119589,0
2020-06-23,1,0,2,0,2020,0.29867805886056364,0
2020-06-24,1,1,3,1,2020,0.5068454688338554,1
2020-06-25,1,1,3,2,2020,0.5817324731012096,1
2020-06-26,1,1,4,3,2020,0.6472643667712868,1
2020-06-27,0,1,4,3,2020,0.5214531675372662,1
2020-06-28,0,0,4,2,2020,0.32539794552358814,0
2020-06-29,0,0,4,1,2020,0.3236554411212468,0
2020-06-30,0,0,4,0,2020,0.3271613848984393,0
2020-07-01,0,0,3,0,2020,0.2575735543594441,0
2020-07-02,0,0,2,0,2020,0.2417248083104215,0
2020-07-03,1,0,1,0,2020,0.2055251958262421,0
2020-07-04,1,1,1,1,2020,0.33766882572992785,0
2020-07-05,1,1,2,2,2020,0.42865196604090894,1
2020-07-06,0,1,3,3,2020,0.49920327833310113,1
2020-07-07,0,0,3,2,2020,0.3165699531047828,0
2020-07-08,0,0,3,1,2020,0.2926948843689187,0
2020-07-09,0,0,3,0,2020,0.25744045980484703,0
2020-07-10,0,0,3,0,2020,0.2690486009748886,0
2020-07-11,0,0,2,0,2020,0.23658210242034086,0
2020-07-12,1,0,1,0,2020,0.20725715263450595,0
2020-07-13,0,1,1,1,2020,0.43579997179735935,1
2020-07-14,0,0,1,1,2020,0.3168220018694314,0
2020-07-15,0,0,1,1,2020,0.2635180810892121,0
2020-07-16,0,0,1,0,2020,0.23087633786034356,0
2020-07-17,0,0,1,0,2020,0.20886890253901694,0
2020-07-18,0,0,1,0,2020,0.2188949241907422,0
2020-07-19,0,0,1,0,2020,0.19807165406414867,0
2020-07-20,0,0,0,0,2020,0.17965893334706012,0
2020-07-21,0,0,0,0,2020,0.20294401768220105,0
2020-07-22,0,0,0,0,2020,0.15857052205949998,0
2020-07-23,0,0,0,0,2020,0.16161108452956544,0
2020-07-24,0,0,0,0,2020,0.14637488611348523,0
2020-07-25,0,0,0,0,2020,0.13244432645250703,0
2020-07-26,0,0,0,0,2020,0.1446946943198571,0
2020-07-27,1,0,0,0,2020,0.12913754449518183,0
2020-07-28,0,1,1,1,2020,0.2716190032229976,0
2020-07-29,0,0,1,1,2020,0.18131823966156893,0
2020-07-30,0,0,1,1,2020,0.14542968849332372,0
2020-07-31,0,0,1,0,2020,0.14513429404120004,0
2020-08-01,0,0,1,0,2020,0.13603210417183415,0
2020-08-02,1,0,1,0,2020,0.13070569351963432,0
2020-08-03,0,1,2,1,2020,0.2804366408931558,0
2020-08-04,0,0,1,1,2020,0.17379527090040336,0
2020-08-05,1,0,1,1,2020,0.1302181260722373,0
2020-08-06,0,1,2,1,2020,0.2684526714084497,0
2020-08-07,1,0,2,1,2020,0.1805115202175003,0
2020-08-08,0,1,3,2,2020,0.32655016760358685,0
2020-08-09,1,0,3,1,2020,0.22118660691016073,0
2020-08-10,0,1,3,2,2020,0.3510418368532588,0
2020-08-11,0,0,3,1,2020,0.23098615506549475,0
2020-08-12,0,0,3,1,2020,0.17094886581425572,0
2020-08-13,0,0,2,0,2020,0.1571509600879035,0
2020-08-14,0,0,2,0,2020,0.17543586550315513,0
2020-08-15,0,0,1,0,2020,0.14235162970587742,0
2020-08-16,0,0,1,0,2020,0.14849009724296058,0
2020-08-17,0,0,0,0,2020,0.12801190418056654,0
2020-08-18,0,0,0,0,2020,0.20208359923305902,0
2020-08-19,1,0,0,0,2020,0.14755784756684323,0
2020-08-20,1,1,1,1,2020,0.31024305894759263,0
2020-08-21,0,1,2,2,2020,0.5532830257453498,1
2020-08-22,0,0,2,2,2020,0.2442340583702366,0
2020-08-23,0,0,2,1,2020,0.21014540570913995,0
2020-08-24,1,0,2,0,2020,0.20635887086545107,0
2020-08-25,1,1,3,1,2020,0.3795061860303973,0
2020-08-26,0,1,4,2,2020,0.6409551929849174,1
2020-08-27,1,0,3,2,2020,0.33227345232420885,0
2020-08-28,0,1,3,2,2020,0.4219298879447122,1
2020-08-29,0,0,3,1,2020,0.25423818044415103,0
2020-08-30,0,0,3,1,2020,0.20107292282390152,0
2020-08-31,0,0,3,0,2020,0.18584001601289568,0
2020-09-01,0,0,2,0,2020,0.17018069908334105,0
2020-09-02,0,0,1,0,2020,0.14516625126735908,0
2020-09-03,1,0,1,0,2020,0.13366321173652498,0
2020-09-04,1,1,1,1,2020,0.3470891635109109,0
2020-09-05,0,1,2,2,2020,0.38931722288060117,0
2020-09-06,0,0,2,2,2020,0.2484603432778425,0
2020-09-07,0,0,2,1,2020,0.16939917631108775,0
2020-09-08,0,0,2,0,2020,0.17083715351074819,0
2020-09-09,0,0,2,0,2020,0.1747787074760326,0
2020-09-10,1,0,2,0,2020,0.1778868762113535,0
2020-09-11,0,1,2,1,2020,0.3411028991290724,0
2020-09-12,0,0,1,1,2020,0.24894821308450144,0
2020-09-13,0,0,1,1,2020,0.19026424312258203,0
2020-09-14,0,0,1,0,2020,0.21914958265618395,0
2020-09-15,0,0,1,0,2020,0.22239484483197725,0
2020-09-16,1,0,1,0,2020,0.22521980295576852,0
2020-09-17,1,1,2,1,2020,0.676742518393832,1
2020-09-18,1,1,2,2,2020,0.7180545170780107,1
2020-09-19,1,1,3,3,2020,0.872404692966254,1
2020-09-20,1,1,4,3,2020,0.7771848818317234,1
2020-09-21,1,1,5,3,2020,0.7644825312346624,1
2020-09-22,1,1,6,3,2020,0.8537221400935764,1
2020-09-23,0,1,7,3,2020,0.6321151341681053,1
2020-09-24,0,0,6,2,2020,0.41488674398653397,1
2020-09-25,1,0,5,1,2020,0.24964353246392104,0
2020-09-26,0,1,5,1,2020,0.42786636460484156,1
2020-09-27,0,0,4,1,2020,0.3347679710267166,0
2020-09-28,0,0,3,1,2020,0.26368463274221027,0
2020-09-29,0,0,2,0,2020,0.24868751999369598,0
2020-09-30,1,0,1,0,2020,0.2329626458557038,0
2020-10-01,1,1,2,1,2020,0.4008153663489246,1
2020-10-02,0,1,3,2,2020,0.657270765815787,1
2020-10-03,1,0,2,2,2020,0.3421888349522032,0
2020-10-04,1,0,2,1,2020,0.27542064171890984,0
2020-10-05,1,0,3,1,2020,0.3391521431903998,0
2020-10-06,0,1,5,3,2020,0.5668783419299405,1
2020-10-07,1,0,5,2,2020,0.38771840781564726,0
2020-10-08,0,1,5,2,2020,0.49627282631396213,1
2020-10-09,1,0,4,1,2020,0.35262836296163763,0
2020-10-10,1,1,5,2,2020,0.4535136108009012,1
2020-10-11,0,1,5,2,2020,0.5525533191273949,1
2020-10-12,1,0,4,2,2020,0.33377335590826224,0
2020-10-13,1,1,4,2,2020,0.5583924289094038,1
2020-10-14,1,1,5,2,2020,0.8249029981016062,1
2020-10-15,1,1,5,3,2020,0.8044379141402658,1
2020-10-16,1,1,6,3,2020,0.5861013708560195,1
2020-10-17,1,1,6,3,2020,0.7765171412368147,1
2020-10-18,0,1,6,3,2020,0.7488960221167683,1
2020-10-19,0,0,6,2,2020,0.37187379818194605,0
2020-10-20,0,0,5,1,2020,0.2631782248643666,0
2020-10-21,0,0,4,0,2020,0.2519035514966485,0
2020-10-22,0,0,3,0,2020,0.2141749082928506,0
2020-10-23,1,0,2,0,2020,0.16657889818393973,0
2020-10-24,0,1,2,1,2020,0.3325588768702691,0
2020-10-25,0,0,1,1,2020,0.20777184373042398,0
2020-10-26,0,0,1,1,2020,0.17223915980177198,0
2020-10-27,0,0,1,0,2020,0.2835832229039106,0
2020-10-28,1,0,1,0,2020,0.23221236188722558,0
2020-10-29,0,1,2,1,2020,0.47434197795728816,1
2020-10-30,1,0,2,1,2020,0.2759661105544482,0
2020-10-31,0,1,2,2,2020,0.40563121162836613,1
2020-11-01,1,0,2,1,2020,0.25675608034588704,0
2020-11-02,0,1,3,2,2020,0.5522540763521817,1
2020-11-03,0,0,3,1,2020,0.28861417080133894,0
2020-11-04,0,0,3,1,2020,0.22171107913945845,0
2020-11-05,0,0,2,0,2020,0.18954212849603055,0
2020-11-06,0,0,2,0,2020,0.16557390582864712,0
2020-11-07,0,0,1,0,2020,0.16824927457612565,0
2020-11-09,0,0,0,0,2020,0.12978094284139086,0
2020-11-10,0,0,0,0,2020,0.12217008314269513,0
2020-11-11,0,0,0,0,2020,0.11789986826589748,0
2020-11-12,0,0,0,0,2020,0.10957390674833548,0
2020-11-13,0,0,0,0,2020,0.10549618398366725,0
2020-11-14,0,0,0,0,2020,0.10657296580774357,0
2020-11-15,1,0,0,0,2020,0.10056700032881903,0
2020-11-16,1,1,1,1,2020,0.24723911120302222,0
2020-11-17,1,1,2,2,2020,0.6098483540109622,1
2020-11-18,0,1,3,3,2020,0.6618323386749843,1
2020-11-19,0,0,3,2,2020,0.1942026242238398,0
2020-11-20,1,0,3,1,2020,0.1511479959422441,0
2020-11-21,1,1,4,1,2020,0.3252675971706458,0
2020-11-22,0,1,5,2,2020,0.3402789157304375,0
2020-11-23,0,0,4,2,2020,0.19789975724016257,0
2020-11-24,1,0,3,1,2020,0.14619885227775878,0
2020-11-25,1,1,3,1,2020,0.2655314370327827,0
2020-11-26,1,1,4,2,2020,0.42263643915195714,1
2020-11-27,0,1,5,3,2020,0.6006198923304664,1
2020-11-28,1,0,4,2,2020,0.28161329329991996,0
2020-11-29,0,1,4,2,2020,0.3954275416783718,0
2020-11-30,0,0,4,1,2020,0.2071757690614669,0
2020-12-01,0,0,4,1,2020,0.14874648210182803,0
2020-12-02,0,0,3,0,2020,0.12334186150829626,0
2020-12-03,0,0,2,0,2020,0.10660418053983933,0
2020-12-04,0,0,1,0,2020,0.09299373387873666,0
2020-12-05,0,0,1,0,2020,0.08922352380668123,0
2020-12-06,0,0,0,0,2020,0.07893476094964037,0
2020-12-07,0,0,0,0,2020,0.07530660051682231,0
2020-12-08,0,0,0,0,2020,0.07445329393875412,0
2020-12-09,0,0,0,0,2020,0.07191135269432587,0
2020-12-10,0,0,0,0,2020,0.0701168808911989,0
2020-12-11,0,0,0,0,2020,0.06926943628991411,0
2020-12-12,0,0,0,0,2020,0.07586431981004461,0
2020-12-13,1,0,0,0,2020,0.06337941061121473,0
2020-12-14,1,1,1,1,2020,0.25266147114500126,0
2020-12-15,0,1,2,2,2020,0.48286769207458047,1
2020-12-16,0,0,2,2,2020,0.11257003930322303,0
2020-12-17,0,0,2,1,2020,0.08807528302494333,0
2020-12-18,0,0,2,0,2020,0.08681161665249468,0
2020-12-19,0,0,2,0,2020,0.081976106894761,0
2020-12-20,0,0,2,0,2020,0.07966186810044491,0
2020-12-21,0,0,1,0,2020,0.06880852931016956,0
2020-12-22,0,0,0,0,2020,0.06112041106574448,0
2020-12-23,0,0,0,0,2020,0.059396583961619114,0
2020-12-24,1,0,0,0,2020,0.05865290130164079,0
2020-12-26,0,1,1,1,2020,0.11030236272107649,0
2020-12-27,0,0,1,1,2020,0.06562883386593263,0
2020-12-28,0,0,1,0,2020,0.059264694493997065,0
2020-12-29,0,0,1,0,2020,0.05654146707778295,0
2020-12-30,0,0,1,0,2020,0.05466351340663469,0
2020-12-31,0,0,1,0,2020,0.05381116512801023,0
2021-01-01,0,0,0,0,2021,0.04782880338609865,0
2021-01-02,0,0,0,0,2021,0.04749416026308118,0
2021-01-03,0,0,0,0,2021,0.04703240972734878,0
2021-01-04,0,0,0,0,2021,0.04639182348610202,0
2021-01-05,0,0,0,0,2021,0.046070555161384065,0
2021-01-06,0,0,0,0,2021,0.04563440430360554,0
2021-01-07,0,0,0,0,2021,0.04510359194036301,0
2021-01-08,0,0,0,0,2021,0.04430741856339881,0
2021-01-09,0,0,0,0,2021,0.04386178695054949,0
2021-01-10,0,0,0,0,2021,0.04639316892898582,0
2021-01-11,0,0,0,0,2021,0.044240919972039,0
2021-01-12,0,0,0,0,2021,0.04387560380400851,0
2021-01-13,0,0,0,0,2021,0.04247783769621249,0
2021-01-14,0,0,0,0,2021,0.04127779106851059,0
2021-01-15,0,0,0,0,2021,0.04035887060097464,0
2021-01-16,0,0,0,0,2021,0.03954894747192843,0
2021-01-17,0,0,0,0,2021,0.037924290150869996,0
2021-01-18,0,0,0,0,2021,0.03754413218368414,0
2021-01-21,0,0,0,0,2021,0.036371326342117816,0
2021-01-22,0,0,0,0,2021,0.03598538246029884,0
2021-01-23,0,0,0,0,2021,0.03570546322989213,0
2021-01-24,0,0,0,0,2021,0.03422578233311226,0
2021-02-05,0,0,0,0,2021,0.030439737859740395,0
2021-02-06,0,0,0,0,2021,0.030252332233529727,0
2021-02-07,0,0,0,0,2021,0.030047457762931044,0
2021-02-08,0,0,0,0,2021,0.029857869924074652,0
2021-02-09,0,0,0,0,2021,0.029752967633896826,0
2021-02-10,0,0,0,0,2021,0.02973104039367704,0
2021-02-11,0,0,0,0,2021,0.029641402731559695,0
2021-02-12,0,0,0,0,2021,0.028977663714250517,0
2021-02-13,0,0,0,0,2021,0.028406472051859838,0
2021-02-14,0,0,0,0,2021,0.02825897865286883,0
2021-02-15,0,0,0,0,2021,0.02817383460189546,0
2021-02-16,0,0,0,0,2021,0.028091209398011137,0
2021-02-17,0,0,0,0,2021,0.02793493852253088,0
2021-02-18,0,0,0,0,2021,0.02778223336981356,0
2021-02-19,0,0,0,0,2021,0.02749114461279508,0
2021-02-20,0,0,0,0,2021,0.02734627628758952,0
2021-02-21,0,0,0,0,2021,0.02714406610719977,0
2021-02-22,0,0,0,0,2021,0.027011765939219085,0
2021-02-23,0,0,0,0,2021,0.0264817919253687,0
2021-02-24,0,0,0,0,2021,0.02636188702939451,0
2021-02-25,0,0,0,0,2021,0.029283391264245815,0
2021-02-26,0,0,0,0,2021,0.026455548942633925,0
2021-02-27,0,0,0,0,2021,0.02637409458163794,0
2021-02-28,0,0,0,0,2021,0.026277808042843118,0
2021-03-01,0,0,0,0,2021,0.02527141671948957,0
2021-03-02,0,0,0,0,2021,0.025152698210714565,0
2021-03-03,0,0,0,0,2021,0.02499301555353966,0
2021-03-04,0,0,0,0,2021,0.02442713493720548,0
2021-03-05,0,0,0,0,2021,0.02431671627555503,0
2021-03-06,0,0,0,0,2021,0.024274101284283114,0
2021-03-07,0,0,0,0,2021,0.024296630013871195,0
2021-03-08,0,0,0,0,2021,0.02425724880205867,0
2021-03-09,0,0,0,0,2021,0.024379520458568595,0
2021-03-11,0,0,0,0,2021,0.024718526783574606,0
2021-03-12,0,0,0,0,2021,0.02475722688678493,0
2021-03-13,0,0,0,0,2021,0.02472832089630531,0
2021-03-14,0,0,0,0,2021,0.024768552534795395,0
2021-03-15,0,0,0,0,2021,0.024942108570924458,0
2021-03-16,0,0,0,0,2021,0.02504846955399283,0
2021-03-17,0,0,0,0,2021,0.025225767222721948,0
2021-03-18,0,0,0,0,2021,0.02534229033366816,0
2021-03-19,0,0,0,0,2021,0.025457132776593734,0
2021-03-20,0,0,0,0,2021,0.025644235171636248,0
2021-03-21,0,0,0,0,2021,0.025762701137977545,0
2021-03-22,0,0,0,0,2021,0.02588279797426915,0
2021-03-23,0,0,0,0,2021,0.025932943298809918,0
2021-03-24,0,0,0,0,2021,0.02605244932559816,0
2021-03-25,0,0,0,0,2021,0.026248943708128893,0
2021-03-26,0,0,0,0,2021,0.026375353627489665,0
2021-03-27,0,0,0,0,2021,0.026644901529599745,0
2021-03-28,0,0,0,0,2021,0.026779315463994525,0
2021-03-29,0,0,0,0,2021,0.026910950376081644,0
2021-03-30,0,0,0,0,2021,0.027118341716247593,0
2021-03-31,0,0,0,0,2021,0.027403140747820305,0
2021-04-01,0,0,0,0,2021,0.025526590694370556,0
2021-04-02,0,0,0,0,2021,0.025654683437571005,0
2021-04-03,0,0,0,0,2021,0.025856465656571674,0
2021-04-04,0,0,0,0,2021,0.026048882979469536,0
2021-04-05,0,0,0,0,2021,0.026242449052892546,0
2021-04-06,1,0,0,0,2021,0.026443317521100962,0
2021-04-07,0,1,1,1,2021,0.09373961811008824,0
2021-04-08,0,0,1,1,2021,0.06205830245339364,0
2021-04-09,0,0,1,1,2021,0.049921596965268315,0
2021-04-10,0,0,1,0,2021,0.05139939349674296,0
2021-04-11,0,0,1,0,2021,0.050329589914455665,0
2021-04-12,0,0,1,0,2021,0.049852839110816595,0
2021-04-13,0,0,1,0,2021,0.04933604965517121,0
2021-04-14,0,0,0,0,2021,0.04880530608153212,0
2021-04-15,0,0,0,0,2021,0.045795357262200256,0
2021-04-16,0,0,0,0,2021,0.0456792685790112,0
2021-04-17,0,0,0,0,2021,0.045894919052219256,0
2021-04-18,0,0,0,0,2021,0.04596088598831976,0
2021-04-19,0,0,0,0,2021,0.04606906426880498,0
2021-04-20,0,0,0,0,2021,0.046124327934402846,0
2021-04-21,0,0,0,0,2021,0.04589205112094433,0
2021-04-22,0,0,0,0,2021,0.04610593066104588,0
2021-04-23,0,0,0,0,2021,0.04632227248468675,0
2021-04-24,0,0,0,0,2021,0.04686969806679589,0
2021-04-25,0,0,0,0,2021,0.04706991249350923,0
2021-04-26,0,0,0,0,2021,0.047146619211196596,0
2021-04-27,0,0,0,0,2021,0.04697571186837544,0
2021-04-28,0,0,0,0,2021,0.0472758700291959,0
2021-04-29,0,0,0,0,2021,0.0474747411497992,0
2021-04-30,0,0,0,0,2021,0.04757349902744404,0
2021-05-01,0,0,0,0,2021,0.047954199193208785,0
2021-05-02,0,0,0,0,2021,0.04820957291926759,0
2021-05-03,0,0,0,0,2021,0.0485185225339821,0
2021-05-04,1,0,0,0,2021,0.04893255205281066,0
2021-05-05,0,1,1,1,2021,0.12515161298813277,0
2021-05-06,0,0,1,1,2021,0.08763134023412654,0
2021-05-07,0,0,1,1,2021,0.06558415674447565,0
2021-05-08,0,0,1,0,2021,0.06581193233217822,0
2021-05-09,0,0,1,0,2021,0.06477514118995326,0
2021-05-10,0,0,1,0,2021,0.06374826658363131,0
2021-05-11,0,0,1,0,2021,0.06307957544701005,0
2021-05-12,0,0,0,0,2021,0.10253963238652847,0
2021-05-13,0,0,0,0,2021,0.07652138365950172,0
2021-05-14,0,0,0,0,2021,0.06919246563511525,0
2021-05-15,0,0,0,0,2021,0.06441195485356589,0
2021-05-16,1,0,0,0,2021,0.08995726714155867,0
2021-05-17,1,1,1,1,2021,0.17598409965787892,0
2021-05-18,0,1,2,2,2021,0.36769137855396544,0
2021-05-19,1,0,2,2,2021,0.1303284379089457,0
2021-05-20,0,1,3,2,2021,0.229531372851516,0
2021-05-21,0,0,3,1,2021,0.15197228473676647,0
2021-05-22,0,0,3,1,2021,0.13146934449581832,0
2021-05-23,0,0,3,0,2021,0.12976478077265954,0
2021-05-24,0,0,2,0,2021,0.1174316024494949,0
2021-05-25,0,0,1,0,2021,0.1047495435371018,0
2021-05-26,0,0,1,0,2021,0.11165628812752251,0
2021-05-27,1,0,0,0,2021,0.0966363516287687,0
2021-05-28,0,1,1,1,2021,0.21273318246173545,0
2021-05-29,0,0,1,1,2021,0.1399801244124693,0
2021-05-30,0,0,1,1,2021,0.10181411792536882,0
2021-05-31,0,0,1,0,2021,0.10457721423187023,0
2021-06-01,0,0,1,0,2021,0.11272971080353861,0
2021-06-02,1,0,1,0,2021,0.10747070305671583,0
2021-06-03,1,1,2,1,2021,0.23368174631346747,0
2021-06-04,1,1,2,2,2021,0.3488630705787187,0
2021-06-05,0,1,3,3,2021,0.402204859474242,1
2021-06-06,0,0,3,2,2021,0.19300643510383178,0
2021-06-07,0,0,3,1,2021,0.15122940835415927,0
2021-06-08,0,0,3,0,2021,0.15415147484884978,0
2021-06-09,1,0,3,0,2021,0.13642199572434557,0
2021-06-10,1,1,3,1,2021,0.25158310273068973,0
2021-06-11,0,1,3,2,2021,0.29399298217786846,0
2021-06-12,0,0,2,2,2021,0.1691040462608435,0
2021-06-13,0,0,2,1,2021,0.14307471441585123,0
2021-06-14,0,0,2,0,2021,0.140194779961496,0
2021-06-15,0,0,2,0,2021,0.12310564731538459,0
2021-06-16,0,0,2,0,2021,0.11705388436091468,0
2021-06-17,1,0,1,0,2021,0.10553264045819166,0
2021-06-18,1,1,1,1,2021,0.2139568694447573,0
2021-06-19,0,1,2,2,2021,0.2819983376274928,0
2021-06-20,1,0,2,2,2021,0.17257261175902738,0
2021-06-21,0,1,3,2,2021,0.2658631880968063,0
2021-06-22,1,0,3,1,2021,0.18505244080379557,0
2021-06-23,0,1,4,2,2021,0.2876252033150376,0
2021-06-24,0,0,4,1,2021,0.21490141535358806,0
2021-06-25,0,0,3,1,2021,0.16556840578271537,0
2021-06-26,0,0,2,0,2021,0.15311526976499065,0
2021-06-27,0,0,2,0,2021,0.15700325324203288,0
2021-06-28,0,0,1,0,2021,0.14916659182185568,0
2021-06-29,0,0,1,0,2021,0.1407999060704421,0
2021-06-30,0,0,0,0,2021,0.13418182478133672,0
2021-07-01,0,0,0,0,2021,0.1592034173021698,0
2021-07-02,0,0,0,0,2021,0.15259019450141803,0
2021-07-03,0,0,0,0,2021,0.15845408165092148,0
2021-07-04,1,0,0,0,2021,0.14074258539657553,0
2021-07-05,0,1,1,1,2021,0.26807031506270473,0
2021-07-06,1,0,1,1,2021,0.18114659011838,0
2021-07-07,1,1,2,2,2021,0.3098742020968464,0
2021-07-08,0,1,3,2,2021,0.39959747807982915,0
2021-07-09,0,0,3,2,2021,0.23429343097692318,0
2021-07-10,0,0,3,1,2021,0.1927348621569136,0
2021-07-11,0,0,3,0,2021,0.17563826585453388,0
2021-07-12,0,0,2,0,2021,0.16540821218548946,0
2021-07-13,0,0,2,0,2021,0.16304886433001547,0
2021-07-14,1,0,1,0,2021,0.1615565241408772,0
2021-07-15,1,1,1,1,2021,0.2883260298800049,0
2021-07-16,1,1,2,2,2021,0.4185320837096553,1
2021-07-17,1,1,3,3,2021,0.40211929994951273,1
2021-07-18,0,1,4,3,2021,0.447221653993049,1
2021-07-19,1,0,4,2,2021,0.2950355406611588,0
2021-07-20,1,1,5,2,2021,0.6210442933167463,1
2021-07-21,1,1,6,2,2021,0.5717877233661912,1
2021-07-22,0,1,6,3,2021,0.6671128643214497,1
2021-07-23,0,0,5,2,2021,0.33303873408608436,0
2021-07-24,1,0,4,1,2021,0.26401248854899567,0
2021-07-25,1,1,4,1,2021,0.39248072162581715,0
2021-07-26,0,1,5,2,2021,0.49033677352210586,1
2021-07-27,1,0,4,2,2021,0.28034658808253254,0
2021-07-28,1,1,4,2,2021,0.4682115343246256,1
2021-07-29,1,1,4,2,2021,0.4750857683941255,1
2021-07-30,0,1,5,3,2021,0.5574793327410905,1
2021-07-31,0,0,5,2,2021,0.32647196591589284,0
2021-08-01,0,0,4,1,2021,0.26793476934341026,0
2021-08-02,0,0,3,0,2021,0.24900424693994636,0
2021-08-03,0,0,3,0,2021,0.23458726926523277,0
2021-08-04,0,0,2,0,2021,0.20588783826409834,0
2021-08-05,0,0,1,0,2021,0.18799133768364293,0
2021-08-06,0,0,0,0,2021,0.16610779519285798,0
2021-08-07,0,0,0,0,2021,0.15757040518134274,0
2021-08-08,0,0,0,0,2021,0.15337060322983634,0
2021-08-09,0,0,0,0,2021,0.14859101251568085,0
2021-08-10,0,0,0,0,2021,0.14529866115196338,0
2021-08-11,0,0,0,0,2021,0.1439843187393712,0
2021-08-12,0,0,0,0,2021,0.14819452442840791,0
2021-08-13,0,0,0,0,2021,0.14734192796810988,0
2021-08-14,0,0,0,0,2021,0.13964785241493033,0
2021-08-15,0,0,0,0,2021,0.13550386970067946,0
2021-08-16,0,0,0,0,2021,0.18948337266677717,0
2021-08-17,0,0,0,0,2021,0.15783963735507858,0
2021-08-18,1,0,0,0,2021,0.15166392257196717,0
2021-08-19,1,1,1,1,2021,0.28477943264177497,0
2021-08-20,1,1,2,2,2021,0.373665801347221,0
2021-08-21,1,1,3,3,2021,0.4919210689652912,1
2021-08-22,0,1,4,3,2021,0.655062524567947,1
2021-08-23,1,0,4,2,2021,0.29824883082314047,0
2021-08-24,1,1,5,2,2021,0.42872859334741287,1
2021-08-25,1,1,6,2,2021,0.776665584945517,1
2021-08-26,1,1,6,3,2021,0.7339901497709597,1
2021-08-27,1,1,6,3,2021,0.5825991149496527,1
2021-08-28,0,1,6,3,2021,0.6523340431653979,1
2021-08-29,1,0,5,2,2021,0.37211969443266874,0
2021-08-30,1,1,6,2,2021,0.5086887183448471,1
2021-08-31,1,1,6,2,2021,0.8574256697586287,1
2021-09-01,1,1,6,3,2021,0.7677579461923846,1
2021-09-02,1,1,6,3,2021,0.8157302588044769,1
2021-09-03,0,1,6,3,2021,0.6495740232554927,1
2021-09-04,1,0,5,2,2021,0.43480689623242585,1
2021-09-05,0,1,6,2,2021,0.5405432907195504,1
2021-09-06,0,0,5,1,2021,0.38895527585713136,0
2021-09-07,0,0,4,1,2021,0.2819672047311163,0
2021-09-08,0,0,3,0,2021,0.25520568078133776,0
2021-09-09,1,0,2,0,2021,0.22357783243704393,0
2021-09-10,0,1,2,1,2021,0.41713835004184685,1
2021-09-11,0,0,2,1,2021,0.2621623655590058,0
2021-09-12,0,0,1,1,2021,0.20577791929141293,0
2021-09-13,0,0,1,0,2021,0.19613843086672203,0
2021-09-14,0,0,1,0,2021,0.1845114389181565,0
2021-09-15,0,0,1,0,2021,0.17380820752633003,0
2021-09-16,0,0,1,0,2021,0.1681981237081434,0
2021-09-17,0,0,0,0,2021,0.15580946899890435,0
2021-09-18,0,0,0,0,2021,0.14830389005724756,0
2021-09-19,0,0,0,0,2021,0.14114220733358715,0
2021-09-20,0,0,0,0,2021,0.13459155654674712,0
2021-09-21,0,0,0,0,2021,0.12817218407849246,0
2021-09-22,0,0,0,0,2021,0.12670225928448353,0
2021-09-23,0,0,0,0,2021,0.12171810961845772,0
2021-09-24,0,0,0,0,2021,0.11486466457389764,0
2021-09-25,0,0,0,0,2021,0.11176025349819663,0
2021-09-26,0,0,0,0,2021,0.10713831101568658,0
2021-09-27,0,0,0,0,2021,0.10198900329963302,0
2021-09-28,1,0,0,0,2021,0.09926321472004564,0
2021-09-29,0,1,1,1,2021,0.26529918851570017,0
2021-09-30,0,0,1,1,2021,0.17816541190360924,0
2021-10-01,0,0,1,1,2021,0.12367321932100335,0
2021-10-02,0,0,1,0,2021,0.14784152135796036,0
2021-10-03,0,0,1,0,2021,0.1183656996486226,0
2021-10-04,0,0,1,0,2021,0.11494974609227405,0
2021-10-05,0,0,1,0,2021,0.10929085369297292,0
2021-10-06,0,0,0,0,2021,0.09379392708657429,0
2021-10-07,0,0,0,0,2021,0.12661660003757305,0
2021-10-08,0,0,0,0,2021,0.09852241430407066,0
2021-10-09,0,0,0,0,2021,0.09656828647524918,0
2021-10-10,0,0,0,0,2021,0.0882176695902048,0
2021-10-11,0,0,0,0,2021,0.11089664770297164,0
2021-10-13,0,0,0,0,2021,0.0919835771592664,0
2021-10-14,0,0,0,0,2021,0.08311155852797472,0
2021-10-15,0,0,0,0,2021,0.08138831607477821,0
2021-10-16,0,0,0,0,2021,0.08054320094002891,0
2021-10-17,0,0,0,0,2021,0.08354138957924263,0
2021-10-18,0,0,0,0,2021,0.07817918195174886,0
2021-10-19,0,0,0,0,2021,0.07595977155429906,0
2021-10-20,0,0,0,0,2021,0.07923521426216534,0
2021-10-21,0,0,0,0,2021,0.07223753789390798,0
2021-10-22,0,0,0,0,2021,0.0928694105663117,0
2021-10-23,0,0,0,0,2021,0.07483114645693899,0
2021-10-24,0,0,0,0,2021,0.07014180705483754,0
2021-10-25,0,0,0,0,2021,0.06581908456549421,0
2021-10-27,0,0,0,0,2021,0.06159858634850926,0
2021-10-28,0,0,0,0,2021,0.05951101957373433,0
2021-10-29,0,0,0,0,2021,0.06366858496443345,0
2021-10-30,0,0,0,0,2021,0.05970203983707098,0
2021-10-31,0,0,0,0,2021,0.064935331432428,0
2021-11-01,0,0,0,0,2021,0.07214480683953403,0
2021-11-02,0,0,0,0,2021,0.05604301141466032,0
2021-11-03,0,0,0,0,2021,0.054137051164940074,0
2021-11-04,0,0,0,0,2021,0.05224566069329909,0
2021-11-05,0,0,0,0,2021,0.05952975398388719,0
2021-11-06,0,0,0,0,2021,0.0560955278910325,0
2021-11-07,0,0,0,0,2021,0.06091837923570061,0
2021-11-08,0,0,0,0,2021,0.05206746211846288,0
2021-11-09,0,0,0,0,2021,0.05586163337243074,0
2021-11-10,0,0,0,0,2021,0.04664775669195315,0
2021-11-11,0,0,0,0,2021,0.04609962733030777,0
2021-11-12,0,0,0,0,2021,0.046425986508044303,0
2021-11-13,0,0,0,0,2021,0.04543390505932388,0
2021-11-14,1,0,0,0,2021,0.04483438952308005,0
2021-11-15,1,1,1,1,2021,0.14130579476249328,0
2021-11-16,0,1,2,2,2021,0.22814183351328712,0
2021-11-17,0,0,2,2,2021,0.08558934395734497,0
2021-11-18,0,0,2,1,2021,0.07853222176738615,0
2021-11-19,0,0,2,0,2021,0.06824272670948402,0
2021-11-20,0,0,2,0,2021,0.06948704172516561,0
2021-11-21,1,0,2,0,2021,0.06320139762742027,0
2021-11-22,0,1,2,1,2021,0.13403892572692366,0
2021-11-23,1,0,1,1,2021,0.07944371452487073,0
2021-11-24,0,1,2,2,2021,0.1407721382900878,0
2021-11-26,0,0,2,1,2021,0.07457133963348568,0
2021-11-27,0,0,2,0,2021,0.07153878671456058,0
2021-11-28,0,0,2,0,2021,0.06269320428937403,0
2021-11-29,0,0,1,0,2021,0.0547647951979079,0
2021-11-30,0,0,1,0,2021,0.05226324236284478,0
2021-12-01,0,0,0,0,2021,0.052784198050487056,0
2021-12-02,0,0,0,0,2021,0.046741372377361395,0
2021-12-03,0,0,0,0,2021,0.045839268047602806,0
2021-12-04,0,0,0,0,2021,0.04451074706251611,0
2021-12-05,0,0,0,0,2021,0.04745084743224141,0
2021-12-06,0,0,0,0,2021,0.044418144639764935,0
2021-12-07,0,0,0,0,2021,0.04382783541750726,0
2021-12-08,0,0,0,0,2021,0.04258512748276318,0
2021-12-09,0,0,0,0,2021,0.042386776778753237,0
2021-12-10,0,0,0,0,2021,0.041913384283258734,0
2021-12-11,0,0,0,0,2021,0.04160204861474338,0
2021-12-12,0,0,0,0,2021,0.04022492098390084,0
2021-12-13,0,0,0,0,2021,0.03996071567873499,0
2021-12-16,0,0,0,0,2021,0.03767487710538245,0
2021-12-17,0,0,0,0,2021,0.037421869376562694,0
2021-12-18,0,0,0,0,2021,0.03729068876954123,0
2021-12-19,0,0,0,0,2021,0.03709387168820919,0
2021-12-20,0,0,0,0,2021,0.036816235558824746,0
2021-12-21,0,0,0,0,2021,0.040160165176016435,0
2021-12-22,0,0,0,0,2021,0.03636127762998101,0
2021-12-23,0,0,0,0,2021,0.035921969992863304,0
2021-12-26,0,0,0,0,2021,0.03473182677213172,0
2021-12-27,0,0,0,0,2021,0.03679018848151565,0
2021-12-28,0,0,0,0,2021,0.03441232428548267,0
2021-12-29,0,0,0,0,2021,0.034609140726061235,0
2022-01-01,0,0,0,0,2022,0.03338530736262815,0
2022-01-02,0,0,0,0,2022,0.03309717019868231,0
2022-01-04,0,0,0,0,2022,0.03155390791882676,0
2022-01-05,0,0,0,0,2022,0.03139619581918662,0
2022-01-06,0,0,0,0,2022,0.031140721127338213,0
2022-01-07,0,0,0,0,2022,0.03081798673153776,0
2022-01-08,0,0,0,0,2022,0.030442789391234997,0
2022-01-09,0,0,0,0,2022,0.030130960408488963,0
2022-01-10,0,0,0,0,2022,0.029934051289273792,0
2022-01-11,0,0,0,0,2022,0.02978174026292328,0
2022-01-12,0,0,0,0,2022,0.02946614254468449,0
2022-01-13,0,0,0,0,2022,0.02918857838956413,0
2022-01-14,0,0,0,0,2022,0.028557040496187822,0
2022-01-15,0,0,0,0,2022,0.027864400519828383,0
2022-01-16,0,0,0,0,2022,0.027661620786300165,0
2022-01-17,0,0,0,0,2022,0.02749374803583447,0
2022-01-18,0,0,0,0,2022,0.027232493470267072,0
2022-01-20,0,0,0,0,2022,0.02711899475811543,0
2022-01-21,0,0,0,0,2022,0.0265836101714841,0
2022-01-22,0,0,0,0,2022,0.026321345255181188,0
2022-01-23,0,0,0,0,2022,0.025735249413764216,0
2022-01-24,0,0,0,0,2022,0.025548871428231718,0
2022-01-25,0,0,0,0,2022,0.02547915889386016,0
2022-01-26,0,0,0,0,2022,0.02542065999951246,0
2022-01-27,0,0,0,0,2022,0.025373701958163408,0
2022-01-28,0,0,0,0,2022,0.02516751490938518,0
2022-01-29,0,0,0,0,2022,0.02488771474276054,0
2022-01-30,0,0,0,0,2022,0.024672215129098507,0
2022-01-31,0,0,0,0,2022,0.024578029775404738,0
2022-02-01,0,0,0,0,2022,0.023645276374277133,0
2022-02-02,0,0,0,0,2022,0.023493485229403824,0
2022-02-03,0,0,0,0,2022,0.02335200635314157,0
2022-02-04,0,0,0,0,2022,0.023311137251301996,0
2022-02-05,0,0,0,0,2022,0.023154336804784,0
2022-02-06,0,0,0,0,2022,0.023014938433052645,0
2022-02-07,0,0,0,0,2022,0.022865699149265416,0
2022-02-09,0,0,0,0,2022,0.02264394754356054,0
2022-02-10,0,0,0,0,2022,0.022610661762377776,0
2022-02-11,0,0,0,0,2022,0.022532643046515234,0
2022-02-12,0,0,0,0,2022,0.02236422436396694,0
2022-02-13,0,0,0,0,2022,0.022332059489448986,0
2022-02-14,0,0,0,0,2022,0.02234695895960214,0
2022-02-15,0,0,0,0,2022,0.022410974587693984,0
2022-02-16,0,0,0,0,2022,0.022477193265198973,0
2022-02-17,0,0,0,0,2022,0.022493243647867305,0
2022-02-18,0,0,0,0,2022,0.02251161452704978,0
2022-02-19,0,0,0,0,2022,0.022428377393435804,0
2022-02-20,0,0,0,0,2022,0.02245154642089515,0
2022-02-21,0,0,0,0,2022,0.022433395693094424,0
2022-02-22,0,0,0,0,2022,0.022464637643102046,0
2022-02-23,0,0,0,0,2022,0.02250147836537079,0
2022-02-24,0,0,0,0,2022,0.022539884586707328,0
2022-02-25,0,0,0,0,2022,0.02252394153906607,0
2022-02-26,0,0,0,0,2022,0.022562169127504663,0
2022-02-27,0,0,0,0,2022,0.02260219455936205,0
2022-02-28,0,0,0,0,2022,0.02263844076848114,0
2022-03-01,0,0,0,0,2022,0.02137437419852081,0
2022-03-02,0,0,0,0,2022,0.021464612279058375,0
2022-03-03,0,0,0,0,2022,0.0215071789905836,0
2022-03-04,0,0,0,0,2022,0.02150618853866118,0
2022-03-05,0,0,0,0,2022,0.021556021859591948,0
2022-03-06,0,0,0,0,2022,0.021657457779771006,0
2022-03-07,0,0,0,0,2022,0.021809595030829357,0
2022-03-08,0,0,0,0,2022,0.02191527561992095,0
2022-03-09,0,0,0,0,2022,0.02207220947086848,0
2022-03-10,0,0,0,0,2022,0.022234067642876897,0
2022-03-11,0,0,0,0,2022,0.022396175596330496,0
2022-03-12,0,0,0,0,2022,0.02245800448470034,0
2022-03-13,0,0,0,0,2022,0.02246807340684731,0
2022-03-14,0,0,0,0,2022,0.022531893241863526,0
2022-03-15,0,0,0,0,2022,0.022699668988165327,0
2022-03-16,0,0,0,0,2022,0.02281601376025947,0
2022-03-17,0,0,0,0,2022,0.022987815535049264,0
2022-03-18,0,0,0,0,2022,0.02311256854451039,0
2022-03-19,0,0,0,0,2022,0.023236742654198034,0
2022-03-20,0,0,0,0,2022,0.02341749080914699,0
2022-03-21,0,0,0,0,2022,0.023545466598706773,0
2022-03-22,0,0,0,0,2022,0.023730701497198504,0
2022-03-23,0,0,0,0,2022,0.02380659811136346,0
2022-03-24,0,0,0,0,2022,0.023937088374900252,0
2022-03-25,0,0,0,0,2022,0.024128124758610064,0
2022-03-26,0,0,0,0,2022,0.02426204656874776,0
2022-03-27,0,0,0,0,2022,0.024511009245648672,0
2022-03-29,0,0,0,0,2022,0.02479702293028584,0
2022-03-30,0,0,0,0,2022,0.02499886115585824,0
2022-03-31,0,0,0,0,2022,0.025261686482496902,0
2022-04-01,0,0,0,0,2022,0.025564872681039578,0
2022-04-02,0,0,0,0,2022,0.02388432829728975,0
2022-04-03,0,0,0,0,2022,0.024146376899599878,0
2022-04-04,0,0,0,0,2022,0.024288219528095397,0
2022-04-05,0,0,0,0,2022,0.024452661966575785,0
2022-04-06,0,0,0,0,2022,0.02462592194631727,0
2022-04-07,0,0,0,0,2022,0.024703857895507428,0
2022-04-08,0,0,0,0,2022,0.024435169060382518,0
2022-04-09,0,0,0,0,2022,0.024634460786754443,0
2022-04-10,0,0,0,0,2022,0.024782798706655288,0
2022-04-11,0,0,0,0,2022,0.024985109330822108,0
2022-04-13,0,0,0,0,2022,0.025510502070608457,0
2022-04-14,0,0,0,0,2022,0.025606258131911662,0
2022-04-15,0,0,0,0,2022,0.025755898777229176,0
2022-04-16,0,0,0,0,2022,0.02726656270555493,0
2022-04-17,0,0,0,0,2022,0.026765048637157247,0
2022-04-18,0,0,0,0,2022,0.02702906093993635,0
2022-04-19,0,0,0,0,2022,0.02737722569857877,0
2022-04-20,0,0,0,0,2022,0.027567654805702852,0
2022-04-21,0,0,0,0,2022,0.028022843626487222,0
2022-04-22,0,0,0,0,2022,0.028237713866703748,0
2022-04-23,0,0,0,0,2022,0.028090706587046623,0
2022-04-24,0,0,0,0,2022,0.030609026758713687,0
2022-04-25,0,0,0,0,2022,0.029513731284254538,0
2022-04-26,0,0,0,0,2022,0.029838271512445082,0
2022-04-27,0,0,0,0,2022,0.029947424427468734,0
2022-04-28,0,0,0,0,2022,0.030317551845118,0
2022-04-29,0,0,0,0,2022,0.030741816656987657,0
2022-04-30,0,0,0,0,2022,0.03086462295949607,0
2022-05-01,0,0,0,0,2022,0.02686232559657482,0
2022-05-02,0,0,0,0,2022,0.027193201333685118,0
2022-05-03,0,0,0,0,2022,0.030167554902928547,0
2022-05-04,0,0,0,0,2022,0.02850092720477198,0
2022-05-05,0,0,0,0,2022,0.028708498594029498,0
2022-05-06,0,0,0,0,2022,0.0290191362921493,0
2022-05-07,0,0,0,0,2022,0.0292714298184955,0
2022-05-08,0,0,0,0,2022,0.029390782381905546,0
2022-05-09,0,0,0,0,2022,0.029742904647798232,0
2022-05-10,0,0,0,0,2022,0.029205061809271987,0
2022-05-11,0,0,0,0,2022,0.029349794477131264,0
2022-05-12,0,0,0,0,2022,0.029577267577255425,0
2022-05-13,0,0,0,0,2022,0.029805144140011505,0
2022-05-14,0,0,0,0,2022,0.029964553731241163,0
2022-05-15,0,0,0,0,2022,0.030314452141545167,0
2022-05-16,0,0,0,0,2022,0.030543319608868386,0
2022-05-17,0,0,0,0,2022,0.03091325559154979,0
2022-05-18,1,0,0,0,2022,0.031001385072580115,0
2022-05-19,1,1,1,1,2022,0.15047764814938897,0
2022-05-20,0,1,2,2,2022,0.3004734297271231,0
2022-05-21,0,0,2,2,2022,0.11058228499603823,0
2022-05-22,1,0,2,1,2022,0.08859599522926151,0
2022-05-23,1,1,3,1,2022,0.19531463580318031,0
2022-05-24,0,1,4,2,2022,0.2807182860018554,0
2022-05-25,0,0,4,2,2022,0.14579511086547411,0
2022-05-26,0,0,3,1,2022,0.10821620768030125,0
2022-05-27,1,0,2,0,2022,0.10049126918134553,0
2022-05-28,1,1,3,1,2022,0.2037805207902636,0
2022-05-29,1,1,4,2,2022,0.2759649944073012,0
2022-05-30,0,1,4,3,2022,0.29678399051976434,0
2022-05-31,0,0,3,2,2022,0.16094474606500203,0
2022-06-01,0,0,3,1,2022,0.14483511508128222,0
2022-06-02,0,0,3,0,2022,0.13429214220040808,0
2022-06-03,0,0,3,0,2022,0.12741655783452135,0
2022-06-04,0,0,2,0,2022,0.11403770881123815,0
2022-06-05,0,0,1,0,2022,0.1041353893435727,0
2022-06-06,1,0,0,0,2022,0.09496397613890577,0
2022-06-07,0,1,1,1,2022,0.21017714745481542,0
2022-06-08,1,0,1,1,2022,0.1367921846292057,0
2022-06-09,1,1,2,2,2022,0.2913163552709803,0
2022-06-10,0,1,3,2,2022,0.33519819991713284,0
2022-06-11,0,0,3,2,2022,0.1857086926198617,0
2022-06-12,0,0,3,1,2022,0.15697214892290043,0
2022-06-13,0,0,3,0,2022,0.1648859470489167,0
2022-06-14,0,0,2,0,2022,0.13840613653545003,0
2022-06-15,0,0,2,0,2022,0.1334002166509033,0
2022-06-16,1,0,1,0,2022,0.12170026873985368,0
2022-06-17,0,0,0,0,2022,0.116189319342862,0
2022-06-18,0,0,1,1,2022,0.2317069078141363,0
2022-06-19,1,0,1,1,2022,0.17253025622292525,0
2022-06-20,1,0,1,0,2022,0.1453854700571073,0
2022-06-21,0,1,3,2,2022,0.36985151862307564,0
2022-06-22,0,0,3,2,2022,0.2198645953898197,0
2022-06-23,1,0,3,1,2022,0.19046411954528986,0
2022-06-24,1,0,2,0,2022,0.16573406453546452,0
2022-06-25,0,1,4,2,2022,0.444225798505791,1
2022-06-26,0,0,4,2,2022,0.2492949962444236,0
2022-06-27,0,0,3,1,2022,0.1905526787274474,0
2022-06-28,0,0,2,0,2022,0.1752797098924895,0
2022-06-29,0,0,2,0,2022,0.16335881748951428,0
2022-06-30,0,0,2,0,2022,0.15516751956914543,0
2022-07-01,0,0,1,0,2022,0.14650859627642135,0
2022-07-02,0,0,0,0,2022,0.1340011739121461,0
2022-07-03,0,0,0,0,2022,0.1322273344026355,0
2022-07-04,0,0,0,0,2022,0.13025418476722245,0
2022-07-05,0,0,0,0,2022,0.1297362185349832,0
2022-07-06,1,0,0,0,2022,0.1292485401003463,0
2022-07-07,1,1,1,1,2022,0.2668781256473371,0
2022-07-08,0,1,2,2,2022,0.35420219578402506,0
2022-07-09,1,0,2,2,2022,0.2191675226744656,0
2022-07-10,0,0,2,1,2022,0.17880082839583175,0
2022-07-11,0,0,3,1,2022,0.24191257850833256,0
2022-07-12,0,0,3,1,2022,0.19750135186198908,0
2022-07-13,1,0,3,0,2022,0.19729464502435037,0
2022-07-14,1,1,3,1,2022,0.3447731312649829,0
2022-07-15,1,1,3,2,2022,0.41661160707214717,1
2022-07-16,0,1,4,3,2022,0.4538902486827184,1
2022-07-17,0,0,3,2,2022,0.2985782189929952,0
2022-07-18,0,0,3,1,2022,0.28924831207986773,0
2022-07-19,0,0,3,0,2022,0.24907043579394852,0
2022-07-20,1,0,3,0,2022,0.21918482488437863,0
2022-07-21,0,1,3,1,2022,0.3537898645745656,0
2022-07-22,0,0,2,1,2022,0.2299406621469037,0
2022-07-23,0,0,1,1,2022,0.17712250750576855,0
2022-07-24,0,0,1,0,2022,0.17121160508664973,0
2022-07-25,0,0,1,0,2022,0.17193789758599914,0
2022-07-26,0,0,1,0,2022,0.16829596832446475,0
2022-07-27,0,0,1,0,2022,0.15789947087145048,0
2022-07-28,0,0,0,0,2022,0.14436063335301813,0
2022-07-29,0,0,0,0,2022,0.14067351592108968,0
2022-07-30,0,0,0,0,2022,0.1452615854892767,0
2022-07-31,0,0,0,0,2022,0.1536747516260411,0
2022-08-01,0,0,0,0,2022,0.1380352423446817,0
2022-08-02,0,0,0,0,2022,0.14308256853541965,0
2022-08-03,1,0,0,0,2022,0.1396866089501228,0
2022-08-04,0,1,1,1,2022,0.31602652249835755,0
2022-08-05,1,0,1,1,2022,0.22116731195364916,0
2022-08-06,0,1,2,2,2022,0.3489110994290683,0
2022-08-07,0,0,2,1,2022,0.22749527004222894,0
2022-08-08,0,0,2,1,2022,0.18487999701550015,0
2022-08-09,0,0,2,0,2022,0.19028269097316713,0
2022-08-10,0,0,2,0,2022,0.18044668273598036,0
2022-08-11,0,0,1,0,2022,0.15749528444081,0
2022-08-12,0,0,1,0,2022,0.16536195978183268,0
2022-08-13,0,0,0,0,2022,0.1463705267547851,0
2022-08-14,0,0,0,0,2022,0.1319567546486594,0
2022-08-15,0,0,0,0,2022,0.1342288095825597,0
2022-08-16,0,0,0,0,2022,0.12917839108217127,0
2022-08-17,1,0,0,0,2022,0.12449725997858514,0
2022-08-18,1,1,1,1,2022,0.38325365197302175,0
2022-08-19,1,1,2,2,2022,0.4879927024781183,1
2022-08-20,0,1,3,3,2022,0.42617266007115107,1
2022-08-21,0,0,3,2,2022,0.22609804013370913,0
2022-08-22,0,0,3,1,2022,0.22784442025283835,0
2022-08-23,0,0,3,0,2022,0.2130551171641538,0
2022-08-24,0,0,3,0,2022,0.19251009427381083,0
2022-08-25,1,0,2,0,2022,0.18759090778268483,0
2022-08-26,0,1,2,1,2022,0.41213745696374054,1
2022-08-27,0,1,1,1,2022,0.2613917683307175,0
2022-08-28,0,0,1,1,2022,0.19651664366662497,0
2022-08-29,1,0,1,0,2022,0.20164429982753648,0
2022-08-30,0,1,2,1,2022,0.4120039231926639,1
2022-08-31,1,0,2,1,2022,0.24991982211354138,0
2022-09-01,1,1,3,2,2022,0.4350905853109768,1
2022-09-02,1,1,3,2,2022,0.5771934725873162,1
2022-09-03,0,1,4,3,2022,0.49352312238966883,1
2022-09-04,1,0,4,2,2022,0.33796627913995636,0
2022-09-05,0,1,5,2,2022,0.46529824852105567,1
2022-09-06,1,0,4,1,2022,0.364677738249482,0
2022-09-07,1,1,5,2,2022,0.6163765273169063,1
2022-09-08,0,1,5,2,2022,0.605545331242021,1
2022-09-09,0,0,4,2,2022,0.32885092843676145,0
2022-09-10,0,0,3,1,2022,0.3118386859023526,0
2022-09-11,0,0,3,0,2022,0.25791261815093336,0
2022-09-12,0,0,2,0,2022,0.2255372053286662,0
2022-09-13,0,0,2,0,2022,0.17863201702454584,0
2022-09-14,0,0,1,0,2022,0.15571567737965475,0
2022-09-15,0,0,0,0,2022,0.14424313260862365,0
2022-09-16,0,0,0,0,2022,0.17642013866171433,0
2022-09-17,0,0,0,0,2022,0.1511209448334896,0
2022-09-18,0,0,0,0,2022,0.16052504875848023,0
2022-09-19,1,0,0,0,2022,0.16153268133025472,0
2022-09-20,0,1,1,1,2022,0.3355205086692663,0
2022-09-21,1,0,1,1,2022,0.20382216327957187,0
2022-09-22,1,1,2,2,2022,0.5108645605603803,1
2022-09-23,0,1,3,2,2022,0.6963744189872337,1
2022-09-24,0,0,3,2,2022,0.29908263991038536,0
2022-09-25,1,0,3,1,2022,0.22106754692638583,0
2022-09-26,0,1,4,1,2022,0.45344032380916666,1
2022-09-27,0,0,3,1,2022,0.2500291430741165,0
2022-09-28,1,0,3,1,2022,0.20123590643719252,0
2022-09-29,1,1,3,1,2022,0.651591449191923,1
2022-09-30,1,1,3,2,2022,0.6912668059908859,1
2022-10-01,1,1,4,3,2022,0.6491793613465291,1
2022-10-02,0,1,5,3,2022,0.4727204918564129,1
2022-10-03,0,0,4,2,2022,0.26127453266355244,0
2022-10-04,0,0,4,1,2022,0.1943043466533466,0
2022-10-05,0,0,4,0,2022,0.19430777632731216,0
2022-10-06,0,0,3,0,2022,0.15205665479507022,0
2022-10-07,0,0,2,0,2022,0.14243589868935974,0
2022-10-08,0,0,1,0,2022,0.1363082821080206,0
2022-10-09,0,0,0,0,2022,0.1435123577476046,0
2022-10-10,0,0,0,0,2022,0.14832689842009372,0
2022-10-11,0,0,0,0,2022,0.14499710155095424,0
2022-10-12,0,0,0,0,2022,0.1353537630895788,0
2022-10-13,0,0,0,0,2022,0.13344947496194629,0
2022-10-14,0,0,0,0,2022,0.13922533249103358,0
2022-10-15,0,0,0,0,2022,0.14590932124049774,0
2022-10-16,1,0,0,0,2022,0.13876170361693127,0
2022-10-17,0,1,1,1,2022,0.2751754068418044,0
2022-10-18,0,0,1,1,2022,0.20881009587816238,0
2022-10-19,0,0,1,1,2022,0.15792291372181877,0
2022-10-20,0,0,1,0,2022,0.1435516463303046,0
2022-10-21,0,0,1,0,2022,0.13504297438476495,0
2022-10-22,0,0,1,0,2022,0.11243610251436345,0
2022-10-23,0,0,1,0,2022,0.1135427426185428,0
2022-10-24,0,0,0,0,2022,0.10281506335264938,0
2022-10-25,0,0,0,0,2022,0.10004225773811705,0
2022-10-26,0,0,0,0,2022,0.09584558618345355,0
2022-10-27,0,0,0,0,2022,0.10844456742859175,0
2022-10-28,0,0,0,0,2022,0.09904118268327373,0
2022-10-29,0,0,0,0,2022,0.08839190972472082,0
2022-10-30,0,0,0,0,2022,0.08753129188987495,0
2022-10-31,0,0,0,0,2022,0.07512048496332956,0
2022-11-01,1,0,0,0,2022,0.06578546088263557,0
2022-11-04,0,1,1,1,2022,0.0996264885309122,0
2022-11-05,0,0,1,0,2022,0.10088561643751191,0
2022-11-06,0,0,1,0,2022,0.10923987611515229,0
2022-11-07,0,0,1,0,2022,0.09305022777149134,0
2022-11-11,0,0,0,0,2022,0.07644461449506013,0
2022-11-12,0,0,0,0,2022,0.0824727658917121,0
2022-11-13,0,0,0,0,2022,0.0881317528301842,0
2022-11-14,0,0,0,0,2022,0.08841595951601366,0
2022-11-15,0,0,0,0,2022,0.07463897456302704,0
2022-11-16,0,0,0,0,2022,0.07335958653824062,0
2022-11-17,0,0,0,0,2022,0.061902902222790865,0
2022-11-18,0,0,0,0,2022,0.0829139320000356,0
2022-11-19,0,0,0,0,2022,0.06982992457171813,0
2022-11-20,0,0,0,0,2022,0.06826985721379095,0
2022-11-21,0,0,0,0,2022,0.06062779952470228,0
2022-11-22,0,0,0,0,2022,0.05205587919817177,0
2022-11-23,0,0,0,0,2022,0.06136392958997974,0
2022-11-25,0,0,0,0,2022,0.04886664337570837,0
2022-11-26,0,0,0,0,2022,0.049216815745926644,0
2022-11-27,0,0,0,0,2022,0.050477307201566714,0
2022-11-28,0,0,0,0,2022,0.04739611080647028,0
2022-11-29,0,0,0,0,2022,0.04341873607344614,0
2022-12-01,0,0,0,0,2022,0.03865489962671033,0
2022-12-02,0,0,0,0,2022,0.03710839974698317,0
2022-12-03,0,0,0,0,2022,0.041541185280793126,0
2022-12-04,0,0,0,0,2022,0.038207275795088494,0
2022-12-06,0,0,0,0,2022,0.037093337890167256,0
2022-12-08,0,0,0,0,2022,0.03573825892620946,0
2022-12-09,0,0,0,0,2022,0.034471935410607744,0
2022-12-10,0,0,0,0,2022,0.032784266677131156,0
2022-12-15,0,0,0,0,2022,0.0289386614181885,0
2022-12-16,0,0,0,0,2022,0.02823253312731001,0
2022-12-17,0,0,0,0,2022,0.027993909011478607,0
2022-12-18,0,0,0,0,2022,0.027834391371039564,0
2022-12-19,0,0,0,0,2022,0.027633022527285625,0
2022-12-20,0,0,0,0,2022,0.027381051679243148,0
2022-12-21,0,0,0,0,2022,0.027144099847598434,0
2022-12-22,0,0,0,0,2022,0.026957307905911224,0
2022-12-23,0,0,0,0,2022,0.026675647219341094,0
2022-12-24,0,0,0,0,2022,0.026443989514858414,0
2022-12-26,0,0,0,0,2022,0.025979388451290508,0
2022-12-27,0,0,0,0,2022,0.025698859814094446,0
2022-12-28,0,0,0,0,2022,0.02558407893157169,0
2022-12-29,0,0,0,0,2022,0.025492987902303376,0
2022-12-30,0,0,0,0,2022,0.027027779483647575,0
2022-12-31,0,0,0,0,2022,0.025751392160543892,0
2023-01-13,0,0,0,0,2023,0.021341634809818186,0
2023-01-14,0,0,0,0,2023,0.021166260711974,0
2023-01-16,0,0,0,0,2023,0.020771426889614156,0
2023-01-18,0,0,0,0,2023,0.02040935492521949,0
2023-01-19,0,0,0,0,2023,0.020322909307603537,0
2023-01-20,0,0,0,0,2023,0.02023916864344877,0
2023-01-21,0,0,0,0,2023,0.02011680774171136,0
2023-01-22,0,0,0,0,2023,0.019909947297744462,0
2023-01-23,0,0,0,0,2023,0.019748174746658173,0
2023-01-24,0,0,0,0,2023,0.019595490747636685,0
2023-01-25,0,0,0,0,2023,0.019514929656261216,0
2023-01-26,0,0,0,0,2023,0.0194419500490557,0
2023-01-27,0,0,0,0,2023,0.019376714045794777,0
2023-01-28,0,0,0,0,2023,0.01920755992264662,0
2023-01-29,0,0,0,0,2023,0.01899243406430592,0
2023-01-31,0,0,0,0,2023,0.018727294845110164,0
2023-02-01,0,0,0,0,2023,0.018335330663816693,0
2023-02-03,0,0,0,0,2023,0.018089331974103437,0
2023-02-04,0,0,0,0,2023,0.018033462154225844,0
2023-02-05,0,0,0,0,2023,0.017906539445795736,0
2023-02-07,0,0,0,0,2023,0.017670107646546692,0
2023-02-08,0,0,0,0,2023,0.017556153323027207,0
2023-02-09,0,0,0,0,2023,0.017479999949108403,0
2023-02-10,0,0,0,0,2023,0.01743713753123107,0
2023-02-11,0,0,0,0,2023,0.01736500863782766,0
2023-02-12,0,0,0,0,2023,0.01723331547526917,0
2023-02-13,0,0,0,0,2023,0.017138208787544826,0
2023-02-16,0,0,0,0,2023,0.01691692198407591,0
2023-02-17,0,0,0,0,2023,0.016823802537941093,0
2023-02-18,0,0,0,0,2023,0.016732968135837578,0
2023-02-19,0,0,0,0,2023,0.016578773595406975,0
2023-02-20,0,0,0,0,2023,0.016492869615448314,0
2023-03-05,0,0,0,0,2023,0.01601068440466093,0
2023-03-14,0,0,0,0,2023,0.016870963654602087,0
2023-03-16,0,0,0,0,2023,0.017109355377539145,0
2023-03-17,0,0,0,0,2023,0.017248105897995598,0
2023-03-18,0,0,0,0,2023,0.017357087991353035,0
2023-03-19,0,0,0,0,2023,0.017466212075414517,0
2023-03-28,0,0,0,0,2023,0.01936948012552903,0
2023-03-29,0,0,0,0,2023,0.019413071579440114,0
2023-03-31,0,0,0,0,2023,0.019791094571925866,0
2023-04-01,0,0,0,0,2023,0.01883632374828285,0
2023-04-02,0,0,0,0,2023,0.01896373422484676,0
2023-04-03,0,0,0,0,2023,0.019130347928336896,0
2023-04-04,0,0,0,0,2023,0.019293499824909174,0
2023-04-05,0,0,0,0,2023,0.019457947135203827,0
2023-04-06,0,0,0,0,2023,0.01962648050393576,0
2023-04-07,0,0,0,0,2023,0.019722048779007118,0
2023-04-08,0,0,0,0,2023,0.01985164520508778,0
2023-04-09,0,0,0,0,2023,0.0200238288828733,0
2023-04-10,0,0,0,0,2023,0.020161184038891146,0
2023-04-11,0,0,0,0,2023,0.020335987719700084,0
2023-04-12,0,0,0,0,2023,0.02059139503851447,0
2023-04-14,0,0,0,0,2023,0.020868160524528324,0
2023-04-15,0,0,0,0,2023,0.021007819310322,0
2023-04-16,0,0,0,0,2023,0.021188636057627778,0
2023-04-17,0,0,0,0,2023,0.0214558095545462,0
2023-04-18,0,0,0,0,2023,0.021680606966413992,0
2023-04-20,0,0,0,0,2023,0.02214414548877325,0
2023-04-21,0,0,0,0,2023,0.0224641578510494,0
2023-04-22,0,0,0,0,2023,0.02266419582623143,0
2023-04-23,0,0,0,0,2023,0.02290945778877499,0
2023-04-24,0,0,0,0,2023,0.023277839926631187,0
2023-04-25,0,0,0,0,2023,0.023522677389839906,0
2023-04-26,0,0,0,0,2023,0.023724248818190383,0
2023-04-27,0,0,0,0,2023,0.02383602154910797,0
2023-04-28,0,0,0,0,2023,0.02411605079801235,0
2023-04-29,0,0,0,0,2023,0.024366135252681748,0
2023-04-30,0,0,0,0,2023,0.02457909417079254,0
2023-05-01,0,0,0,0,2023,0.02228100847905921,0
2023-05-02,0,0,0,0,2023,0.022547169900103775,0
2023-05-03,0,0,0,0,2023,0.02283118456017507,0
2023-05-04,0,0,0,0,2023,0.023198888565649004,0
2023-05-05,0,0,0,0,2023,0.02339079476393161,0
2023-05-06,0,0,0,0,2023,0.02363808515601159,0
2023-05-07,0,0,0,0,2023,0.023877459903198665,0
2023-05-08,0,0,0,0,2023,0.024025279438407564,0
2023-05-09,0,0,0,0,2023,0.024266089355665644,0
2023-05-10,0,0,0,0,2023,0.024413763318997656,0
2023-05-11,0,0,0,0,2023,0.024550601436743025,0
2023-05-12,0,0,0,0,2023,0.024792286750237254,0
2023-05-13,0,0,0,0,2023,0.025034857545985053,0
2023-05-14,0,0,0,0,2023,0.025229787051203857,0
2023-05-15,0,0,0,0,2023,0.026933412189775404,0
2023-05-16,0,0,0,0,2023,0.02615504602907523,0
2023-05-17,0,0,0,0,2023,0.026469117788158848,0
2023-05-18,0,0,0,0,2023,0.02653753946648075,0
2023-05-19,1,0,0,0,2023,0.026721960072657903,0
2023-05-20,0,1,1,1,2023,0.17578277471061607,0
2023-05-21,0,0,1,1,2023,0.10258753547165617,0
2023-05-22,0,0,1,1,2023,0.08161054251879009,0
2023-05-23,0,0,1,0,2023,0.08349812998901252,0
2023-05-24,0,0,1,0,2023,0.08205827171955639,0
2023-05-25,0,0,1,0,2023,0.08062048233599962,0
2023-05-26,0,0,1,0,2023,0.07977228148565346,0
2023-05-27,0,0,0,0,2023,0.07768521616640282,0
2023-05-28,0,0,0,0,2023,0.07548289227246041,0
2023-05-29,0,0,0,0,2023,0.08002881131873085,0
2023-05-30,0,0,0,0,2023,0.0756935986835675,0
2023-05-31,1,0,0,0,2023,0.07635660808362295,0
2023-06-01,0,1,1,1,2023,0.1870238456182664,0
2023-06-02,1,0,1,1,2023,0.11656234226981234,0
2023-06-03,0,1,2,2,2023,0.23479379802513067,0
2023-06-04,0,0,2,1,2023,0.20357098865789497,0
2023-06-05,0,0,2,1,2023,0.14093112124891097,0
2023-06-06,0,0,2,0,2023,0.14369497774090412,0
2023-06-07,0,0,2,0,2023,0.11263521932883598,0
2023-06-08,0,0,1,0,2023,0.10374931134121886,0
2023-06-09,0,0,1,0,2023,0.10062724319111681,0
2023-06-10,0,0,0,0,2023,0.09708597974991551,0
2023-06-11,0,0,0,0,2023,0.0942712134425557,0
2023-06-12,0,0,0,0,2023,0.09075273302196102,0
2023-06-13,0,0,0,0,2023,0.08985329613281368,0
2023-06-14,0,0,0,0,2023,0.08902544468682248,0
2023-06-15,0,0,0,0,2023,0.08829006203602414,0
2023-06-16,0,0,0,0,2023,0.08801129733422397,0
2023-06-17,0,0,0,0,2023,0.08671277838067441,0
2023-06-18,0,0,0,0,2023,0.08553852657548176,0
2023-06-19,0,0,0,0,2023,0.08367876316491014,0
2023-06-20,0,0,0,0,2023,0.08359579890700125,0
2023-06-21,0,0,0,0,2023,0.08392501989925355,0
2023-06-22,0,0,0,0,2023,0.08768960608608216,0
2023-06-23,0,0,0,0,2023,0.0840973657469053,0
2023-06-24,0,0,0,0,2023,0.08381384233936895,0
2023-06-25,1,0,0,0,2023,0.0832858395458397,0
2023-06-26,0,1,1,1,2023,0.1975562413206514,0
2023-06-27,0,0,1,1,2023,0.13538281586131368,0
2023-06-28,0,0,1,1,2023,0.11538397688041288,0
2023-06-29,0,0,1,0,2023,0.11233817506761892,0
2023-06-30,0,0,1,0,2023,0.11002864351022214,0
2023-07-01,0,0,1,0,2023,0.13977181562402927,0
2023-07-02,0,0,1,0,2023,0.11463620821278897,0
2023-07-03,0,0,0,0,2023,0.10350515291244325,0
2023-07-04,1,0,0,0,2023,0.09735101849428299,0
2023-07-05,0,1,1,1,2023,0.22067351875638835,0
2023-07-06,0,0,1,1,2023,0.1451797131196455,0
2023-07-07,0,0,1,1,2023,0.11740578157952439,0
2023-07-08,0,0,1,0,2023,0.1175234092304159,0
2023-07-09,0,0,1,0,2023,0.1444175181012189,0
2023-07-10,0,0,1,0,2023,0.14219312590949004,0
2023-07-11,0,0,1,0,2023,0.14362144585847406,0
2023-07-12,0,0,0,0,2023,0.1142137501966367,0
2023-07-13,0,0,0,0,2023,0.11353001507940316,0
2023-07-14,0,0,0,0,2023,0.11612751097952992,0
2023-07-15,0,0,0,0,2023,0.11136781694199738,0
2023-07-16,1,0,0,0,2023,0.11462231701612012,0
2023-07-17,0,1,1,1,2023,0.24193626429400228,0
2023-07-18,0,0,1,1,2023,0.16172268658755748,0
2023-07-19,0,0,1,1,2023,0.12752439848733899,0
2023-07-20,1,0,1,0,2023,0.1375707435363538,0
2023-07-21,0,1,2,1,2023,0.266112830092489,0
2023-07-22,0,0,2,1,2023,0.18416334691507463,0
2023-07-23,0,0,2,1,2023,0.1523528401298461,0
2023-07-24,0,0,1,0,2023,0.13611695461859236,0
2023-07-25,0,0,1,0,2023,0.13970872068322537,0
2023-07-26,0,0,1,0,2023,0.1283468016865113,0
2023-07-27,0,0,1,0,2023,0.13715632622601842,0
2023-07-28,0,0,0,0,2023,0.11788528152460043,0
2023-07-29,1,0,0,0,2023,0.11491377443410185,0
2023-07-30,0,1,1,1,2023,0.24012731563596235,0
2023-07-31,1,0,1,1,2023,0.1911697296506125,0
2023-08-01,0,1,2,2,2023,0.2671169222096151,0
2023-08-02,0,0,2,1,2023,0.20578318569348614,0
2023-08-03,0,0,2,1,2023,0.17071979890380531,0
2023-08-04,1,0,2,0,2023,0.15909007763600272,0
2023-08-05,1,1,3,1,2023,0.3622743287097867,0
2023-08-06,1,1,3,2,2023,0.5106191576878836,1
2023-08-07,1,1,4,3,2023,0.5016262234471223,1
2023-08-08,1,1,4,3,2023,0.42805151808154623,1
2023-08-09,1,1,5,3,2023,0.5116388852895548,1
2023-08-10,1,1,6,3,2023,0.5295960206846698,1
2023-08-11,1,1,7,3,2023,0.6175880935640343,1
2023-08-12,0,1,7,3,2023,0.5959988671238917,1
2023-08-13,1,0,6,2,2023,0.3676634421734318,0
2023-08-14,1,1,6,2,2023,0.4719056908690025,1
2023-08-15,0,1,6,2,2023,0.5189173977927812,1
2023-08-16,1,0,5,2,2023,0.31076887017889465,0
2023-08-17,1,1,5,2,2023,0.5055007901772662,1
2023-08-18,1,1,5,2,2023,0.5178047941384992,1
2023-08-19,1,1,5,3,2023,0.5803269844453476,1
2023-08-21,0,1,5,2,2023,0.4288054413660349,1
2023-08-22,0,0,4,1,2023,0.29539563774589744,0
2023-08-23,0,0,4,0,2023,0.26649186844423645,0
2023-08-24,0,0,3,0,2023,0.23049547296978945,0
2023-08-25,0,0,2,0,2023,0.21184675692981086,0
2023-08-26,0,0,1,0,2023,0.20659501818802564,0
2023-08-27,0,0,0,0,2023,0.1712196776448095,0
2023-08-28,0,0,0,0,2023,0.16514592433529457,0
2023-08-29,0,0,0,0,2023,0.15820535810266273,0
2023-08-30,1,0,0,0,2023,0.16207252091049812,0
2023-08-31,1,1,1,1,2023,0.6504166900461522,1
2023-09-01,1,1,2,2,2023,0.5224474191222414,1
2023-09-02,0,1,3,3,2023,0.5118920497213474,1
2023-09-03,0,0,3,2,2023,0.2804089593635427,0
2023-09-04,0,0,3,1,2023,0.22443032848437197,0
2023-09-05,0,0,3,0,2023,0.22375690530902473,0
2023-09-06,0,0,3,0,2023,0.20172759709706475,0
2023-09-07,0,0,2,0,2023,0.20094935314914447,0
2023-09-08,1,0,1,0,2023,0.16257783686277835,0
2023-09-09,0,1,1,1,2023,0.5387222436818767,1
2023-09-10,0,0,1,1,2023,0.22991476408907596,0
2023-09-11,1,0,1,1,2023,0.15745498934768726,0
2023-09-12,1,1,2,1,2023,0.3990499625681143,0
2023-09-13,1,1,3,2,2023,0.48332899509223304,1
2023-09-14,0,1,4,3,2023,0.4658251890712662,1
2023-09-15,1,0,4,2,2023,0.3543602902265487,0
2023-09-16,1,1,4,2,2023,0.4169784022827939,1
2023-09-17,1,1,5,2,2023,0.4836219721476524,1
2023-09-18,0,1,6,3,2023,0.4869543661504941,1
2023-09-19,0,0,5,2,2023,0.2914730298206696,0
2023-09-20,0,0,4,1,2023,0.21675022194598473,0
2023-09-21,0,0,3,0,2023,0.1929222507703361,0
2023-09-22,0,0,3,0,2023,0.18094920696686137,0
2023-09-23,0,0,2,0,2023,0.16157218790665312,0
2023-09-24,0,0,1,0,2023,0.1450982077773832,0
2023-09-25,0,0,0,0,2023,0.13808737606629143,0
2023-09-26,0,0,0,0,2023,0.16708618686104962,0
2023-09-27,0,0,0,0,2023,0.13060281508823215,0
2023-09-28,0,0,0,0,2023,0.16828733901051346,0
2023-09-29,0,0,0,0,2023,0.1480912774232415,0
2023-09-30,0,0,0,0,2023,0.16090226976533822,0
2023-10-01,0,0,0,0,2023,0.12255472009432766,0
2023-10-02,0,0,0,0,2023,0.1183240718649518,0
2023-10-03,0,0,0,0,2023,0.11138274807584876,0
2023-10-04,0,0,0,0,2023,0.10825331626257863,0
2023-10-05,0,0,0,0,2023,0.10744096261593752,0
2023-10-06,0,0,0,0,2023,0.10495300536082706,0
2023-10-07,0,0,0,0,2023,0.09703484598517519,0
2023-10-08,0,0,0,0,2023,0.09923286718881257,0
2023-10-09,0,0,0,0,2023,0.09511738308396683,0
2023-10-10,0,0,0,0,2023,0.09009195244438925,0
2023-10-11,0,0,0,0,2023,0.08590813379070412,0
2023-10-12,0,0,0,0,2023,0.08329395642510515,0
2023-10-13,0,0,0,0,2023,0.07932126731075277,0
2023-10-14,0,0,0,0,2023,0.07984039811261344,0
2023-10-15,0,0,0,0,2023,0.0710900654478433,0
2023-10-16,0,0,0,0,2023,0.06658413625760072,0
2023-10-17,0,0,0,0,2023,0.0631842728746237,0
2023-10-18,1,0,0,0,2023,0.059918675510065446,0
2023-10-19,1,1,1,1,2023,0.2596181003862727,0
2023-10-20,1,1,2,2,2023,0.2896435936323804,0
2023-10-21,1,1,3,3,2023,0.36299874004092425,0
2023-10-22,1,1,4,3,2023,0.2784876934704565,0
2023-10-23,0,1,5,3,2023,0.3093312709738443,0
2023-10-24,0,0,5,2,2023,0.18193605160711698,0
2023-10-25,1,0,5,1,2023,0.14244592350019233,0
2023-10-26,1,1,5,1,2023,0.3254069074608546,0
2023-10-27,1,1,5,2,2023,0.46359700474824,1
2023-10-28,1,1,5,3,2023,0.6210568362459787,1
2023-10-29,1,1,5,3,2023,0.3456137987009683,0
2023-10-30,1,1,5,3,2023,0.6503858365153872,1
2023-10-31,0,1,6,3,2023,0.5551726849216603,1
2023-11-01,0,0,6,2,2023,0.2177840777124972,0
2023-11-02,0,0,5,1,2023,0.15244908727346573,0
2023-11-03,0,0,4,0,2023,0.1356336599951392,0
2023-11-04,0,0,3,0,2023,0.11392365087000111,0
2023-11-05,0,0,2,0,2023,0.09883385728146915,0
2023-11-06,0,0,1,0,2023,0.08554319993928432,0
2023-11-07,0,0,0,0,2023,0.07627472664369334,0
2023-11-08,0,0,0,0,2023,0.07279476622887289,0
2023-11-09,0,0,0,0,2023,0.07096240619242902,0
2023-11-10,0,0,0,0,2023,0.06933415817666919,0
2023-11-11,0,0,0,0,2023,0.06737326518231526,0
2023-11-12,0,0,0,0,2023,0.06506222619871654,0
2023-11-13,0,0,0,0,2023,0.06294163762884535,0
2023-11-14,0,0,0,0,2023,0.06194451057513928,0
2023-11-16,0,0,0,0,2023,0.05859379245709935,0
2023-11-17,0,0,0,0,2023,0.05683714469694051,0
2023-11-18,0,0,0,0,2023,0.05492286958156816,0
2023-11-19,0,0,0,0,2023,0.053282641568015425,0
2023-11-20,0,0,0,0,2023,0.051710410519460986,0
2023-11-21,0,0,0,0,2023,0.050275317028749614,0
2023-11-22,0,0,0,0,2023,0.04888130430626733,0
2023-11-24,0,0,0,0,2023,0.04773400972933566,0
2023-11-25,0,0,0,0,2023,0.04618388671120255,0
2023-11-26,0,0,0,0,2023,0.044909717497750586,0
2023-11-27,0,0,0,0,2023,0.0435292378264317,0
2023-11-28,0,0,0,0,2023,0.04231674053594989,0
2023-11-29,0,0,0,0,2023,0.0410175269156706,0
2023-11-30,0,0,0,0,2023,0.039672307849309835,0
2023-12-01,0,0,0,0,2023,0.03807474559147948,0
2023-12-02,0,0,0,0,2023,0.03743399779231536,0
2023-12-03,0,0,0,0,2023,0.036935471355797875,0
2023-12-04,0,0,0,0,2023,0.03645749986764919,0
2023-12-05,0,0,0,0,2023,0.03605752082598476,0
2023-12-06,0,0,0,0,2023,0.035722732379383275,0
2023-12-07,0,0,0,0,2023,0.03519083681447617,0
2023-12-08,0,0,0,0,2023,0.03480333134325483,0
2023-12-09,0,0,0,0,2023,0.034489440237442014,0
2023-12-10,0,0,0,0,2023,0.03400994499388648,0
2023-12-11,0,0,0,0,2023,0.03358840636765932,0
2023-12-12,0,0,0,0,2023,0.033155381796470804,0
2023-12-13,0,0,0,0,2023,0.032860552899092184,0
2023-12-14,0,0,0,0,2023,0.03256149567522134,0
2023-12-15,0,0,0,0,2023,0.03221460830997208,0
2023-12-16,0,0,0,0,2023,0.03192723423940723,0
2023-12-17,0,0,0,0,2023,0.031645167320775026,0
2023-12-18,0,0,0,0,2023,0.03543591577758528,0
2023-12-19,0,0,0,0,2023,0.03179971859309704,0
2023-12-20,0,0,0,0,2023,0.030946217516973323,0
2023-12-22,0,0,0,0,2023,0.03115601667748971,0
2023-12-23,0,0,0,0,2023,0.031071180029541644,0
2023-12-24,0,0,0,0,2023,0.034334220535333033,0
2023-12-26,0,0,0,0,2023,0.031150188441618827,0
2023-12-27,0,0,0,0,2023,0.02950470269939037,0
2023-12-28,0,0,0,0,2023,0.027569589715245136,0
2023-12-29,0,0,0,0,2023,0.028173637807821342,0
2023-12-30,0,0,0,0,2023,0.026223401884420017,0
2023-12-31,0,0,0,0,2023,0.025213078770663713,0
